CustomerID,Age,Region,TenureMonths,ContractType,InternetType,MonthlyUsageGB,MonthlyChargeEGP,NumServices,SupportCalls6M,LatePayments12M,PaperlessBilling,AutoPay,SatisfactionScore,Future12MRevenueEGP,Churn
CUST-00001,22,Alexandria,23,Month-to-month,DSL,317.9,580.48,5,5,0,Yes,Yes,5.0,6287.08,Yes
CUST-00002,59,Upper Egypt,9,Month-to-month,4G/5G,359.3,434.36,1,1,1,No,Yes,4.0,4619.91,No
CUST-00003,52,Giza,21,Month-to-month,DSL,176.9,391.35,3,5,1,Yes,Yes,5.0,4512.25,No
CUST-00004,41,Giza,12,Month-to-month,DSL,312.5,420.4,3,2,1,No,Yes,5.0,3809.65,No
CUST-00005,40,Delta,21,Month-to-month,4G/5G,191.6,462.73,3,4,0,No,Yes,3.0,4731.09,No
CUST-00006,63,Giza,14,One year,4G/5G,283.6,444.27,3,2,0,No,Yes,4.0,5089.9,No
CUST-00007,22,Delta,21,Month-to-month,Fiber,348.0,420.33,1,2,3,Yes,Yes,2.0,3920.17,Yes
CUST-00008,54,Giza,54,One year,Fiber,158.5,440.98,4,2,0,Yes,No,3.0,6792.27,No
CUST-00009,28,Cairo,37,Two year,DSL,63.0,247.01,1,3,0,Yes,Yes,4.0,3994.31,No
CUST-00010,22,Delta,19,One year,4G/5G,396.3,354.51,1,0,1,Yes,No,4.0,3973.85,No
CUST-00011,45,Cairo,49,Month-to-month,DSL,273.9,487.28,4,0,0,Yes,No,4.0,5012.26,Yes
CUST-00012,69,Cairo,28,One year,Fiber,220.4,594.01,6,2,1,Yes,No,5.0,6977.46,No
CUST-00013,56,Alexandria,47,Month-to-month,DSL,215.4,520.8,5,2,1,Yes,Yes,3.0,5305.41,Yes
CUST-00014,58,Delta,6,Month-to-month,Fiber,41.3,470.19,3,1,1,Yes,No,5.0,4045.24,No
CUST-00015,56,Upper Egypt,9,Month-to-month,Fiber,248.8,466.77,3,3,1,Yes,Yes,4.0,4779.61,No
CUST-00016,59,Cairo,25,Two year,Fiber,182.2,422.92,3,1,0,Yes,Yes,2.0,4610.16,No
CUST-00017,45,Cairo,19,One year,Fiber,234.7,427.18,1,2,0,Yes,Yes,3.0,4400.93,No
CUST-00018,24,Upper Egypt,21,Two year,DSL,232.7,523.67,4,2,0,Yes,No,4.0,7861.11,No
CUST-00019,62,Cairo,32,One year,Fiber,228.7,322.12,1,2,2,Yes,Yes,3.0,3671.12,No
CUST-00020,41,Cairo,25,Month-to-month,Fiber,274.1,593.56,5,4,0,No,Yes,2.0,6482.5,No
CUST-00021,44,Cairo,39,Two year,DSL,247.0,389.23,3,3,0,Yes,No,2.0,4848.02,No
CUST-00022,37,Alexandria,38,Two year,Fiber,259.1,485.22,3,9,0,No,Yes,3.0,5539.92,No
CUST-00023,27,Upper Egypt,10,Month-to-month,Fiber,213.5,482.87,3,1,1,No,No,3.0,4236.89,No
CUST-00024,67,Delta,2,Two year,Fiber,234.4,289.17,1,3,1,Yes,Yes,5.0,5128.5,No
CUST-00025,59,Delta,9,Two year,Fiber,245.6,389.24,2,3,2,Yes,No,1.0,4147.87,Yes
CUST-00026,52,Cairo,8,Month-to-month,DSL,254.7,440.58,2,2,2,No,Yes,4.0,5083.23,No
CUST-00027,39,Giza,22,Month-to-month,Fiber,272.8,685.07,6,4,4,No,Yes,4.0,6597.64,Yes
CUST-00028,61,Giza,22,Month-to-month,Fiber,255.4,459.55,1,0,1,Yes,Yes,2.0,4525.36,No
CUST-00029,46,Cairo,18,One year,Fiber,396.5,501.52,1,3,1,No,Yes,3.0,5550.31,No
CUST-00030,41,Cairo,29,Month-to-month,Fiber,164.7,395.39,2,1,3,No,Yes,3.0,3380.26,Yes
CUST-00031,41,Cairo,72,Month-to-month,Fiber,196.3,463.22,3,4,3,No,Yes,3.0,4889.6,No
CUST-00032,30,Cairo,18,One year,Fiber,382.4,658.46,4,4,0,Yes,Yes,4.0,8431.1,No
CUST-00033,22,Alexandria,26,Two year,Fiber,216.1,528.84,3,2,0,Yes,Yes,4.0,7138.23,Yes
CUST-00034,47,Delta,21,Two year,Fiber,313.8,633.57,4,1,0,Yes,Yes,3.0,8584.76,Yes
CUST-00035,65,Cairo,13,One year,4G/5G,242.2,511.29,4,2,0,Yes,Yes,2.0,5800.84,No
CUST-00036,21,Giza,32,Month-to-month,Fiber,209.5,437.45,2,3,0,Yes,No,4.0,5552.43,No
CUST-00037,63,Delta,17,Month-to-month,Fiber,318.8,402.07,1,3,0,Yes,Yes,3.0,4195.78,No
CUST-00038,61,Delta,11,One year,DSL,276.7,542.19,5,2,1,No,No,3.0,7225.84,No
CUST-00039,32,Delta,12,Month-to-month,Fiber,91.9,567.23,6,2,1,Yes,Yes,4.0,5154.9,No
CUST-00040,51,Giza,40,One year,4G/5G,245.6,344.22,1,2,0,Yes,Yes,3.0,4302.55,No
CUST-00041,26,Delta,31,Two year,Fiber,140.4,614.57,6,2,2,Yes,Yes,4.0,8426.99,No
CUST-00042,58,Cairo,14,One year,Fiber,344.4,675.64,6,5,1,No,Yes,5.0,8055.16,No
CUST-00043,55,Giza,29,One year,4G/5G,387.8,665.89,5,3,1,No,No,4.0,8109.17,No
CUST-00044,36,Cairo,21,One year,Fiber,398.7,533.93,4,6,1,Yes,Yes,5.0,5987.69,No
CUST-00045,21,Giza,26,Two year,Fiber,262.2,523.19,3,2,1,Yes,No,4.0,6696.89,No
CUST-00046,69,Giza,13,Month-to-month,DSL,188.5,405.92,4,3,0,Yes,No,4.0,3790.53,No
CUST-00047,41,Cairo,9,Month-to-month,4G/5G,259.0,306.77,1,1,1,Yes,Yes,4.0,3097.9,No
CUST-00048,65,Delta,17,Month-to-month,Fiber,145.4,363.34,2,3,3,No,No,4.0,3421.12,No
CUST-00049,53,Cairo,10,One year,DSL,441.1,523.51,3,2,1,No,Yes,4.0,5937.15,No
CUST-00050,59,Cairo,9,Month-to-month,Fiber,337.5,464.08,4,2,2,Yes,No,4.0,4793.32,Yes
CUST-00051,58,Cairo,6,Month-to-month,DSL,257.4,382.09,2,2,0,Yes,Yes,2.0,3287.07,No
CUST-00052,28,Giza,2,One year,Fiber,319.7,529.0,3,0,2,Yes,Yes,2.0,4969.97,No
CUST-00053,37,Cairo,15,Month-to-month,DSL,185.7,457.22,5,1,3,Yes,Yes,4.0,4117.41,Yes
CUST-00054,42,Giza,45,One year,Fiber,130.3,629.53,6,2,5,Yes,No,2.0,7954.67,No
CUST-00055,44,Cairo,38,Month-to-month,DSL,30.8,384.98,5,3,2,Yes,Yes,4.0,4142.85,No
CUST-00056,20,Delta,60,Month-to-month,Fiber,237.5,382.83,1,1,1,No,No,5.0,3802.51,No
CUST-00057,46,Upper Egypt,9,Month-to-month,DSL,211.3,396.48,4,3,3,Yes,No,3.0,3896.29,Yes
CUST-00058,26,Giza,33,Month-to-month,DSL,276.7,547.93,3,0,2,Yes,Yes,5.0,5433.24,No
CUST-00059,57,Alexandria,19,Two year,4G/5G,231.2,555.22,4,3,2,Yes,No,4.0,7318.63,No
CUST-00060,54,Upper Egypt,12,Two year,4G/5G,272.6,592.16,5,0,0,No,Yes,4.0,8166.52,No
CUST-00061,66,Upper Egypt,41,One year,Fiber,303.0,412.6,2,6,0,No,No,4.0,5266.26,No
CUST-00062,57,Alexandria,19,One year,DSL,98.6,407.31,4,1,3,No,Yes,3.0,4683.68,No
CUST-00063,37,Upper Egypt,4,One year,Fiber,308.2,674.24,6,2,1,Yes,No,2.0,8354.31,Yes
CUST-00064,69,Upper Egypt,37,Two year,4G/5G,193.4,506.8,4,0,1,Yes,No,2.0,6812.71,No
CUST-00065,39,Delta,28,Month-to-month,DSL,276.6,512.02,4,2,0,No,Yes,3.0,5260.2,No
CUST-00066,35,Giza,23,Month-to-month,Fiber,322.0,704.73,6,3,2,No,No,5.0,6930.25,No
CUST-00067,65,Cairo,8,One year,Fiber,322.6,436.42,1,2,1,Yes,No,2.0,4768.18,No
CUST-00068,37,Cairo,25,Two year,4G/5G,241.6,447.48,3,1,1,Yes,No,2.0,5209.0,No
CUST-00069,22,Giza,55,Month-to-month,4G/5G,246.1,477.34,3,0,1,Yes,No,3.0,5184.58,No
CUST-00070,42,Giza,27,Month-to-month,4G/5G,310.3,337.82,1,5,2,Yes,No,3.0,3911.43,No
CUST-00071,60,Giza,5,Month-to-month,DSL,94.9,307.57,3,0,2,Yes,Yes,4.0,3216.36,No
CUST-00072,28,Alexandria,28,Month-to-month,Fiber,144.4,726.49,6,3,0,Yes,No,3.0,7434.61,No
CUST-00073,42,Alexandria,27,One year,4G/5G,204.9,575.73,5,4,2,Yes,No,3.0,6270.04,No
CUST-00074,24,Delta,35,Month-to-month,DSL,110.0,361.15,1,3,0,Yes,Yes,3.0,3527.11,No
CUST-00075,54,Cairo,27,Two year,DSL,205.5,558.0,6,2,2,Yes,Yes,3.0,6561.98,No
CUST-00076,43,Cairo,9,One year,DSL,200.6,648.83,5,0,1,Yes,Yes,3.0,7391.5,No
CUST-00077,35,Delta,22,Month-to-month,DSL,237.8,589.76,6,1,2,Yes,No,3.0,6112.57,No
CUST-00078,30,Delta,17,One year,DSL,224.9,368.48,1,6,3,Yes,No,5.0,4027.64,No
CUST-00079,47,Upper Egypt,24,One year,DSL,228.7,620.78,6,1,0,Yes,No,3.0,7328.79,No
CUST-00080,53,Upper Egypt,42,Month-to-month,4G/5G,281.6,371.07,1,1,1,Yes,Yes,3.0,4139.3,No
CUST-00081,67,Upper Egypt,12,Month-to-month,4G/5G,223.6,333.63,1,2,2,Yes,Yes,4.0,3606.48,No
CUST-00082,41,Cairo,66,Two year,Fiber,200.0,453.9,3,4,2,Yes,Yes,4.0,5373.49,No
CUST-00083,26,Giza,28,Month-to-month,Fiber,225.7,654.69,5,3,0,Yes,No,1.0,6133.36,No
CUST-00084,62,Cairo,38,Month-to-month,DSL,227.3,580.89,6,4,4,Yes,No,4.0,5214.92,No
CUST-00085,51,Alexandria,34,Month-to-month,Fiber,456.7,604.22,4,4,0,No,No,4.0,5750.94,Yes
CUST-00086,55,Upper Egypt,28,Month-to-month,DSL,98.8,307.26,1,1,1,No,Yes,4.0,3063.63,No
CUST-00087,23,Giza,31,One year,4G/5G,146.6,663.51,6,1,1,Yes,No,3.0,6903.03,No
CUST-00088,34,Alexandria,1,Month-to-month,Fiber,133.4,423.87,2,3,1,Yes,No,4.0,4027.01,No
CUST-00089,58,Cairo,34,One year,Fiber,254.2,528.51,5,4,1,Yes,No,4.0,6367.3,No
CUST-00090,62,Cairo,10,Month-to-month,4G/5G,250.7,387.64,2,1,3,No,No,3.0,3148.93,No
CUST-00091,41,Cairo,20,Two year,4G/5G,178.4,486.41,4,4,2,Yes,Yes,4.0,6073.69,No
CUST-00092,60,Cairo,27,Month-to-month,Fiber,310.7,413.73,1,2,0,Yes,No,4.0,4336.31,No
CUST-00093,62,Upper Egypt,44,Two year,Fiber,263.3,742.55,6,4,0,Yes,Yes,3.0,9780.99,No
CUST-00094,38,Giza,10,Two year,Fiber,314.4,476.98,1,1,2,Yes,No,5.0,5467.17,No
CUST-00095,65,Delta,15,Month-to-month,Fiber,338.3,690.59,6,2,0,Yes,No,4.0,7174.02,Yes
CUST-00096,33,Delta,17,One year,DSL,38.2,643.17,6,3,0,Yes,No,2.0,7825.93,Yes
CUST-00097,30,Cairo,24,Month-to-month,Fiber,291.7,386.66,1,3,1,Yes,Yes,5.0,3705.06,No
CUST-00098,54,Cairo,17,Two year,Fiber,113.9,543.56,5,0,6,Yes,No,3.0,7263.67,No
CUST-00099,51,Delta,31,One year,DSL,252.4,365.85,3,3,2,Yes,Yes,4.0,4606.89,No
CUST-00100,25,Cairo,4,Month-to-month,DSL,223.4,274.15,2,1,0,No,No,4.0,3046.14,Yes
CUST-00101,62,Upper Egypt,19,Month-to-month,DSL,227.3,296.46,2,2,3,Yes,No,1.0,2957.27,Yes
CUST-00102,28,Cairo,58,Month-to-month,Fiber,121.6,451.95,2,2,3,Yes,Yes,4.0,4075.38,No
CUST-00103,60,Alexandria,17,One year,Fiber,322.7,733.43,6,2,1,Yes,No,3.0,8338.99,No
CUST-00104,18,Delta,28,One year,Fiber,228.7,289.67,1,2,1,Yes,No,3.0,3825.4,No
CUST-00105,60,Cairo,39,Month-to-month,4G/5G,297.5,483.56,3,1,1,No,No,3.0,4502.13,Yes
CUST-00106,59,Cairo,28,Month-to-month,Fiber,101.1,487.79,3,3,2,Yes,Yes,4.0,4667.07,No
CUST-00107,59,Upper Egypt,69,Month-to-month,DSL,228.4,304.95,3,1,3,Yes,No,3.0,3409.83,No
CUST-00108,53,Cairo,23,One year,DSL,392.4,521.58,2,0,0,No,No,5.0,6537.88,No
CUST-00109,42,Giza,32,Month-to-month,4G/5G,442.5,646.06,4,1,0,No,No,2.0,6376.52,No
CUST-00110,55,Giza,25,Month-to-month,Fiber,84.3,646.62,6,0,2,No,Yes,4.0,6325.5,No
CUST-00111,32,Cairo,51,Two year,Fiber,166.6,644.42,5,4,1,Yes,No,4.0,8438.65,No
CUST-00112,59,Delta,16,Month-to-month,4G/5G,183.0,267.24,2,0,1,Yes,Yes,4.0,3185.12,No
CUST-00113,47,Delta,72,One year,Fiber,433.0,722.5,6,2,1,No,No,4.0,9670.34,No
CUST-00114,42,Giza,13,Month-to-month,DSL,223.9,484.27,3,2,3,Yes,Yes,3.0,4669.5,No
CUST-00115,44,Delta,62,Month-to-month,Fiber,326.7,473.77,2,1,3,No,Yes,3.0,5261.37,No
CUST-00116,48,Cairo,9,One year,4G/5G,257.0,613.5,5,2,1,Yes,Yes,2.0,6828.73,No
CUST-00117,19,Cairo,33,Month-to-month,DSL,122.1,621.04,6,0,0,No,No,3.0,5911.2,No
CUST-00118,25,Alexandria,21,Month-to-month,Fiber,62.6,412.49,2,2,1,Yes,No,2.0,3671.26,No
CUST-00119,31,Upper Egypt,39,Two year,4G/5G,174.8,362.26,2,2,2,No,No,2.0,4262.73,No
CUST-00120,24,Cairo,29,Two year,DSL,438.5,638.3,5,2,2,No,Yes,5.0,8178.9,No
CUST-00121,41,Cairo,37,One year,DSL,253.2,334.31,3,2,1,No,Yes,2.0,4414.71,No
CUST-00122,53,Giza,9,Month-to-month,Fiber,324.9,665.43,5,5,4,No,Yes,5.0,6724.74,No
CUST-00123,52,Delta,5,Month-to-month,Fiber,102.4,485.13,3,4,0,No,No,2.0,4496.44,Yes
CUST-00124,42,Cairo,8,Month-to-month,DSL,200.7,304.58,1,1,0,Yes,Yes,2.0,2905.1,Yes
CUST-00125,63,Giza,7,Two year,Fiber,300.1,582.92,3,2,1,Yes,No,2.0,7368.93,No
CUST-00126,47,Delta,9,One year,4G/5G,131.8,595.41,6,0,0,No,Yes,2.0,7026.53,No
CUST-00127,22,Giza,13,Month-to-month,Fiber,224.2,663.29,6,2,1,No,No,4.0,6757.46,No
CUST-00128,58,Cairo,13,Two year,DSL,150.8,488.09,3,0,0,Yes,Yes,4.0,6296.75,No
CUST-00129,48,Cairo,22,Month-to-month,Fiber,304.4,577.98,5,4,1,Yes,Yes,3.0,5569.73,No
CUST-00130,51,Giza,11,One year,DSL,265.9,397.6,1,4,0,No,Yes,5.0,5549.5,No
CUST-00131,47,Giza,12,Month-to-month,Fiber,291.5,532.98,2,2,0,Yes,Yes,3.0,5163.37,No
CUST-00132,47,Upper Egypt,18,Month-to-month,Fiber,308.4,678.68,5,0,1,Yes,Yes,4.0,6403.89,No
CUST-00133,22,Alexandria,42,Two year,Fiber,209.5,352.37,1,2,1,Yes,No,3.0,4709.03,No
CUST-00134,47,Delta,15,Two year,DSL,320.3,580.56,5,3,3,No,No,3.0,7295.54,No
CUST-00135,60,Upper Egypt,21,Month-to-month,Fiber,176.9,592.99,6,6,0,Yes,Yes,3.0,5202.0,Yes
CUST-00136,34,Giza,23,Month-to-month,4G/5G,286.3,332.88,1,2,0,Yes,No,4.0,3351.13,No
CUST-00137,49,Giza,10,One year,Fiber,52.6,487.22,4,3,0,Yes,Yes,4.0,6054.86,No
CUST-00138,19,Upper Egypt,17,Month-to-month,DSL,162.8,343.28,3,0,2,Yes,No,5.0,4400.08,No
CUST-00139,36,Cairo,12,One year,DSL,438.4,538.77,4,3,0,No,Yes,3.0,6139.3,No
CUST-00140,41,Delta,40,One year,Fiber,285.0,617.69,6,0,2,Yes,Yes,4.0,7631.69,No
CUST-00141,70,Delta,38,Month-to-month,Fiber,285.0,439.22,1,3,2,Yes,No,4.0,4501.73,No
CUST-00142,29,Cairo,11,Month-to-month,Fiber,155.8,664.14,5,4,1,Yes,Yes,4.0,7013.36,Yes
CUST-00143,32,Giza,20,Month-to-month,DSL,131.5,445.81,2,2,2,Yes,Yes,3.0,4034.29,Yes
CUST-00144,39,Cairo,32,Two year,4G/5G,206.2,441.52,4,3,3,No,No,2.0,6026.55,No
CUST-00145,70,Cairo,27,Month-to-month,Fiber,224.0,442.92,3,3,0,No,No,4.0,5231.7,Yes
CUST-00146,63,Giza,29,One year,DSL,402.3,535.13,4,1,1,Yes,No,4.0,7051.3,No
CUST-00147,19,Cairo,10,Month-to-month,DSL,321.7,607.48,5,1,2,Yes,No,3.0,6418.31,Yes
CUST-00148,30,Delta,60,One year,DSL,239.8,471.07,4,1,0,No,Yes,4.0,6019.51,No
CUST-00149,61,Upper Egypt,13,Month-to-month,DSL,235.9,478.91,3,4,1,Yes,No,5.0,5110.85,No
CUST-00150,21,Delta,13,Month-to-month,4G/5G,298.2,568.86,4,1,0,Yes,No,3.0,5440.76,No
CUST-00151,63,Cairo,7,One year,DSL,111.3,336.34,4,0,1,No,Yes,2.0,2888.56,No
CUST-00152,32,Cairo,19,One year,4G/5G,57.1,286.01,1,4,3,No,Yes,2.0,3296.32,No
CUST-00153,66,Cairo,45,Month-to-month,Fiber,296.9,510.94,4,6,3,Yes,No,3.0,4875.0,Yes
CUST-00154,33,Cairo,27,Month-to-month,4G/5G,236.5,430.04,3,2,0,Yes,No,3.0,4833.53,Yes
CUST-00155,41,Upper Egypt,20,Two year,4G/5G,111.9,281.12,1,2,0,Yes,Yes,3.0,4236.27,No
CUST-00156,53,Giza,36,Month-to-month,4G/5G,228.7,482.77,4,3,0,No,No,3.0,4460.71,Yes
CUST-00157,24,Cairo,45,Month-to-month,Fiber,310.4,582.58,4,2,0,Yes,Yes,3.0,6970.59,No
CUST-00158,47,Delta,38,Month-to-month,Fiber,183.1,525.15,5,2,0,Yes,Yes,4.0,5600.11,No
CUST-00159,44,Giza,3,Month-to-month,Fiber,266.0,627.58,3,3,1,Yes,No,3.0,5451.3,Yes
CUST-00160,59,Cairo,36,One year,DSL,206.3,475.43,5,2,0,Yes,Yes,5.0,5428.03,No
CUST-00161,70,Cairo,30,One year,Fiber,226.9,458.25,2,1,2,Yes,Yes,4.0,4459.07,No
CUST-00162,53,Alexandria,11,Month-to-month,DSL,176.7,495.02,4,1,0,No,No,4.0,5352.04,Yes
CUST-00163,39,Delta,30,One year,Fiber,228.7,670.18,6,2,3,Yes,Yes,3.0,7412.53,No
CUST-00164,39,Cairo,45,Month-to-month,Fiber,281.9,523.87,4,2,2,Yes,No,3.0,4790.25,No
CUST-00165,40,Upper Egypt,14,One year,Fiber,205.2,546.9,5,1,2,Yes,No,4.0,6069.21,No
CUST-00166,61,Delta,39,Month-to-month,Fiber,200.0,521.27,3,2,0,Yes,No,3.0,5178.82,No
CUST-00167,35,Delta,27,Month-to-month,Fiber,284.7,686.78,5,1,2,Yes,No,3.0,6862.31,Yes
CUST-00168,26,Cairo,1,One year,4G/5G,290.7,643.69,6,3,1,Yes,No,3.0,6665.77,No
CUST-00169,35,Cairo,21,Month-to-month,DSL,127.6,477.14,6,6,1,Yes,No,3.0,4229.63,No
CUST-00170,19,Upper Egypt,26,Month-to-month,4G/5G,227.4,623.08,6,3,5,Yes,No,2.0,5831.25,No
CUST-00171,23,Cairo,17,Month-to-month,4G/5G,182.9,468.9,2,2,1,Yes,Yes,5.0,4506.6,No
CUST-00172,22,Alexandria,28,One year,Fiber,231.2,608.63,6,1,0,Yes,No,1.0,7347.4,No
CUST-00173,58,Delta,19,Month-to-month,DSL,359.1,455.07,3,2,1,No,Yes,2.0,4190.58,Yes
CUST-00174,56,Cairo,72,One year,DSL,262.3,603.96,6,3,1,No,Yes,4.0,8101.34,No
CUST-00175,54,Delta,16,One year,Fiber,424.8,522.36,1,4,1,Yes,No,3.0,6206.16,No
CUST-00176,42,Upper Egypt,11,One year,DSL,249.8,566.88,6,3,1,Yes,Yes,3.0,7141.17,No
CUST-00177,56,Delta,38,Month-to-month,DSL,215.0,389.43,2,2,2,Yes,Yes,4.0,4188.03,No
CUST-00178,26,Giza,18,One year,DSL,228.2,444.32,2,3,1,Yes,No,5.0,5662.2,No
CUST-00179,65,Upper Egypt,20,Month-to-month,DSL,242.8,401.87,4,1,0,No,Yes,3.0,3762.93,No
CUST-00180,44,Alexandria,19,Two year,Fiber,259.1,492.42,4,4,1,Yes,No,4.0,6985.73,No
CUST-00181,67,Delta,37,One year,4G/5G,140.7,309.41,1,3,2,Yes,No,2.0,3732.2,No
CUST-00182,26,Delta,9,Month-to-month,Fiber,209.0,599.43,4,3,1,Yes,No,3.0,5366.47,Yes
CUST-00183,44,Delta,39,One year,4G/5G,228.7,562.02,5,1,0,No,Yes,4.0,5905.05,No
CUST-00184,54,Cairo,31,Month-to-month,Fiber,322.7,592.53,3,2,1,Yes,Yes,5.0,6064.08,No
CUST-00185,44,Cairo,66,Month-to-month,DSL,56.7,319.01,4,3,1,Yes,Yes,2.0,4054.44,No
CUST-00186,41,Cairo,25,Month-to-month,DSL,228.7,612.87,6,3,1,Yes,No,2.0,5513.25,No
CUST-00187,26,Giza,9,One year,Fiber,93.4,234.99,2,3,0,Yes,Yes,4.0,2592.28,No
CUST-00188,38,Giza,25,One year,Fiber,268.9,531.25,2,0,3,Yes,Yes,4.0,5995.15,No
CUST-00189,30,Alexandria,27,Two year,Fiber,194.1,715.23,6,0,0,Yes,Yes,3.0,9796.6,No
CUST-00190,33,Giza,48,Month-to-month,DSL,66.5,233.28,1,2,1,Yes,No,2.0,1656.96,No
CUST-00191,54,Delta,9,One year,4G/5G,314.8,308.68,2,2,1,Yes,Yes,3.0,3374.28,No
CUST-00192,51,Upper Egypt,5,One year,Fiber,10.0,348.39,2,3,0,Yes,Yes,4.0,3822.25,No
CUST-00193,50,Cairo,25,One year,DSL,227.2,593.81,5,2,1,No,Yes,3.0,7216.1,No
CUST-00194,37,Delta,68,Month-to-month,4G/5G,292.2,394.88,1,0,2,No,Yes,5.0,4171.84,No
CUST-00195,68,Alexandria,34,Month-to-month,Fiber,353.9,647.25,3,3,3,Yes,No,3.0,6012.32,Yes
CUST-00196,22,Alexandria,36,One year,4G/5G,85.1,387.1,3,0,2,No,Yes,4.0,4585.46,No
CUST-00197,36,Cairo,7,Month-to-month,Fiber,183.6,482.48,1,1,1,No,Yes,4.0,5124.17,No
CUST-00198,24,Delta,22,Month-to-month,Fiber,327.5,314.29,1,4,1,No,Yes,3.0,3696.47,Yes
CUST-00199,35,Upper Egypt,49,Month-to-month,Fiber,333.6,496.06,3,4,3,Yes,No,4.0,5369.18,No
CUST-00200,68,Delta,27,Month-to-month,Fiber,345.3,360.99,1,2,1,Yes,No,2.0,3832.78,No
CUST-00201,37,Upper Egypt,5,Month-to-month,DSL,460.5,716.52,6,3,1,Yes,No,3.0,7494.42,No
CUST-00202,66,Upper Egypt,22,Month-to-month,4G/5G,184.2,374.39,3,1,1,Yes,No,3.0,3335.1,Yes
CUST-00203,44,Giza,33,One year,Fiber,263.5,456.52,1,2,1,Yes,Yes,4.0,5709.05,No
CUST-00204,55,Alexandria,20,Two year,4G/5G,198.9,539.33,4,3,1,Yes,No,4.0,8107.72,No
CUST-00205,42,Giza,10,Month-to-month,Fiber,52.2,550.78,5,0,0,No,No,3.0,4618.74,Yes
CUST-00206,32,Upper Egypt,39,Month-to-month,Fiber,221.9,544.08,4,1,3,No,No,2.0,4907.19,Yes
CUST-00207,58,Cairo,16,One year,4G/5G,50.5,387.24,4,1,2,Yes,Yes,4.0,4101.9,No
CUST-00208,69,Giza,29,Month-to-month,4G/5G,183.1,363.58,1,1,2,Yes,No,2.0,3638.05,No
CUST-00209,31,Upper Egypt,22,Two year,DSL,97.9,455.05,5,4,2,Yes,No,5.0,6636.1,No
CUST-00210,59,Cairo,15,One year,Fiber,269.5,720.29,6,2,1,No,Yes,3.0,8581.7,No
CUST-00211,31,Delta,72,Month-to-month,Fiber,159.9,553.79,3,1,0,Yes,Yes,2.0,5605.65,Yes
CUST-00212,55,Giza,14,Month-to-month,Fiber,69.3,309.97,1,2,0,No,No,2.0,3376.83,No
CUST-00213,59,Upper Egypt,23,Month-to-month,4G/5G,307.9,505.24,2,1,3,No,Yes,4.0,4733.68,Yes
CUST-00214,41,Upper Egypt,22,One year,Fiber,175.7,542.81,4,2,0,Yes,Yes,4.0,6640.3,No
CUST-00215,57,Cairo,25,Month-to-month,DSL,191.1,496.05,4,1,1,No,No,3.0,5186.39,No
CUST-00216,32,Delta,69,Two year,Fiber,142.0,556.85,6,6,2,Yes,Yes,3.0,8123.25,No
CUST-00217,22,Giza,33,One year,DSL,333.4,424.53,3,1,3,Yes,Yes,2.0,5015.94,Yes
CUST-00218,23,Alexandria,15,Two year,Fiber,254.3,633.89,6,1,0,No,Yes,3.0,8323.85,No
CUST-00219,41,Alexandria,56,Two year,DSL,174.8,421.06,2,1,2,Yes,No,5.0,6650.75,No
CUST-00220,65,Delta,37,Month-to-month,DSL,57.7,393.24,4,2,0,Yes,Yes,5.0,3385.5,No
CUST-00221,24,Cairo,15,Month-to-month,4G/5G,228.7,633.42,4,3,2,Yes,No,3.0,6002.41,Yes
CUST-00222,42,Cairo,50,Two year,4G/5G,408.1,466.51,2,6,0,Yes,Yes,4.0,6058.46,No
CUST-00223,55,Delta,7,Month-to-month,DSL,359.9,452.72,3,3,0,Yes,Yes,4.0,4485.16,Yes
CUST-00224,28,Alexandria,8,Month-to-month,Fiber,166.7,502.98,5,5,1,Yes,Yes,2.0,5079.68,Yes
CUST-00225,56,Giza,4,Month-to-month,4G/5G,184.9,390.86,4,1,1,Yes,Yes,2.0,4179.72,No
CUST-00226,34,Cairo,2,Month-to-month,4G/5G,266.1,508.06,4,2,0,Yes,Yes,1.0,4611.29,No
CUST-00227,60,Giza,48,Two year,4G/5G,149.6,466.99,4,2,0,Yes,Yes,4.0,6689.18,No
CUST-00228,48,Upper Egypt,25,Month-to-month,DSL,141.0,450.82,5,3,1,Yes,Yes,5.0,4240.75,No
CUST-00229,46,Cairo,5,One year,Fiber,361.3,720.85,6,2,1,Yes,Yes,5.0,7880.01,No
CUST-00230,27,Giza,21,Two year,4G/5G,225.0,564.11,3,5,2,No,No,4.0,7296.93,No
CUST-00231,42,Upper Egypt,40,Month-to-month,Fiber,129.2,541.8,3,2,1,Yes,No,3.0,5312.92,No
CUST-00232,63,Cairo,12,One year,Fiber,315.7,694.65,6,1,1,Yes,Yes,3.0,8706.36,No
CUST-00233,19,Delta,17,Month-to-month,Fiber,178.3,479.35,3,0,2,No,Yes,5.0,5729.5,No
CUST-00234,58,Cairo,72,Month-to-month,DSL,51.9,553.31,6,3,0,Yes,Yes,4.0,5585.09,No
CUST-00235,44,Upper Egypt,18,Month-to-month,Fiber,228.7,635.49,6,0,1,Yes,Yes,4.0,5443.04,No
CUST-00236,56,Delta,5,Month-to-month,DSL,183.5,548.43,5,3,0,Yes,Yes,2.0,4703.08,No
CUST-00237,53,Upper Egypt,14,Month-to-month,DSL,249.8,553.39,5,2,0,Yes,No,4.0,5193.65,No
CUST-00238,40,Cairo,5,Month-to-month,DSL,245.5,596.75,6,1,2,Yes,Yes,3.0,5743.83,Yes
CUST-00239,34,Alexandria,35,Month-to-month,Fiber,340.5,446.83,2,1,0,No,No,4.0,4559.75,No
CUST-00240,51,Delta,10,Month-to-month,4G/5G,208.7,466.81,3,3,1,Yes,No,4.0,4153.03,No
CUST-00241,25,Cairo,10,One year,Fiber,188.1,409.65,4,1,0,No,Yes,2.0,5634.62,No
CUST-00242,48,Cairo,72,Month-to-month,Fiber,342.1,497.13,2,2,1,No,Yes,3.0,5451.45,No
CUST-00243,23,Cairo,8,One year,Fiber,318.1,469.77,4,3,1,Yes,Yes,3.0,6270.57,No
CUST-00244,52,Upper Egypt,6,Two year,Fiber,210.8,557.3,4,2,2,No,No,3.0,6214.57,No
CUST-00245,51,Delta,9,One year,DSL,256.3,431.15,4,0,0,Yes,No,4.0,5641.06,No
CUST-00246,22,Alexandria,41,One year,Fiber,187.2,604.02,4,1,1,No,Yes,3.0,7091.28,No
CUST-00247,58,Delta,32,One year,4G/5G,125.4,310.16,1,3,1,Yes,Yes,2.0,3542.26,No
CUST-00248,40,Alexandria,14,One year,Fiber,427.8,570.23,3,1,0,Yes,Yes,4.0,6833.17,No
CUST-00249,59,Giza,13,Two year,4G/5G,181.2,623.78,6,3,1,Yes,Yes,4.0,7755.05,No
CUST-00250,20,Giza,30,Two year,DSL,256.5,327.56,2,2,1,Yes,No,4.0,4393.63,No
CUST-00251,27,Alexandria,26,Month-to-month,Fiber,93.6,504.88,3,2,2,No,Yes,1.0,5161.56,No
CUST-00252,44,Cairo,19,One year,DSL,228.7,538.33,4,3,2,Yes,Yes,5.0,5484.04,No
CUST-00253,27,Upper Egypt,32,One year,Fiber,121.5,478.47,4,4,2,No,No,3.0,6270.95,No
CUST-00254,35,Delta,8,Month-to-month,4G/5G,381.0,399.17,2,2,0,Yes,Yes,5.0,4352.83,No
CUST-00255,53,Giza,11,Month-to-month,4G/5G,391.8,383.33,1,1,0,No,Yes,4.0,3913.34,No
CUST-00256,25,Alexandria,34,One year,DSL,280.9,540.82,5,1,0,Yes,Yes,3.0,6931.51,No
CUST-00257,53,Cairo,27,One year,Fiber,240.3,491.67,4,2,0,Yes,No,4.0,6244.74,No
CUST-00258,23,Upper Egypt,22,Month-to-month,4G/5G,213.1,585.86,6,4,1,Yes,No,4.0,5597.72,No
CUST-00259,27,Upper Egypt,72,Month-to-month,DSL,225.7,548.24,6,3,1,No,No,3.0,5283.73,No
CUST-00260,49,Upper Egypt,37,Month-to-month,DSL,266.8,310.27,1,0,0,No,Yes,3.0,4003.95,No
CUST-00261,60,Giza,14,One year,Fiber,238.1,484.79,3,1,2,Yes,No,5.0,5072.81,No
CUST-00262,27,Cairo,11,Two year,Fiber,318.4,662.82,5,1,1,No,Yes,3.0,8378.38,No
CUST-00263,33,Cairo,28,Two year,DSL,147.4,332.71,2,3,0,Yes,Yes,3.0,3897.57,Yes
CUST-00264,67,Cairo,48,Month-to-month,DSL,367.5,436.77,2,2,1,Yes,Yes,3.0,4687.71,No
CUST-00265,70,Cairo,4,Month-to-month,4G/5G,192.0,341.63,1,2,1,Yes,Yes,3.0,3314.0,Yes
CUST-00266,48,Cairo,27,One year,DSL,162.9,436.17,4,2,0,Yes,Yes,3.0,4732.72,No
CUST-00267,41,Upper Egypt,17,One year,DSL,262.6,467.41,3,1,0,Yes,No,5.0,5366.29,No
CUST-00268,36,Cairo,25,Month-to-month,DSL,268.4,446.07,6,3,1,Yes,No,5.0,4620.18,No
CUST-00269,50,Cairo,6,Month-to-month,4G/5G,73.7,538.27,6,3,0,Yes,No,4.0,5516.52,No
CUST-00270,49,Delta,48,Month-to-month,Fiber,186.7,334.56,1,4,0,Yes,Yes,3.0,2739.75,No
CUST-00271,33,Alexandria,56,One year,4G/5G,34.5,549.68,6,2,0,Yes,Yes,3.0,6402.96,No
CUST-00272,19,Delta,35,One year,Fiber,169.2,324.4,1,2,5,Yes,No,3.0,3646.46,No
CUST-00273,26,Alexandria,64,Month-to-month,DSL,173.1,535.95,5,1,2,Yes,Yes,5.0,6080.94,No
CUST-00274,68,Upper Egypt,16,Two year,4G/5G,256.8,667.47,6,3,1,Yes,Yes,4.0,9007.65,No
CUST-00275,40,Alexandria,26,One year,4G/5G,159.1,349.34,3,2,1,Yes,Yes,4.0,4085.79,No
CUST-00276,43,Alexandria,35,Two year,Fiber,180.4,375.85,1,2,1,Yes,No,4.0,5535.16,No
CUST-00277,42,Delta,29,Month-to-month,DSL,347.3,281.54,1,1,1,No,Yes,3.0,2778.47,No
CUST-00278,59,Giza,18,Month-to-month,Fiber,415.8,589.38,3,1,2,Yes,No,4.0,4321.49,No
CUST-00279,21,Giza,19,Two year,Fiber,147.1,600.25,6,1,1,Yes,Yes,2.0,8294.46,No
CUST-00280,22,Giza,53,Two year,4G/5G,321.7,443.03,3,0,0,No,Yes,5.0,6399.92,No
CUST-00281,32,Cairo,21,Two year,4G/5G,264.9,371.59,3,2,0,No,No,3.0,5067.05,No
CUST-00282,43,Delta,46,One year,Fiber,73.5,317.86,1,1,2,Yes,Yes,3.0,3859.2,No
CUST-00283,53,Cairo,21,Month-to-month,4G/5G,158.8,416.65,4,4,1,No,Yes,4.0,4361.08,No
CUST-00284,44,Cairo,46,Month-to-month,Fiber,10.0,272.2,2,2,2,Yes,No,3.0,2821.12,Yes
CUST-00285,41,Cairo,23,Month-to-month,4G/5G,228.7,583.69,5,2,1,Yes,Yes,3.0,5588.27,No
CUST-00286,67,Delta,33,Two year,4G/5G,133.1,578.88,5,5,0,Yes,Yes,1.0,7175.55,No
CUST-00287,26,Giza,13,Month-to-month,4G/5G,242.1,588.68,5,2,3,Yes,Yes,3.0,5549.64,No
CUST-00288,48,Delta,26,One year,4G/5G,461.4,516.62,4,3,0,No,Yes,4.0,5880.93,No
CUST-00289,46,Delta,13,Two year,4G/5G,373.4,554.36,4,2,2,Yes,Yes,3.0,6509.33,No
CUST-00290,43,Cairo,16,Two year,Fiber,161.0,428.6,3,1,1,Yes,No,4.0,5770.33,No
CUST-00291,60,Delta,17,Two year,Fiber,139.2,560.4,5,2,0,Yes,No,3.0,7759.77,No
CUST-00292,32,Cairo,19,One year,Fiber,228.7,664.52,5,3,0,Yes,Yes,5.0,7632.55,No
CUST-00293,68,Cairo,42,Month-to-month,4G/5G,139.6,338.99,2,2,2,Yes,Yes,3.0,3142.9,No
CUST-00294,35,Delta,15,Two year,Fiber,319.2,450.14,2,2,5,Yes,Yes,3.0,4669.59,No
CUST-00295,46,Upper Egypt,24,Month-to-month,4G/5G,476.2,619.69,5,1,2,No,No,2.0,5288.0,Yes
CUST-00296,45,Cairo,46,Month-to-month,Fiber,290.8,549.16,3,2,0,Yes,Yes,3.0,5034.87,No
CUST-00297,63,Alexandria,33,Two year,4G/5G,336.6,475.02,2,2,2,Yes,No,3.0,6571.71,No
CUST-00298,41,Cairo,4,One year,DSL,326.1,588.39,6,2,1,Yes,Yes,5.0,6175.7,No
CUST-00299,33,Alexandria,6,Month-to-month,4G/5G,179.9,639.86,6,3,1,Yes,Yes,3.0,6365.76,Yes
CUST-00300,19,Alexandria,29,Month-to-month,4G/5G,256.1,493.84,5,2,2,Yes,Yes,3.0,4688.01,Yes
CUST-00301,37,Alexandria,15,Month-to-month,Fiber,143.9,450.28,3,2,3,Yes,No,3.0,4501.99,Yes
CUST-00302,61,Alexandria,5,Two year,DSL,346.1,442.06,4,6,1,Yes,Yes,4.0,6286.74,No
CUST-00303,18,Cairo,14,One year,Fiber,132.3,558.04,6,4,0,Yes,No,5.0,6751.18,No
CUST-00304,65,Delta,30,Month-to-month,4G/5G,293.1,456.26,4,1,2,No,Yes,1.0,4810.8,Yes
CUST-00305,46,Alexandria,17,One year,4G/5G,331.9,565.04,5,6,2,Yes,Yes,3.0,7196.08,No
CUST-00306,25,Delta,23,Two year,Fiber,185.8,674.67,6,1,0,Yes,Yes,5.0,9540.76,No
CUST-00307,34,Cairo,18,Two year,Fiber,165.1,573.43,5,3,0,Yes,Yes,3.0,7183.95,No
CUST-00308,47,Giza,12,Month-to-month,Fiber,214.7,509.48,4,1,1,No,No,4.0,4162.5,Yes
CUST-00309,34,Giza,26,One year,Fiber,149.7,452.34,3,3,2,No,No,5.0,5376.17,No
CUST-00310,23,Cairo,4,Month-to-month,4G/5G,244.1,344.65,3,1,0,Yes,Yes,3.0,3566.22,No
CUST-00311,53,Cairo,11,Month-to-month,Fiber,147.5,602.49,5,0,2,No,Yes,3.0,4855.27,Yes
CUST-00312,53,Giza,37,Month-to-month,4G/5G,154.0,299.9,3,1,1,Yes,Yes,4.0,3239.52,No
CUST-00313,24,Delta,6,Month-to-month,4G/5G,279.2,377.21,2,1,1,Yes,Yes,4.0,2622.92,No
CUST-00314,32,Cairo,22,One year,4G/5G,285.6,414.18,2,1,3,Yes,Yes,3.0,5417.59,No
CUST-00315,30,Delta,16,Month-to-month,DSL,203.6,486.87,4,2,1,Yes,No,4.0,5071.91,No
CUST-00316,52,Alexandria,15,Month-to-month,Fiber,228.7,614.24,6,3,1,Yes,Yes,5.0,5756.17,Yes
CUST-00317,56,Delta,40,Month-to-month,4G/5G,335.4,489.72,3,2,1,Yes,Yes,3.0,4980.81,No
CUST-00318,56,Giza,45,Month-to-month,DSL,189.6,537.23,4,5,1,Yes,No,4.0,5586.02,No
CUST-00319,67,Giza,9,One year,4G/5G,415.6,578.75,2,3,0,No,No,4.0,7110.59,Yes
CUST-00320,58,Alexandria,19,Month-to-month,Fiber,218.1,488.26,3,1,2,No,Yes,3.0,4736.34,No
CUST-00321,34,Upper Egypt,3,Month-to-month,Fiber,242.2,491.54,3,2,2,Yes,Yes,5.0,5241.05,No
CUST-00322,23,Giza,38,Two year,4G/5G,191.1,428.85,3,0,3,Yes,Yes,2.0,4831.5,No
CUST-00323,50,Alexandria,21,Month-to-month,4G/5G,251.9,592.13,6,4,1,Yes,Yes,3.0,5729.18,Yes
CUST-00324,66,Alexandria,5,Two year,Fiber,542.9,796.97,6,5,0,Yes,No,4.0,11095.19,No
CUST-00325,69,Delta,11,One year,DSL,198.6,420.4,2,0,0,No,No,2.0,4798.83,No
CUST-00326,30,Cairo,8,One year,Fiber,344.9,399.09,3,3,2,Yes,Yes,4.0,4770.37,No
CUST-00327,30,Giza,11,One year,DSL,238.2,301.17,1,6,0,No,Yes,4.0,3324.32,No
CUST-00328,19,Giza,3,Month-to-month,Fiber,335.6,724.42,5,3,3,Yes,No,5.0,7866.13,No
CUST-00329,25,Upper Egypt,53,Two year,Fiber,56.1,557.95,5,2,1,Yes,Yes,4.0,7576.64,No
CUST-00330,47,Giza,9,Two year,Fiber,405.0,746.67,6,2,1,Yes,No,3.0,8937.07,No
CUST-00331,46,Giza,22,Month-to-month,Fiber,228.7,471.01,4,4,3,No,No,4.0,5029.35,No
CUST-00332,37,Upper Egypt,29,One year,Fiber,205.9,686.86,6,1,2,Yes,Yes,4.0,7529.83,No
CUST-00333,34,Giza,45,Month-to-month,Fiber,311.3,468.8,1,4,1,Yes,No,5.0,5220.63,No
CUST-00334,61,Cairo,22,Two year,Fiber,243.0,508.32,3,3,0,Yes,Yes,4.0,7237.3,No
CUST-00335,42,Cairo,18,One year,DSL,126.7,342.09,3,2,0,Yes,Yes,3.0,5100.75,No
CUST-00336,60,Cairo,23,Month-to-month,DSL,11.9,468.88,5,4,0,Yes,Yes,3.0,4844.44,No
CUST-00337,69,Cairo,9,Two year,DSL,394.3,367.77,2,2,1,No,No,4.0,4876.74,No
CUST-00338,34,Giza,9,Two year,Fiber,209.9,365.42,2,2,2,Yes,Yes,2.0,3653.31,No
CUST-00339,28,Delta,17,One year,Fiber,174.8,405.56,1,3,1,Yes,Yes,3.0,4594.16,No
CUST-00340,68,Delta,2,Month-to-month,4G/5G,181.8,659.37,6,0,1,Yes,Yes,2.0,5920.24,Yes
CUST-00341,51,Cairo,13,One year,4G/5G,361.8,461.64,3,4,4,Yes,No,3.0,5030.97,Yes
CUST-00342,33,Alexandria,15,One year,4G/5G,185.9,261.55,1,2,6,No,No,4.0,2511.19,No
CUST-00343,50,Cairo,70,Month-to-month,4G/5G,288.0,371.16,2,3,1,Yes,Yes,4.0,4397.81,No
CUST-00344,45,Upper Egypt,49,Two year,DSL,199.9,471.83,4,3,2,No,Yes,3.0,5921.59,No
CUST-00345,65,Cairo,29,One year,4G/5G,117.1,345.45,3,2,2,Yes,Yes,3.0,4295.72,No
CUST-00346,31,Alexandria,39,Two year,Fiber,311.1,648.83,4,1,1,No,No,3.0,8380.47,No
CUST-00347,70,Giza,9,One year,4G/5G,329.3,354.55,1,4,0,Yes,Yes,4.0,4084.13,No
CUST-00348,67,Alexandria,24,Month-to-month,4G/5G,168.9,614.31,6,1,2,No,No,2.0,5508.86,Yes
CUST-00349,27,Giza,36,Two year,4G/5G,226.6,520.23,5,1,1,Yes,No,2.0,6837.35,No
CUST-00350,26,Delta,9,One year,Fiber,238.7,472.84,2,1,1,Yes,No,2.0,6055.45,No
CUST-00351,46,Cairo,6,Month-to-month,Fiber,270.1,544.25,3,1,1,Yes,Yes,3.0,4935.27,Yes
CUST-00352,20,Upper Egypt,27,Month-to-month,Fiber,407.4,357.54,1,4,1,Yes,No,3.0,3642.95,Yes
CUST-00353,33,Giza,6,Month-to-month,Fiber,200.9,333.94,1,5,2,No,Yes,2.0,3333.43,No
CUST-00354,41,Delta,31,One year,4G/5G,200.3,597.5,6,3,1,Yes,No,4.0,7105.86,Yes
CUST-00355,69,Delta,45,Month-to-month,DSL,214.2,272.52,1,5,0,No,Yes,5.0,2383.69,No
CUST-00356,70,Upper Egypt,10,Two year,Fiber,145.2,508.11,3,2,0,Yes,No,4.0,6926.81,No
CUST-00357,26,Cairo,10,Two year,DSL,75.0,490.66,6,2,0,Yes,Yes,3.0,5735.51,No
CUST-00358,65,Cairo,44,One year,Fiber,242.0,481.29,2,1,3,Yes,No,4.0,4997.31,No
CUST-00359,22,Cairo,23,Month-to-month,DSL,277.5,572.09,5,3,2,Yes,No,3.0,4922.64,No
CUST-00360,57,Cairo,40,One year,Fiber,230.2,376.55,1,2,1,Yes,No,3.0,4514.64,Yes
CUST-00361,62,Alexandria,18,Month-to-month,DSL,224.4,621.85,6,1,2,No,Yes,5.0,5676.93,No
CUST-00362,65,Upper Egypt,19,Two year,DSL,149.1,467.08,6,1,1,Yes,No,5.0,5578.18,No
CUST-00363,29,Upper Egypt,22,Month-to-month,DSL,252.7,587.64,6,2,3,Yes,Yes,2.0,5641.29,No
CUST-00364,65,Alexandria,61,Two year,4G/5G,245.3,470.63,4,3,3,Yes,No,5.0,6266.29,No
CUST-00365,24,Alexandria,38,Month-to-month,Fiber,272.7,667.76,6,4,0,Yes,No,3.0,7021.19,No
CUST-00366,45,Delta,12,Month-to-month,DSL,259.1,512.65,5,1,1,No,No,3.0,4670.15,No
CUST-00367,42,Upper Egypt,25,Two year,Fiber,265.4,509.17,3,0,0,No,Yes,4.0,6770.8,No
CUST-00368,34,Cairo,17,Month-to-month,DSL,348.7,628.02,6,3,0,Yes,No,5.0,6723.45,No
CUST-00369,19,Alexandria,15,Two year,DSL,281.5,389.6,2,2,2,Yes,Yes,4.0,4466.2,No
CUST-00370,58,Delta,31,Two year,DSL,273.3,608.65,6,2,0,Yes,Yes,4.0,7773.21,No
CUST-00371,35,Cairo,27,Month-to-month,4G/5G,73.2,589.34,6,3,2,Yes,No,4.0,6217.99,No
CUST-00372,53,Giza,10,Month-to-month,Fiber,324.8,459.2,3,3,1,Yes,Yes,5.0,4656.91,No
CUST-00373,39,Upper Egypt,22,One year,4G/5G,203.2,415.23,2,2,2,No,Yes,4.0,4846.02,No
CUST-00374,37,Upper Egypt,14,Two year,Fiber,237.1,301.91,1,4,2,Yes,No,4.0,4020.52,No
CUST-00375,64,Upper Egypt,29,Two year,DSL,115.4,275.18,4,0,0,No,Yes,3.0,4369.57,No
CUST-00376,23,Delta,14,Month-to-month,4G/5G,418.1,742.36,5,0,0,Yes,No,2.0,7167.65,No
CUST-00377,57,Cairo,19,One year,DSL,10.0,337.16,4,2,2,No,Yes,5.0,4118.71,No
CUST-00378,57,Giza,15,Month-to-month,4G/5G,363.9,533.65,4,2,1,No,No,2.0,5122.44,No
CUST-00379,38,Alexandria,4,One year,4G/5G,268.3,254.44,1,0,0,No,Yes,3.0,2402.86,No
CUST-00380,31,Alexandria,59,One year,Fiber,58.5,292.24,1,3,2,Yes,No,3.0,3857.69,No
CUST-00381,18,Giza,22,Two year,4G/5G,413.3,478.42,2,2,1,Yes,No,3.0,5851.15,No
CUST-00382,67,Alexandria,61,Month-to-month,4G/5G,276.2,648.32,6,2,2,Yes,No,3.0,5845.32,No
CUST-00383,68,Giza,23,Month-to-month,Fiber,17.8,400.37,4,3,0,Yes,Yes,4.0,3396.58,Yes
CUST-00384,30,Delta,35,Month-to-month,Fiber,192.0,453.55,3,3,3,Yes,No,4.0,3747.79,No
CUST-00385,19,Giza,13,Month-to-month,Fiber,278.1,585.96,4,3,2,No,Yes,4.0,4648.4,No
CUST-00386,24,Giza,13,Month-to-month,4G/5G,384.2,524.11,3,6,0,Yes,Yes,4.0,4829.42,No
CUST-00387,21,Cairo,21,Two year,4G/5G,193.2,335.46,1,3,1,Yes,Yes,3.0,4235.92,No
CUST-00388,62,Cairo,60,Month-to-month,4G/5G,10.0,465.62,4,2,0,Yes,Yes,3.0,5375.8,No
CUST-00389,65,Delta,10,Month-to-month,Fiber,361.3,646.3,5,3,1,Yes,No,5.0,6426.73,Yes
CUST-00390,26,Giza,3,One year,Fiber,274.8,751.01,6,4,1,Yes,Yes,3.0,8740.49,No
CUST-00391,57,Cairo,43,Month-to-month,DSL,29.1,324.92,3,3,2,Yes,No,3.0,3872.01,No
CUST-00392,27,Delta,36,Month-to-month,Fiber,260.8,487.32,2,2,1,Yes,No,4.0,3678.25,No
CUST-00393,37,Alexandria,16,Two year,Fiber,270.4,712.9,6,1,0,No,Yes,3.0,9393.21,No
CUST-00394,49,Cairo,72,Month-to-month,Fiber,200.8,391.14,3,3,0,Yes,Yes,3.0,4402.79,No
CUST-00395,56,Cairo,72,Month-to-month,Fiber,155.5,378.36,1,0,2,No,Yes,3.0,4312.06,No
CUST-00396,64,Cairo,4,One year,Fiber,175.1,491.34,4,3,2,Yes,Yes,5.0,4953.98,No
CUST-00397,20,Alexandria,13,Month-to-month,4G/5G,200.7,275.79,1,3,2,Yes,Yes,4.0,2508.05,No
CUST-00398,28,Cairo,21,Month-to-month,Fiber,261.9,646.19,6,1,2,No,No,4.0,5854.38,No
CUST-00399,32,Cairo,29,Month-to-month,Fiber,301.0,638.25,5,2,2,No,No,2.0,5499.51,No
CUST-00400,34,Cairo,26,Month-to-month,DSL,36.7,257.87,3,6,2,Yes,Yes,4.0,3704.4,No
CUST-00401,70,Alexandria,22,Two year,4G/5G,253.0,517.63,4,5,0,Yes,Yes,3.0,6555.33,No
CUST-00402,59,Cairo,9,Month-to-month,4G/5G,273.9,457.12,3,0,2,Yes,No,3.0,4780.91,No
CUST-00403,34,Delta,31,Month-to-month,DSL,245.2,480.28,3,4,0,Yes,No,3.0,5208.03,No
CUST-00404,69,Cairo,33,Month-to-month,DSL,193.6,533.71,6,4,0,Yes,No,4.0,4832.43,No
CUST-00405,44,Alexandria,41,Two year,DSL,357.8,641.4,5,5,1,Yes,No,5.0,8273.33,No
CUST-00406,44,Giza,8,Month-to-month,DSL,351.0,539.65,4,0,0,Yes,Yes,2.0,5278.27,Yes
CUST-00407,40,Giza,18,Two year,DSL,197.0,568.03,6,3,1,No,No,3.0,7497.02,No
CUST-00408,25,Cairo,15,Month-to-month,DSL,222.5,374.61,1,2,1,No,Yes,4.0,3950.17,No
CUST-00409,67,Delta,8,Two year,Fiber,299.5,789.54,6,1,1,No,Yes,3.0,10822.33,No
CUST-00410,18,Upper Egypt,18,Month-to-month,Fiber,345.4,469.69,2,3,1,Yes,No,4.0,5115.94,Yes
CUST-00411,27,Cairo,9,Month-to-month,Fiber,156.6,368.8,2,1,0,Yes,Yes,3.0,4032.63,No
CUST-00412,30,Cairo,6,Month-to-month,Fiber,135.8,535.21,4,5,1,Yes,No,4.0,5695.34,No
CUST-00413,32,Upper Egypt,36,Month-to-month,Fiber,254.7,313.51,1,0,0,Yes,No,2.0,3883.2,No
CUST-00414,24,Alexandria,15,One year,DSL,128.9,307.42,3,1,1,No,No,4.0,3482.3,No
CUST-00415,18,Cairo,12,One year,DSL,55.0,422.76,3,2,0,Yes,Yes,1.0,4197.93,No
CUST-00416,53,Cairo,48,One year,Fiber,156.2,385.8,1,0,3,Yes,Yes,4.0,4338.79,No
CUST-00417,69,Alexandria,33,Month-to-month,Fiber,267.5,404.47,2,4,3,No,No,3.0,3272.68,No
CUST-00418,24,Delta,3,One year,Fiber,369.8,717.96,3,3,1,Yes,Yes,4.0,7891.26,No
CUST-00419,33,Alexandria,29,Month-to-month,DSL,166.2,207.14,1,3,2,No,Yes,4.0,2248.77,No
CUST-00420,44,Upper Egypt,29,Two year,Fiber,218.8,687.23,6,2,0,No,Yes,2.0,8632.64,No
CUST-00421,67,Giza,18,One year,Fiber,244.0,453.91,3,3,2,Yes,No,5.0,5701.76,No
CUST-00422,54,Cairo,17,One year,Fiber,171.6,678.18,5,0,1,Yes,No,4.0,8091.46,No
CUST-00423,58,Giza,5,Two year,DSL,164.6,308.33,2,4,2,Yes,No,4.0,4157.09,No
CUST-00424,48,Giza,72,One year,Fiber,260.1,543.2,4,4,0,Yes,No,3.0,6158.1,No
CUST-00425,40,Cairo,18,One year,DSL,122.2,166.97,1,0,1,No,No,4.0,1798.46,No
CUST-00426,28,Cairo,28,Month-to-month,DSL,160.9,450.7,2,4,0,Yes,Yes,2.0,3659.06,Yes
CUST-00427,63,Giza,19,One year,Fiber,211.8,521.48,5,1,1,No,Yes,4.0,6452.96,No
CUST-00428,60,Delta,12,Month-to-month,DSL,259.0,454.84,3,1,1,No,No,3.0,5322.26,No
CUST-00429,19,Cairo,38,Month-to-month,Fiber,93.6,605.84,6,0,1,Yes,No,5.0,6241.11,No
CUST-00430,55,Giza,24,One year,Fiber,218.2,622.6,6,4,2,Yes,Yes,4.0,7383.35,No
CUST-00431,22,Alexandria,18,Month-to-month,4G/5G,113.8,175.73,1,4,3,Yes,No,5.0,1595.61,No
CUST-00432,57,Alexandria,28,One year,Fiber,168.4,511.44,4,3,0,Yes,No,3.0,6051.63,No
CUST-00433,61,Delta,20,Month-to-month,4G/5G,301.0,574.43,5,3,2,Yes,Yes,4.0,6170.25,No
CUST-00434,24,Delta,63,Month-to-month,DSL,223.4,377.41,2,3,0,Yes,Yes,4.0,4208.36,No
CUST-00435,40,Delta,37,Two year,Fiber,380.2,832.48,6,6,0,Yes,Yes,2.0,11022.07,No
CUST-00436,24,Cairo,31,Month-to-month,Fiber,223.5,635.38,5,2,0,Yes,No,3.0,6927.5,No
CUST-00437,48,Giza,5,One year,4G/5G,317.1,477.8,2,3,0,Yes,Yes,5.0,6309.77,No
CUST-00438,67,Alexandria,32,One year,4G/5G,301.5,352.8,1,2,0,Yes,No,3.0,4394.1,No
CUST-00439,22,Cairo,31,Two year,4G/5G,228.8,379.72,3,2,0,Yes,Yes,3.0,5181.5,No
CUST-00440,39,Cairo,9,Month-to-month,Fiber,111.6,432.05,3,2,0,Yes,No,3.0,4155.1,Yes
CUST-00441,69,Cairo,5,One year,4G/5G,220.5,463.41,4,1,0,Yes,Yes,2.0,5636.76,No
CUST-00442,33,Giza,36,Month-to-month,Fiber,182.1,416.43,2,2,2,Yes,No,1.0,3771.75,Yes
CUST-00443,25,Giza,39,Month-to-month,Fiber,178.6,390.68,2,5,2,Yes,No,2.0,3969.3,No
CUST-00444,43,Cairo,13,Month-to-month,DSL,244.0,495.46,6,1,1,Yes,No,4.0,5389.7,No
CUST-00445,44,Delta,13,Month-to-month,4G/5G,99.5,637.51,6,0,1,Yes,Yes,4.0,5493.33,No
CUST-00446,53,Upper Egypt,24,Month-to-month,Fiber,151.4,564.77,5,1,1,Yes,No,5.0,4870.39,No
CUST-00447,34,Cairo,15,Month-to-month,DSL,138.9,364.64,3,3,0,Yes,No,3.0,3707.89,No
CUST-00448,68,Upper Egypt,5,Month-to-month,Fiber,207.1,422.94,3,1,1,Yes,No,2.0,4344.72,Yes
CUST-00449,45,Cairo,9,One year,Fiber,160.9,384.98,2,2,1,No,Yes,3.0,4656.69,No
CUST-00450,33,Upper Egypt,27,Month-to-month,Fiber,166.8,420.9,3,3,2,Yes,No,4.0,3649.67,No
CUST-00451,68,Upper Egypt,10,Month-to-month,4G/5G,242.2,446.36,4,0,2,Yes,Yes,4.0,4832.83,No
CUST-00452,67,Cairo,41,Month-to-month,Fiber,189.9,651.11,6,1,1,No,Yes,4.0,7378.09,No
CUST-00453,44,Delta,31,Month-to-month,DSL,230.4,501.78,5,2,1,No,No,4.0,4680.75,No
CUST-00454,19,Upper Egypt,28,One year,Fiber,129.6,440.42,2,3,2,Yes,Yes,4.0,4901.64,Yes
CUST-00455,49,Upper Egypt,24,Two year,DSL,155.4,534.25,6,2,1,Yes,Yes,4.0,7018.95,No
CUST-00456,47,Upper Egypt,12,One year,Fiber,413.7,458.51,1,6,1,Yes,Yes,2.0,5235.4,No
CUST-00457,25,Alexandria,34,One year,Fiber,167.2,363.29,1,1,0,Yes,Yes,1.0,4889.35,No
CUST-00458,51,Cairo,12,Month-to-month,DSL,40.4,531.52,6,2,0,Yes,No,5.0,5562.69,No
CUST-00459,62,Delta,42,Two year,DSL,260.8,327.84,2,7,1,No,Yes,3.0,4310.19,No
CUST-00460,23,Alexandria,57,Month-to-month,4G/5G,166.3,642.64,6,1,0,No,Yes,4.0,6354.74,No
CUST-00461,56,Alexandria,24,Month-to-month,Fiber,251.9,325.84,1,8,0,Yes,No,1.0,2562.45,No
CUST-00462,25,Giza,52,Month-to-month,DSL,221.9,361.67,2,0,1,No,No,5.0,4561.53,No
CUST-00463,57,Alexandria,9,Month-to-month,4G/5G,279.5,514.93,5,0,1,No,Yes,5.0,5447.23,No
CUST-00464,40,Cairo,31,One year,Fiber,221.0,427.35,2,4,0,Yes,Yes,2.0,5094.82,No
CUST-00465,18,Delta,21,Month-to-month,4G/5G,209.6,548.65,4,3,0,No,No,4.0,5529.28,No
CUST-00466,69,Cairo,37,Month-to-month,4G/5G,333.3,632.21,5,2,0,Yes,No,4.0,6374.04,Yes
CUST-00467,26,Delta,3,Month-to-month,4G/5G,30.4,434.76,3,2,1,Yes,No,2.0,3349.86,Yes
CUST-00468,49,Delta,35,Two year,DSL,110.7,245.39,1,1,1,No,Yes,4.0,2817.93,Yes
CUST-00469,27,Giza,13,One year,DSL,155.7,549.17,5,2,0,Yes,Yes,5.0,6567.76,No
CUST-00470,67,Giza,22,Two year,DSL,77.6,376.43,4,0,0,Yes,No,4.0,5028.34,No
CUST-00471,57,Cairo,72,Two year,DSL,186.9,540.79,6,1,1,No,No,2.0,7163.61,No
CUST-00472,60,Upper Egypt,32,Two year,Fiber,228.7,549.78,5,2,2,No,No,2.0,7745.17,No
CUST-00473,40,Delta,29,Month-to-month,Fiber,317.7,682.48,5,0,1,Yes,Yes,3.0,6544.2,No
CUST-00474,42,Giza,27,Month-to-month,4G/5G,222.1,474.28,4,0,0,Yes,Yes,3.0,4470.99,Yes
CUST-00475,51,Cairo,45,Month-to-month,DSL,210.8,558.35,5,3,1,Yes,No,3.0,5614.99,No
CUST-00476,59,Cairo,38,Month-to-month,Fiber,195.8,492.12,3,0,2,No,No,3.0,4207.7,Yes
CUST-00477,62,Giza,27,One year,DSL,135.3,564.95,6,2,2,Yes,No,2.0,6537.64,Yes
CUST-00478,18,Upper Egypt,25,Month-to-month,4G/5G,310.2,545.86,5,4,2,Yes,Yes,4.0,5028.08,No
CUST-00479,53,Delta,24,Month-to-month,DSL,338.9,382.63,2,1,0,No,No,4.0,4122.65,No
CUST-00480,23,Cairo,21,One year,4G/5G,228.7,570.79,6,2,2,Yes,Yes,4.0,6582.44,No
CUST-00481,33,Delta,8,Month-to-month,Fiber,375.8,511.37,2,3,0,Yes,Yes,4.0,5082.73,No
CUST-00482,61,Giza,31,Month-to-month,4G/5G,169.6,495.04,5,1,0,Yes,Yes,3.0,5310.55,No
CUST-00483,31,Delta,14,Month-to-month,DSL,162.3,485.61,6,1,1,Yes,Yes,3.0,5085.74,No
CUST-00484,60,Cairo,19,One year,4G/5G,272.6,351.27,3,4,3,Yes,Yes,2.0,4832.21,No
CUST-00485,42,Alexandria,39,Month-to-month,Fiber,280.6,497.64,2,3,2,No,Yes,5.0,5365.36,No
CUST-00486,30,Upper Egypt,21,Month-to-month,Fiber,223.6,706.89,6,1,0,Yes,Yes,3.0,6851.23,No
CUST-00487,35,Cairo,20,Month-to-month,4G/5G,198.8,440.02,5,2,5,Yes,Yes,2.0,3593.95,Yes
CUST-00488,46,Delta,24,One year,Fiber,335.5,536.66,3,4,0,Yes,Yes,3.0,6569.57,No
CUST-00489,58,Upper Egypt,17,Month-to-month,Fiber,173.9,615.34,6,1,2,Yes,No,1.0,6382.24,Yes
CUST-00490,50,Cairo,72,Month-to-month,4G/5G,223.8,406.98,1,2,1,No,No,4.0,4774.71,Yes
CUST-00491,67,Cairo,67,Two year,DSL,382.4,518.76,4,2,3,Yes,Yes,4.0,6508.63,No
CUST-00492,63,Alexandria,66,Two year,4G/5G,109.7,381.67,2,4,1,Yes,No,3.0,5436.97,No
CUST-00493,57,Giza,27,Month-to-month,DSL,188.7,323.33,2,3,1,Yes,Yes,3.0,3401.24,No
CUST-00494,49,Cairo,13,Month-to-month,Fiber,322.3,449.67,3,1,2,Yes,Yes,4.0,4866.01,No
CUST-00495,33,Giza,40,Month-to-month,DSL,277.5,532.66,4,1,4,No,Yes,3.0,5161.29,No
CUST-00496,39,Delta,17,One year,DSL,310.5,452.29,2,2,3,Yes,No,1.0,5085.59,Yes
CUST-00497,24,Cairo,42,Month-to-month,4G/5G,110.9,392.37,4,1,0,Yes,Yes,5.0,3750.99,No
CUST-00498,37,Giza,13,Two year,DSL,258.9,601.22,5,2,2,Yes,No,3.0,7964.61,No
CUST-00499,67,Delta,29,Two year,Fiber,204.3,319.03,1,1,2,Yes,No,2.0,3460.76,No
CUST-00500,40,Alexandria,46,One year,Fiber,434.5,331.85,1,3,0,No,Yes,5.0,4413.62,No
CUST-00501,24,Delta,18,Month-to-month,DSL,302.8,555.68,5,3,1,Yes,No,5.0,5343.28,No
CUST-00502,52,Giza,18,Two year,4G/5G,228.0,479.53,3,4,3,Yes,Yes,3.0,5740.15,No
CUST-00503,69,Upper Egypt,6,One year,DSL,255.7,288.81,2,3,4,Yes,No,2.0,3309.97,No
CUST-00504,63,Alexandria,13,One year,4G/5G,234.9,510.2,6,3,0,Yes,No,3.0,6058.66,No
CUST-00505,32,Cairo,27,Month-to-month,4G/5G,292.9,449.09,3,1,3,No,Yes,3.0,3201.47,No
CUST-00506,42,Upper Egypt,30,One year,Fiber,152.9,318.54,1,3,1,Yes,Yes,5.0,3954.14,No
CUST-00507,46,Giza,33,One year,DSL,352.9,484.42,2,1,2,Yes,No,5.0,5654.5,No
CUST-00508,31,Cairo,4,Two year,DSL,110.8,427.76,4,1,4,Yes,Yes,4.0,5844.28,No
CUST-00509,32,Cairo,17,One year,Fiber,248.5,484.81,2,2,3,Yes,No,4.0,5014.6,No
CUST-00510,30,Delta,6,Month-to-month,DSL,155.8,565.74,6,1,1,Yes,Yes,3.0,6327.97,No
CUST-00511,70,Cairo,26,Month-to-month,DSL,233.9,560.14,4,2,0,Yes,Yes,3.0,5998.46,No
CUST-00512,57,Cairo,5,One year,4G/5G,318.9,327.15,1,4,1,Yes,Yes,2.0,3650.1,No
CUST-00513,62,Cairo,8,Two year,Fiber,75.9,429.0,3,3,0,No,Yes,4.0,5525.43,No
CUST-00514,61,Giza,37,One year,Fiber,214.7,400.3,3,1,2,Yes,No,4.0,4533.22,No
CUST-00515,68,Giza,14,Month-to-month,DSL,100.4,302.79,1,3,2,Yes,Yes,3.0,3087.8,Yes
CUST-00516,23,Alexandria,52,Month-to-month,4G/5G,204.9,394.12,1,2,2,Yes,No,5.0,3794.39,No
CUST-00517,64,Cairo,34,One year,DSL,100.2,306.07,1,3,1,Yes,Yes,3.0,3709.7,No
CUST-00518,21,Cairo,18,Two year,Fiber,244.6,601.08,5,2,0,Yes,Yes,4.0,7422.45,No
CUST-00519,43,Alexandria,41,Month-to-month,4G/5G,191.6,300.91,2,3,0,Yes,Yes,3.0,3582.23,No
CUST-00520,49,Giza,19,Month-to-month,Fiber,297.2,513.2,3,2,1,Yes,Yes,5.0,5274.81,No
CUST-00521,36,Alexandria,36,Two year,Fiber,340.6,387.14,1,2,0,No,No,4.0,5120.95,No
CUST-00522,25,Cairo,12,Month-to-month,Fiber,231.0,708.51,6,0,3,Yes,Yes,3.0,6522.87,No
CUST-00523,28,Cairo,43,Month-to-month,DSL,310.4,589.49,6,0,1,Yes,No,4.0,5640.86,Yes
CUST-00524,61,Cairo,5,Month-to-month,4G/5G,354.4,585.04,5,1,0,Yes,Yes,2.0,5801.93,No
CUST-00525,34,Giza,8,Month-to-month,Fiber,147.0,525.43,2,1,0,No,No,1.0,4473.28,No
CUST-00526,34,Giza,10,Month-to-month,4G/5G,359.1,600.44,4,1,0,No,Yes,3.0,6315.99,No
CUST-00527,66,Delta,14,One year,DSL,226.7,475.31,3,1,1,Yes,No,3.0,5649.52,No
CUST-00528,25,Giza,28,One year,4G/5G,141.9,555.77,6,3,1,Yes,Yes,4.0,6427.24,Yes
CUST-00529,66,Alexandria,22,One year,4G/5G,256.9,457.09,4,2,1,No,Yes,3.0,5670.41,No
CUST-00530,66,Alexandria,36,One year,4G/5G,223.5,398.61,1,2,0,Yes,No,3.0,5091.18,No
CUST-00531,49,Cairo,47,Month-to-month,Fiber,103.4,416.35,1,5,2,Yes,No,1.0,3541.46,Yes
CUST-00532,26,Giza,5,Month-to-month,Fiber,130.9,493.99,5,0,1,No,Yes,4.0,5457.04,No
CUST-00533,26,Giza,51,Month-to-month,4G/5G,377.4,589.93,5,3,2,Yes,No,4.0,4773.34,No
CUST-00534,33,Giza,19,Month-to-month,DSL,255.1,486.64,5,4,0,Yes,Yes,4.0,5460.27,No
CUST-00535,48,Cairo,65,One year,DSL,363.4,439.56,2,1,1,No,Yes,4.0,5429.77,No
CUST-00536,26,Delta,12,Month-to-month,4G/5G,192.5,607.9,5,4,0,No,No,5.0,6595.71,Yes
CUST-00537,42,Upper Egypt,3,One year,4G/5G,157.9,349.73,2,4,2,Yes,No,3.0,4648.11,No
CUST-00538,24,Cairo,34,Month-to-month,DSL,78.5,394.41,4,0,1,Yes,Yes,3.0,3809.36,No
CUST-00539,46,Alexandria,32,Month-to-month,4G/5G,317.1,322.88,2,2,2,Yes,No,4.0,3130.98,No
CUST-00540,19,Delta,9,Month-to-month,Fiber,267.0,343.96,1,1,0,No,No,4.0,3726.05,No
CUST-00541,55,Cairo,9,Month-to-month,4G/5G,193.3,631.36,5,4,3,No,No,4.0,5464.43,Yes
CUST-00542,20,Delta,38,One year,4G/5G,158.7,562.39,5,0,0,No,Yes,4.0,6704.47,No
CUST-00543,28,Alexandria,29,One year,Fiber,331.4,691.88,5,2,2,Yes,Yes,4.0,7882.0,No
CUST-00544,27,Upper Egypt,17,Month-to-month,Fiber,214.0,521.25,4,1,2,Yes,Yes,4.0,4470.16,No
CUST-00545,62,Upper Egypt,31,One year,4G/5G,215.0,486.69,4,1,1,Yes,Yes,4.0,5653.71,No
CUST-00546,20,Cairo,27,One year,DSL,175.9,507.88,5,3,0,Yes,No,2.0,6362.73,No
CUST-00547,40,Giza,10,Month-to-month,Fiber,193.3,551.3,4,5,3,Yes,Yes,3.0,5456.54,Yes
CUST-00548,49,Alexandria,40,Month-to-month,Fiber,279.5,751.9,6,4,0,Yes,Yes,5.0,7558.01,No
CUST-00549,45,Cairo,35,Month-to-month,Fiber,102.5,516.96,5,2,1,Yes,No,3.0,5181.78,No
CUST-00550,54,Giza,22,Month-to-month,Fiber,237.3,542.57,4,2,0,Yes,Yes,3.0,5291.53,No
CUST-00551,60,Upper Egypt,38,Two year,4G/5G,316.0,496.45,4,2,0,No,No,5.0,5993.11,No
CUST-00552,38,Cairo,70,Month-to-month,DSL,222.4,471.25,6,1,1,Yes,No,3.0,4443.41,No
CUST-00553,61,Giza,9,Month-to-month,DSL,324.9,559.06,4,2,1,No,No,3.0,5849.37,Yes
CUST-00554,34,Delta,18,One year,Fiber,350.7,524.36,1,6,0,Yes,Yes,5.0,6943.52,No
CUST-00555,70,Giza,19,Month-to-month,Fiber,311.3,730.4,6,3,1,Yes,Yes,3.0,6685.32,No
CUST-00556,44,Giza,37,One year,Fiber,181.6,376.69,1,2,1,Yes,Yes,3.0,5077.67,No
CUST-00557,57,Upper Egypt,13,Month-to-month,4G/5G,226.8,498.13,2,2,1,No,No,1.0,4167.16,Yes
CUST-00558,64,Giza,36,Month-to-month,4G/5G,261.1,434.46,2,4,0,Yes,No,3.0,4253.87,Yes
CUST-00559,60,Cairo,15,Month-to-month,Fiber,187.7,410.49,1,2,0,No,No,4.0,4183.68,No
CUST-00560,63,Cairo,8,Month-to-month,4G/5G,184.7,387.95,2,3,3,Yes,Yes,3.0,3488.26,Yes
CUST-00561,46,Upper Egypt,23,Month-to-month,Fiber,179.3,434.29,2,2,2,Yes,No,2.0,3828.46,Yes
CUST-00562,20,Cairo,14,One year,Fiber,458.9,627.08,4,4,1,No,Yes,3.0,7340.47,No
CUST-00563,44,Giza,25,One year,4G/5G,205.6,653.92,6,1,1,Yes,Yes,3.0,7990.63,No
CUST-00564,27,Cairo,29,One year,Fiber,326.2,413.93,2,2,0,Yes,Yes,3.0,4399.92,No
CUST-00565,65,Giza,5,Month-to-month,4G/5G,228.7,445.73,3,3,2,Yes,No,3.0,4293.79,No
CUST-00566,30,Upper Egypt,16,Two year,Fiber,383.2,613.68,5,4,1,Yes,No,5.0,8472.98,No
CUST-00567,30,Giza,23,Month-to-month,4G/5G,195.9,577.5,5,1,2,No,No,4.0,5454.62,Yes
CUST-00568,31,Upper Egypt,38,Two year,Fiber,234.8,790.89,6,3,3,No,Yes,2.0,9674.2,No
CUST-00569,52,Cairo,35,One year,Fiber,65.1,523.21,4,5,0,No,No,4.0,6013.97,No
CUST-00570,48,Giza,11,One year,Fiber,330.5,705.15,5,5,4,No,Yes,3.0,8749.29,No
CUST-00571,68,Delta,19,Month-to-month,4G/5G,228.7,712.63,6,1,0,Yes,No,5.0,7837.18,No
CUST-00572,40,Giza,30,One year,DSL,123.1,248.88,3,2,1,No,Yes,3.0,2964.65,No
CUST-00573,32,Cairo,18,One year,DSL,335.7,615.34,6,1,3,Yes,No,3.0,7502.11,No
CUST-00574,20,Delta,12,Month-to-month,Fiber,109.6,636.3,6,2,0,Yes,No,5.0,6179.0,Yes
CUST-00575,18,Giza,21,One year,Fiber,286.9,289.13,1,2,2,Yes,Yes,2.0,3256.34,Yes
CUST-00576,37,Alexandria,28,Month-to-month,Fiber,204.1,576.94,5,2,2,Yes,Yes,4.0,5183.17,No
CUST-00577,67,Upper Egypt,10,Month-to-month,4G/5G,350.3,548.74,4,3,2,Yes,Yes,4.0,4476.82,Yes
CUST-00578,45,Cairo,32,One year,Fiber,252.4,543.18,5,5,1,No,Yes,3.0,6166.05,No
CUST-00579,65,Cairo,24,Two year,Fiber,313.8,525.92,4,1,1,No,No,3.0,6632.27,Yes
CUST-00580,23,Cairo,33,Month-to-month,DSL,341.4,478.29,2,3,0,No,Yes,5.0,5233.72,No
CUST-00581,22,Giza,21,Month-to-month,DSL,203.8,210.5,3,2,1,No,No,4.0,2590.01,Yes
CUST-00582,62,Cairo,63,Month-to-month,Fiber,227.4,616.34,5,3,0,No,Yes,4.0,6348.75,No
CUST-00583,23,Delta,28,Month-to-month,Fiber,130.0,683.39,6,3,1,Yes,No,4.0,6310.56,No
CUST-00584,20,Cairo,36,Month-to-month,Fiber,203.0,370.65,1,0,2,Yes,No,4.0,3473.18,Yes
CUST-00585,39,Alexandria,32,Month-to-month,DSL,403.4,505.78,2,3,2,No,No,2.0,5570.1,Yes
CUST-00586,67,Cairo,19,One year,Fiber,298.0,439.74,2,4,1,Yes,Yes,2.0,5398.41,Yes
CUST-00587,54,Giza,26,Month-to-month,DSL,136.0,386.9,4,4,0,No,Yes,5.0,4791.63,No
CUST-00588,23,Giza,14,Month-to-month,Fiber,376.8,437.68,1,2,0,Yes,Yes,4.0,5286.29,No
CUST-00589,62,Delta,60,Month-to-month,4G/5G,265.0,609.72,6,3,2,Yes,No,4.0,5831.1,No
CUST-00590,62,Giza,30,Month-to-month,4G/5G,304.7,559.35,5,1,1,Yes,Yes,5.0,6054.6,No
CUST-00591,60,Giza,11,Month-to-month,Fiber,274.1,664.25,6,0,0,Yes,Yes,4.0,6026.4,No
CUST-00592,65,Delta,52,Month-to-month,Fiber,267.8,353.2,1,0,1,No,No,1.0,4010.9,No
CUST-00593,30,Alexandria,20,Month-to-month,Fiber,50.2,322.99,2,0,0,Yes,No,2.0,3655.75,No
CUST-00594,69,Cairo,39,Month-to-month,4G/5G,329.6,428.55,3,1,0,Yes,Yes,3.0,3494.88,No
CUST-00595,34,Upper Egypt,5,One year,DSL,27.1,473.21,5,1,2,No,Yes,4.0,5664.07,No
CUST-00596,60,Giza,46,Two year,DSL,321.4,452.2,4,0,2,Yes,No,5.0,5688.04,No
CUST-00597,48,Cairo,29,Month-to-month,Fiber,239.0,427.49,3,0,1,No,No,4.0,4213.15,No
CUST-00598,59,Giza,11,Month-to-month,Fiber,305.2,406.92,2,1,1,No,No,1.0,3546.9,Yes
CUST-00599,51,Cairo,29,Month-to-month,DSL,244.3,379.13,2,1,0,No,Yes,5.0,4502.21,No
CUST-00600,52,Cairo,57,Month-to-month,DSL,323.9,489.91,3,2,1,Yes,No,3.0,4703.0,No
CUST-00601,50,Delta,14,One year,4G/5G,231.5,604.26,5,2,1,No,Yes,5.0,6610.48,Yes
CUST-00602,59,Cairo,14,One year,4G/5G,255.3,638.79,6,6,0,No,Yes,4.0,7232.2,No
CUST-00603,57,Delta,19,Month-to-month,DSL,266.4,460.7,3,3,3,Yes,Yes,4.0,4330.59,No
CUST-00604,25,Upper Egypt,23,Month-to-month,DSL,399.1,643.64,6,3,1,Yes,Yes,3.0,6464.04,No
CUST-00605,61,Alexandria,41,Month-to-month,4G/5G,284.0,442.99,2,1,2,Yes,Yes,2.0,4849.5,No
CUST-00606,46,Delta,30,Month-to-month,4G/5G,111.5,596.58,6,2,1,No,Yes,2.0,6025.07,No
CUST-00607,35,Delta,19,Two year,4G/5G,179.2,282.98,1,1,0,Yes,Yes,3.0,4129.32,No
CUST-00608,45,Upper Egypt,27,Month-to-month,4G/5G,283.8,523.69,5,2,2,Yes,Yes,2.0,5329.07,No
CUST-00609,69,Giza,63,Month-to-month,Fiber,343.4,774.85,6,2,2,Yes,No,5.0,8135.42,No
CUST-00610,63,Cairo,34,Month-to-month,DSL,165.0,344.6,2,6,2,No,No,4.0,3980.44,Yes
CUST-00611,62,Giza,20,Month-to-month,DSL,431.6,661.85,5,0,1,Yes,No,5.0,7722.22,No
CUST-00612,42,Alexandria,19,Month-to-month,Fiber,245.8,327.91,1,3,2,Yes,No,3.0,3564.59,Yes
CUST-00613,59,Cairo,26,Month-to-month,DSL,267.9,574.48,6,2,1,Yes,No,3.0,5776.04,No
CUST-00614,38,Alexandria,41,Month-to-month,Fiber,117.1,373.8,3,2,0,No,Yes,4.0,3814.39,No
CUST-00615,54,Cairo,12,Month-to-month,Fiber,330.4,566.1,3,3,0,Yes,No,3.0,5738.15,No
CUST-00616,51,Upper Egypt,37,One year,Fiber,189.9,608.36,6,1,0,Yes,Yes,5.0,7966.52,No
CUST-00617,31,Cairo,20,Month-to-month,DSL,162.9,526.41,6,2,0,Yes,Yes,5.0,4878.93,No
CUST-00618,32,Cairo,22,Month-to-month,DSL,201.5,459.12,2,0,1,No,No,5.0,5273.74,No
CUST-00619,21,Cairo,72,Two year,DSL,354.4,666.34,6,3,0,Yes,Yes,5.0,8883.84,No
CUST-00620,25,Cairo,35,Month-to-month,Fiber,271.9,489.3,2,3,0,No,Yes,4.0,4970.51,No
CUST-00621,40,Cairo,15,Two year,DSL,150.0,430.88,5,4,1,Yes,No,3.0,5827.15,No
CUST-00622,43,Cairo,29,Two year,Fiber,182.3,482.1,5,0,1,Yes,Yes,5.0,6224.54,No
CUST-00623,26,Cairo,42,Month-to-month,Fiber,356.9,648.99,4,1,0,Yes,Yes,4.0,6811.03,No
CUST-00624,40,Cairo,35,Month-to-month,Fiber,208.7,416.09,4,4,1,Yes,No,3.0,3691.18,No
CUST-00625,50,Giza,3,Two year,4G/5G,280.4,443.98,3,2,2,Yes,No,3.0,5990.04,No
CUST-00626,30,Giza,22,Month-to-month,Fiber,302.5,475.3,3,0,0,Yes,No,3.0,4886.96,No
CUST-00627,35,Giza,30,Month-to-month,DSL,10.0,337.92,4,2,1,No,Yes,5.0,3611.25,No
CUST-00628,37,Giza,28,One year,4G/5G,343.8,636.39,6,1,2,No,No,4.0,7562.09,No
CUST-00629,44,Cairo,16,Month-to-month,Fiber,153.3,405.18,3,4,0,Yes,No,3.0,4103.46,No
CUST-00630,37,Cairo,35,Two year,4G/5G,197.5,428.19,4,2,1,Yes,No,3.0,5857.48,Yes
CUST-00631,57,Cairo,46,One year,Fiber,368.5,669.07,5,3,1,Yes,Yes,3.0,7823.89,No
CUST-00632,35,Delta,5,Two year,Fiber,360.2,765.53,6,0,1,No,Yes,2.0,9507.96,No
CUST-00633,40,Upper Egypt,5,One year,Fiber,274.4,578.76,6,2,0,Yes,Yes,4.0,6077.81,No
CUST-00634,38,Upper Egypt,29,One year,DSL,295.6,453.07,3,4,2,Yes,No,2.0,5829.8,No
CUST-00635,27,Giza,37,Month-to-month,4G/5G,318.0,680.62,6,4,2,Yes,Yes,4.0,6152.28,Yes
CUST-00636,54,Alexandria,14,Two year,DSL,358.7,490.87,3,1,3,Yes,No,3.0,6862.99,No
CUST-00637,30,Cairo,3,Two year,DSL,370.2,348.5,1,4,2,Yes,Yes,4.0,4375.18,No
CUST-00638,33,Delta,22,Two year,Fiber,239.7,353.24,1,3,2,Yes,Yes,3.0,5106.38,No
CUST-00639,60,Delta,29,One year,4G/5G,163.6,413.91,2,2,1,Yes,Yes,2.0,5342.85,No
CUST-00640,68,Delta,18,One year,DSL,207.0,427.12,3,3,1,No,No,5.0,5640.86,No
CUST-00641,53,Upper Egypt,43,Month-to-month,Fiber,241.4,392.56,3,2,3,Yes,No,3.0,3850.29,No
CUST-00642,66,Giza,28,Two year,4G/5G,225.2,383.43,2,0,2,Yes,Yes,4.0,4507.57,No
CUST-00643,63,Delta,13,Month-to-month,Fiber,138.9,405.83,2,1,4,Yes,Yes,5.0,3781.69,Yes
CUST-00644,43,Delta,14,Month-to-month,Fiber,269.3,337.18,1,4,2,Yes,Yes,3.0,3124.52,Yes
CUST-00645,58,Cairo,22,Month-to-month,Fiber,88.9,590.39,6,1,1,Yes,Yes,3.0,5730.1,No
CUST-00646,35,Upper Egypt,17,One year,Fiber,237.7,467.35,2,2,2,No,Yes,3.0,4844.3,No
CUST-00647,42,Cairo,4,One year,4G/5G,243.5,467.01,4,1,0,Yes,Yes,4.0,5479.04,No
CUST-00648,46,Upper Egypt,26,Month-to-month,DSL,240.4,434.16,3,0,0,Yes,Yes,3.0,3118.5,No
CUST-00649,68,Delta,14,Month-to-month,4G/5G,306.6,427.09,3,2,0,Yes,No,4.0,4252.4,No
CUST-00650,62,Cairo,16,Month-to-month,Fiber,294.7,393.96,2,1,0,Yes,Yes,3.0,4064.06,No
CUST-00651,43,Alexandria,9,Month-to-month,DSL,430.0,417.27,1,1,2,Yes,Yes,5.0,3798.81,No
CUST-00652,52,Cairo,58,Month-to-month,DSL,183.4,354.26,1,2,2,No,No,5.0,3684.35,No
CUST-00653,28,Delta,33,One year,DSL,255.1,471.85,5,2,2,Yes,Yes,4.0,5680.61,No
CUST-00654,60,Delta,67,Month-to-month,DSL,249.4,477.18,3,4,1,Yes,Yes,3.0,5397.15,No
CUST-00655,47,Alexandria,18,Month-to-month,DSL,245.1,587.44,6,3,3,No,Yes,3.0,6002.98,No
CUST-00656,46,Delta,35,Month-to-month,DSL,116.2,142.4,1,1,2,No,Yes,4.0,1685.31,No
CUST-00657,58,Cairo,26,Month-to-month,4G/5G,123.5,498.0,6,3,1,Yes,No,5.0,5078.08,Yes
CUST-00658,51,Cairo,13,Two year,Fiber,230.6,416.08,1,0,1,Yes,Yes,3.0,5557.45,No
CUST-00659,21,Giza,18,Month-to-month,Fiber,88.2,459.19,5,1,0,Yes,No,5.0,5597.97,No
CUST-00660,33,Cairo,33,Month-to-month,DSL,199.9,536.95,6,1,2,Yes,Yes,4.0,5536.51,No
CUST-00661,27,Giza,9,One year,Fiber,171.7,355.78,1,6,0,Yes,No,4.0,4495.48,Yes
CUST-00662,56,Cairo,43,Month-to-month,Fiber,203.2,506.85,3,2,2,Yes,No,4.0,5481.92,No
CUST-00663,19,Giza,25,Two year,4G/5G,331.9,666.28,6,2,2,No,Yes,3.0,8501.83,No
CUST-00664,28,Giza,39,Two year,Fiber,132.9,651.79,5,0,3,Yes,No,4.0,7965.34,No
CUST-00665,49,Upper Egypt,29,One year,Fiber,308.3,422.28,2,1,2,Yes,Yes,3.0,5154.92,No
CUST-00666,54,Cairo,5,Two year,DSL,178.6,348.29,2,3,0,Yes,Yes,5.0,4848.25,No
CUST-00667,44,Upper Egypt,22,Month-to-month,Fiber,189.8,502.02,3,5,0,No,No,5.0,5110.49,No
CUST-00668,63,Giza,44,Month-to-month,Fiber,271.9,547.51,3,3,3,Yes,Yes,3.0,5529.33,Yes
CUST-00669,66,Giza,24,Month-to-month,Fiber,205.3,485.84,2,3,1,Yes,No,5.0,4151.85,No
CUST-00670,25,Giza,22,Month-to-month,Fiber,149.7,328.0,1,2,2,No,No,5.0,3136.82,Yes
CUST-00671,68,Giza,24,Month-to-month,Fiber,196.7,515.57,3,3,0,Yes,No,4.0,4870.31,No
CUST-00672,50,Cairo,4,Month-to-month,4G/5G,70.1,340.72,3,5,3,No,No,3.0,2800.43,Yes
CUST-00673,51,Giza,46,Month-to-month,Fiber,264.3,446.16,2,1,2,Yes,No,3.0,4376.8,No
CUST-00674,23,Cairo,2,Month-to-month,Fiber,10.0,546.37,5,1,1,No,Yes,3.0,4854.5,No
CUST-00675,50,Giza,53,One year,DSL,309.9,446.42,2,3,2,Yes,No,5.0,6255.22,No
CUST-00676,56,Alexandria,17,Month-to-month,Fiber,285.4,709.8,6,1,0,Yes,Yes,3.0,7172.02,No
CUST-00677,48,Giza,30,Month-to-month,Fiber,374.1,442.15,1,4,0,Yes,Yes,3.0,4171.05,No
CUST-00678,22,Delta,4,Month-to-month,Fiber,426.4,617.66,4,2,0,No,Yes,2.0,5178.06,Yes
CUST-00679,45,Cairo,37,One year,Fiber,314.2,719.59,6,5,2,Yes,Yes,2.0,7999.39,No
CUST-00680,67,Upper Egypt,33,Month-to-month,Fiber,173.5,536.35,2,2,0,No,Yes,3.0,5276.86,No
CUST-00681,56,Delta,32,One year,Fiber,425.5,668.71,4,3,0,Yes,No,4.0,7737.28,No
CUST-00682,25,Upper Egypt,3,Month-to-month,4G/5G,122.5,542.55,5,1,1,No,Yes,2.0,6297.41,No
CUST-00683,68,Delta,12,Month-to-month,4G/5G,58.8,312.03,3,0,2,Yes,No,3.0,2276.25,No
CUST-00684,68,Cairo,29,Two year,4G/5G,396.7,524.31,4,1,1,Yes,No,2.0,6771.33,No
CUST-00685,26,Alexandria,46,Month-to-month,Fiber,284.1,550.15,4,0,0,Yes,No,5.0,5720.93,No
CUST-00686,60,Cairo,10,Month-to-month,4G/5G,61.2,438.3,3,2,3,Yes,No,4.0,4060.36,Yes
CUST-00687,39,Delta,11,Month-to-month,DSL,108.0,319.52,3,1,0,No,No,4.0,2493.03,Yes
CUST-00688,49,Alexandria,28,Month-to-month,Fiber,279.6,546.59,3,0,1,No,Yes,2.0,5296.82,Yes
CUST-00689,41,Cairo,72,Month-to-month,4G/5G,151.7,319.23,1,2,0,Yes,Yes,5.0,3829.18,No
CUST-00690,59,Upper Egypt,13,Month-to-month,4G/5G,164.6,447.09,3,3,1,No,Yes,4.0,4869.1,Yes
CUST-00691,70,Cairo,17,Month-to-month,Fiber,407.0,492.77,2,2,0,Yes,Yes,4.0,5234.81,No
CUST-00692,60,Alexandria,15,Two year,4G/5G,423.3,493.05,3,2,0,Yes,No,3.0,7016.52,No
CUST-00693,67,Delta,20,Month-to-month,Fiber,243.2,388.86,2,2,1,No,Yes,4.0,3038.96,No
CUST-00694,68,Cairo,48,Month-to-month,Fiber,216.5,575.89,4,6,1,Yes,No,4.0,5744.6,No
CUST-00695,22,Alexandria,21,Two year,Fiber,311.2,409.04,1,1,0,Yes,Yes,4.0,6656.9,No
CUST-00696,31,Delta,72,Month-to-month,Fiber,179.5,303.94,1,3,1,No,No,4.0,3901.96,No
CUST-00697,56,Cairo,24,Two year,4G/5G,29.3,333.4,2,1,1,Yes,Yes,5.0,3926.74,No
CUST-00698,49,Giza,51,Month-to-month,DSL,10.0,577.08,4,1,1,Yes,Yes,3.0,5836.14,No
CUST-00699,20,Cairo,18,One year,Fiber,223.4,423.8,2,4,2,No,No,4.0,4519.15,No
CUST-00700,23,Alexandria,8,Two year,4G/5G,309.4,573.54,3,2,1,Yes,Yes,3.0,7143.54,No
CUST-00701,45,Cairo,21,Month-to-month,4G/5G,231.4,200.76,1,2,2,Yes,No,1.0,2763.93,Yes
CUST-00702,50,Upper Egypt,32,One year,4G/5G,302.9,465.22,3,2,1,No,Yes,3.0,5979.06,No
CUST-00703,26,Upper Egypt,12,One year,4G/5G,311.9,536.03,3,2,2,Yes,No,3.0,5462.44,No
CUST-00704,27,Cairo,46,One year,4G/5G,354.7,445.66,2,4,2,Yes,No,4.0,5032.67,No
CUST-00705,24,Giza,15,Month-to-month,DSL,246.8,278.43,1,3,1,Yes,No,4.0,2901.43,No
CUST-00706,47,Alexandria,9,Month-to-month,Fiber,254.8,555.38,4,3,1,No,Yes,4.0,5344.42,Yes
CUST-00707,18,Delta,72,Month-to-month,4G/5G,226.7,450.32,2,1,2,Yes,No,5.0,4915.97,No
CUST-00708,48,Giza,11,Two year,Fiber,206.7,601.45,3,4,2,Yes,Yes,3.0,7252.66,No
CUST-00709,43,Cairo,15,Month-to-month,Fiber,88.5,607.24,5,5,0,Yes,Yes,1.0,5673.96,Yes
CUST-00710,42,Cairo,35,Month-to-month,Fiber,335.5,394.72,1,3,1,No,No,4.0,3735.9,No
CUST-00711,54,Upper Egypt,17,Two year,Fiber,195.5,576.47,5,2,0,Yes,Yes,3.0,7353.88,No
CUST-00712,45,Giza,10,Month-to-month,Fiber,190.3,389.92,3,2,0,Yes,No,2.0,4176.38,Yes
CUST-00713,56,Upper Egypt,14,One year,4G/5G,181.3,441.18,4,4,1,Yes,Yes,3.0,5320.02,No
CUST-00714,58,Giza,69,Month-to-month,DSL,109.4,253.03,1,1,1,Yes,Yes,3.0,2537.78,No
CUST-00715,66,Upper Egypt,33,One year,DSL,222.3,399.42,3,1,5,Yes,No,3.0,4919.94,No
CUST-00716,60,Cairo,37,Month-to-month,Fiber,276.5,444.03,3,0,0,Yes,No,5.0,5219.81,No
CUST-00717,45,Cairo,27,Month-to-month,DSL,166.5,384.38,2,2,0,Yes,No,4.0,4052.26,No
CUST-00718,44,Upper Egypt,30,Month-to-month,Fiber,323.4,606.04,4,1,0,Yes,No,3.0,5946.37,No
CUST-00719,30,Upper Egypt,16,Month-to-month,Fiber,196.8,499.55,4,3,4,Yes,Yes,5.0,5548.91,No
CUST-00720,49,Cairo,24,Month-to-month,DSL,92.1,373.11,3,0,1,No,No,3.0,4475.44,No
CUST-00721,25,Giza,3,Month-to-month,DSL,353.6,466.33,4,2,2,Yes,Yes,2.0,3658.12,Yes
CUST-00722,67,Giza,42,One year,Fiber,247.9,468.81,3,2,0,Yes,Yes,2.0,6195.65,No
CUST-00723,62,Giza,16,Month-to-month,Fiber,307.7,669.75,5,4,4,Yes,No,3.0,6964.53,Yes
CUST-00724,24,Cairo,8,Month-to-month,Fiber,309.8,493.64,2,4,5,Yes,Yes,2.0,4615.94,Yes
CUST-00725,59,Upper Egypt,25,Month-to-month,DSL,144.9,466.82,5,0,2,Yes,No,2.0,4244.3,No
CUST-00726,24,Cairo,19,Month-to-month,Fiber,183.0,491.68,3,5,2,Yes,Yes,3.0,4581.58,Yes
CUST-00727,56,Delta,41,One year,Fiber,323.1,578.68,4,1,1,Yes,Yes,5.0,7802.31,No
CUST-00728,22,Cairo,21,Month-to-month,4G/5G,395.2,350.32,1,1,0,No,No,5.0,4159.89,No
CUST-00729,43,Cairo,14,Two year,DSL,235.7,300.37,1,3,1,Yes,Yes,4.0,4284.83,No
CUST-00730,52,Alexandria,22,One year,Fiber,173.6,659.71,6,2,2,Yes,Yes,4.0,8641.3,No
CUST-00731,56,Giza,55,Two year,DSL,381.4,381.77,1,1,0,Yes,Yes,3.0,4826.08,No
CUST-00732,40,Alexandria,42,One year,Fiber,173.6,432.88,4,5,2,Yes,No,4.0,5172.0,No
CUST-00733,66,Cairo,33,Month-to-month,Fiber,259.6,512.79,3,0,1,No,Yes,5.0,5350.18,No
CUST-00734,59,Upper Egypt,43,Two year,DSL,191.5,459.17,4,1,1,Yes,Yes,4.0,6070.21,No
CUST-00735,29,Delta,34,One year,Fiber,254.2,287.2,1,7,1,No,Yes,3.0,2721.42,No
CUST-00736,53,Upper Egypt,11,One year,Fiber,144.9,360.62,2,0,1,Yes,No,3.0,4714.57,No
CUST-00737,56,Cairo,37,Month-to-month,4G/5G,196.3,466.63,3,3,2,Yes,No,3.0,4254.58,No
CUST-00738,35,Giza,46,Month-to-month,DSL,173.5,637.11,6,2,1,Yes,No,4.0,6067.25,No
CUST-00739,57,Giza,48,One year,4G/5G,289.6,384.82,3,3,0,Yes,Yes,3.0,4659.2,No
CUST-00740,65,Alexandria,9,Month-to-month,4G/5G,244.7,566.84,4,2,0,Yes,Yes,4.0,5567.05,No
CUST-00741,61,Cairo,15,One year,Fiber,309.2,474.08,4,2,2,Yes,No,4.0,5487.97,No
CUST-00742,58,Cairo,13,Month-to-month,DSL,155.7,466.02,3,2,0,No,Yes,4.0,5180.64,No
CUST-00743,51,Giza,18,Month-to-month,Fiber,211.2,582.14,5,1,0,Yes,Yes,2.0,6224.85,Yes
CUST-00744,32,Cairo,30,Month-to-month,DSL,286.3,509.47,5,4,1,Yes,No,3.0,4941.9,No
CUST-00745,60,Giza,25,Month-to-month,Fiber,307.3,541.27,3,5,1,No,Yes,3.0,5062.1,No
CUST-00746,37,Cairo,25,Month-to-month,Fiber,99.9,335.02,2,4,2,Yes,Yes,3.0,3242.97,Yes
CUST-00747,46,Cairo,7,One year,Fiber,258.6,476.64,2,2,1,No,Yes,3.0,5149.4,No
CUST-00748,34,Alexandria,15,One year,4G/5G,156.8,582.77,6,2,1,No,Yes,5.0,6935.87,No
CUST-00749,34,Giza,50,Two year,Fiber,311.8,203.95,1,3,1,Yes,No,4.0,2589.5,No
CUST-00750,26,Giza,46,One year,DSL,397.4,381.44,2,2,2,No,Yes,2.0,5449.89,No
CUST-00751,68,Alexandria,21,One year,4G/5G,10.0,324.31,2,3,0,Yes,Yes,2.0,3980.78,Yes
CUST-00752,25,Delta,37,Month-to-month,DSL,171.0,563.62,5,2,1,Yes,Yes,5.0,5518.48,No
CUST-00753,22,Giza,28,One year,Fiber,253.7,629.65,5,2,1,Yes,Yes,3.0,7700.13,No
CUST-00754,67,Alexandria,40,Two year,Fiber,229.7,715.05,6,1,1,Yes,No,3.0,8709.35,No
CUST-00755,47,Upper Egypt,38,One year,4G/5G,314.6,545.37,5,3,2,Yes,No,5.0,6221.55,No
CUST-00756,41,Alexandria,22,Month-to-month,DSL,237.1,460.12,3,1,2,Yes,Yes,3.0,4647.47,No
CUST-00757,57,Upper Egypt,33,One year,Fiber,182.3,405.23,1,2,1,Yes,Yes,2.0,4856.87,No
CUST-00758,38,Delta,30,Month-to-month,4G/5G,138.2,492.8,6,1,0,Yes,Yes,2.0,5394.56,No
CUST-00759,24,Cairo,23,Month-to-month,Fiber,123.0,622.23,5,2,3,Yes,Yes,4.0,4730.72,No
CUST-00760,56,Giza,19,One year,Fiber,163.2,375.0,1,0,0,Yes,No,5.0,5093.2,No
CUST-00761,27,Delta,64,Two year,Fiber,179.1,622.59,6,3,0,No,No,4.0,8165.44,No
CUST-00762,47,Upper Egypt,23,Month-to-month,Fiber,264.5,544.1,4,1,0,No,Yes,3.0,4921.13,No
CUST-00763,68,Giza,36,Month-to-month,Fiber,215.9,484.95,4,1,1,No,No,3.0,4083.71,No
CUST-00764,67,Cairo,60,Two year,DSL,171.4,429.83,3,1,1,Yes,No,4.0,5634.27,No
CUST-00765,37,Alexandria,33,Month-to-month,Fiber,139.2,419.49,2,1,0,Yes,No,1.0,4886.95,Yes
CUST-00766,59,Cairo,32,Month-to-month,DSL,166.8,425.43,3,2,0,Yes,No,4.0,4898.13,No
CUST-00767,50,Delta,23,One year,4G/5G,179.2,327.45,1,3,1,Yes,No,4.0,4764.15,No
CUST-00768,43,Giza,30,Two year,4G/5G,162.7,438.13,3,3,0,Yes,Yes,5.0,5966.67,No
CUST-00769,25,Delta,18,Month-to-month,Fiber,290.6,389.15,1,4,1,Yes,Yes,5.0,4080.46,Yes
CUST-00770,37,Upper Egypt,72,Month-to-month,4G/5G,353.1,613.41,4,5,1,No,No,5.0,5690.85,No
CUST-00771,52,Alexandria,7,Month-to-month,Fiber,124.2,430.53,2,2,1,Yes,Yes,5.0,3653.99,No
CUST-00772,70,Alexandria,20,Month-to-month,DSL,330.7,520.19,4,5,0,Yes,No,5.0,5302.99,No
CUST-00773,18,Delta,33,One year,Fiber,292.4,508.71,3,3,0,Yes,Yes,4.0,5603.94,No
CUST-00774,56,Delta,32,Two year,DSL,246.2,271.31,2,0,2,Yes,Yes,4.0,3280.26,No
CUST-00775,62,Upper Egypt,18,Month-to-month,Fiber,367.4,325.46,1,5,1,Yes,No,2.0,3215.75,No
CUST-00776,68,Cairo,5,Month-to-month,DSL,214.7,391.32,3,3,1,No,Yes,4.0,4480.31,No
CUST-00777,40,Alexandria,8,Month-to-month,Fiber,266.2,465.92,1,3,2,Yes,Yes,4.0,4525.47,No
CUST-00778,24,Cairo,26,Month-to-month,Fiber,241.1,402.86,2,2,1,Yes,Yes,3.0,3428.66,No
CUST-00779,32,Upper Egypt,3,Month-to-month,DSL,234.4,382.48,3,2,0,Yes,No,2.0,2935.23,No
CUST-00780,63,Alexandria,35,Month-to-month,Fiber,271.3,509.62,4,7,0,Yes,Yes,5.0,5398.99,Yes
CUST-00781,64,Giza,49,One year,DSL,234.2,348.02,3,4,0,No,No,4.0,4207.54,No
CUST-00782,51,Cairo,39,Month-to-month,DSL,272.0,273.07,1,4,0,No,Yes,5.0,3203.22,No
CUST-00783,24,Giza,44,One year,DSL,169.7,519.82,5,2,1,Yes,No,4.0,6211.66,No
CUST-00784,24,Delta,3,Month-to-month,DSL,172.5,368.51,3,1,1,No,Yes,5.0,3732.55,No
CUST-00785,43,Cairo,19,Two year,4G/5G,169.3,454.79,4,4,0,Yes,No,5.0,6711.49,No
CUST-00786,49,Cairo,10,Two year,4G/5G,197.2,570.48,6,7,0,No,No,3.0,7883.71,No
CUST-00787,19,Upper Egypt,6,Month-to-month,Fiber,321.2,430.09,1,1,0,Yes,Yes,3.0,4461.61,No
CUST-00788,54,Delta,16,Month-to-month,DSL,188.4,588.06,6,2,1,No,Yes,3.0,5321.4,No
CUST-00789,46,Cairo,60,One year,DSL,288.7,501.92,6,1,0,No,No,2.0,5873.58,No
CUST-00790,18,Cairo,70,Month-to-month,Fiber,253.9,514.66,4,2,2,Yes,No,5.0,5710.72,No
CUST-00791,23,Upper Egypt,11,Month-to-month,Fiber,190.3,362.39,1,5,2,Yes,Yes,4.0,4152.57,Yes
CUST-00792,42,Delta,24,Month-to-month,Fiber,347.8,506.31,2,2,2,Yes,Yes,4.0,4405.93,No
CUST-00793,56,Alexandria,30,Two year,DSL,296.3,394.6,2,6,0,Yes,No,2.0,5921.97,No
CUST-00794,61,Cairo,19,Month-to-month,Fiber,230.2,592.72,4,0,1,Yes,No,4.0,5511.95,Yes
CUST-00795,40,Cairo,51,Month-to-month,DSL,222.7,446.97,5,2,3,Yes,No,3.0,4679.63,No
CUST-00796,33,Cairo,16,Month-to-month,DSL,228.7,443.44,3,1,3,Yes,Yes,5.0,5591.08,No
CUST-00797,69,Delta,14,One year,DSL,92.3,477.91,3,2,1,Yes,Yes,3.0,4885.47,No
CUST-00798,42,Cairo,12,Month-to-month,Fiber,155.8,356.81,1,0,3,No,Yes,5.0,3727.09,No
CUST-00799,34,Cairo,19,Two year,4G/5G,271.6,638.08,6,3,0,Yes,Yes,4.0,8237.01,No
CUST-00800,41,Delta,1,One year,DSL,87.5,556.82,6,3,0,Yes,No,3.0,6727.23,No
CUST-00801,18,Upper Egypt,19,Month-to-month,Fiber,162.7,326.84,1,0,0,Yes,Yes,5.0,3275.66,No
CUST-00802,34,Delta,25,Month-to-month,Fiber,194.7,371.9,2,4,3,No,Yes,5.0,2590.21,No
CUST-00803,45,Giza,26,One year,Fiber,491.3,759.9,6,0,3,Yes,Yes,4.0,8382.41,No
CUST-00804,66,Giza,9,One year,4G/5G,290.6,384.47,3,0,1,Yes,Yes,4.0,4597.99,Yes
CUST-00805,57,Giza,26,Month-to-month,Fiber,328.8,606.71,4,2,0,Yes,No,4.0,6735.93,Yes
CUST-00806,59,Giza,25,Month-to-month,Fiber,157.5,550.91,4,0,2,Yes,No,4.0,5584.04,No
CUST-00807,46,Alexandria,26,Month-to-month,Fiber,262.6,471.57,4,0,3,No,No,4.0,5226.65,No
CUST-00808,23,Giza,39,Month-to-month,Fiber,71.6,606.17,6,3,0,Yes,Yes,4.0,5966.68,No
CUST-00809,38,Alexandria,9,Month-to-month,Fiber,200.2,469.19,3,2,2,Yes,No,3.0,4217.94,Yes
CUST-00810,70,Upper Egypt,19,Month-to-month,4G/5G,275.5,660.97,5,3,0,Yes,No,3.0,6676.03,No
CUST-00811,20,Upper Egypt,4,Month-to-month,Fiber,102.4,515.96,3,1,0,Yes,No,2.0,4840.63,No
CUST-00812,64,Cairo,37,Two year,4G/5G,265.4,457.13,2,0,0,Yes,Yes,2.0,6555.16,No
CUST-00813,54,Giza,10,One year,Fiber,272.8,465.27,1,2,1,Yes,Yes,4.0,4885.72,Yes
CUST-00814,33,Cairo,43,Two year,Fiber,175.8,561.71,5,1,0,No,No,1.0,7693.32,No
CUST-00815,59,Giza,44,One year,4G/5G,154.9,493.15,4,2,2,Yes,No,4.0,6446.31,No
CUST-00816,62,Cairo,20,One year,DSL,165.6,544.05,6,7,0,Yes,Yes,4.0,6721.22,No
CUST-00817,20,Cairo,20,Month-to-month,4G/5G,198.8,330.69,2,1,2,Yes,No,3.0,3645.99,Yes
CUST-00818,23,Delta,6,One year,Fiber,201.5,596.11,5,1,0,No,No,5.0,6862.02,No
CUST-00819,53,Giza,23,Month-to-month,DSL,275.9,320.25,1,4,1,Yes,No,3.0,2878.4,No
CUST-00820,70,Upper Egypt,39,Month-to-month,DSL,181.9,278.0,1,1,2,No,Yes,4.0,3075.53,No
CUST-00821,19,Cairo,28,Two year,Fiber,374.2,598.93,4,2,2,No,No,1.0,7169.7,No
CUST-00822,53,Cairo,55,Two year,4G/5G,373.5,565.29,4,2,0,No,No,1.0,7545.03,No
CUST-00823,25,Giza,17,Month-to-month,Fiber,251.3,604.31,4,1,2,Yes,Yes,3.0,5917.08,No
CUST-00824,52,Cairo,17,One year,Fiber,199.0,613.47,6,1,2,No,No,4.0,7094.58,Yes
CUST-00825,51,Cairo,11,Month-to-month,4G/5G,182.0,528.78,6,3,0,Yes,Yes,4.0,5451.43,No
CUST-00826,22,Upper Egypt,72,Month-to-month,DSL,258.5,410.52,2,3,0,Yes,Yes,3.0,4728.11,No
CUST-00827,54,Cairo,6,Month-to-month,4G/5G,274.3,461.33,2,6,2,Yes,No,4.0,4423.02,Yes
CUST-00828,65,Cairo,37,Month-to-month,4G/5G,211.9,520.21,4,4,0,Yes,Yes,4.0,5159.6,No
CUST-00829,63,Alexandria,40,One year,Fiber,194.6,581.32,6,3,2,Yes,Yes,3.0,7167.5,No
CUST-00830,19,Giza,38,Month-to-month,DSL,261.7,532.23,5,3,1,No,No,4.0,5514.66,Yes
CUST-00831,31,Alexandria,12,Month-to-month,4G/5G,236.2,360.44,1,1,0,No,No,2.0,3796.69,Yes
CUST-00832,30,Giza,20,Two year,Fiber,178.5,469.07,4,5,0,Yes,No,2.0,6376.21,No
CUST-00833,42,Delta,34,Month-to-month,DSL,240.2,379.22,3,0,2,No,Yes,3.0,3826.36,Yes
CUST-00834,25,Cairo,14,Month-to-month,4G/5G,175.5,313.64,1,4,4,Yes,No,4.0,2770.76,Yes
CUST-00835,63,Giza,18,Month-to-month,Fiber,162.4,641.76,5,5,1,No,Yes,3.0,5959.25,No
CUST-00836,59,Delta,14,Month-to-month,4G/5G,229.6,409.61,2,4,1,Yes,Yes,4.0,4084.18,Yes
CUST-00837,60,Upper Egypt,25,Month-to-month,DSL,178.3,476.26,5,3,1,Yes,Yes,2.0,4859.55,Yes
CUST-00838,28,Giza,23,One year,4G/5G,164.0,471.24,4,3,2,Yes,Yes,3.0,5708.37,No
CUST-00839,18,Alexandria,61,Two year,DSL,324.1,416.52,3,1,2,No,No,4.0,5687.9,No
CUST-00840,66,Cairo,34,Month-to-month,DSL,194.7,326.33,2,1,2,Yes,Yes,3.0,3422.9,No
CUST-00841,33,Cairo,8,Month-to-month,4G/5G,395.9,500.17,2,3,1,Yes,No,3.0,4364.48,No
CUST-00842,52,Cairo,8,Month-to-month,Fiber,286.4,408.23,3,0,0,No,No,1.0,3732.06,No
CUST-00843,66,Delta,38,Two year,DSL,156.1,571.65,5,5,2,Yes,Yes,4.0,7746.15,No
CUST-00844,19,Cairo,23,Month-to-month,4G/5G,334.4,612.47,3,3,1,Yes,No,3.0,5612.66,No
CUST-00845,18,Delta,72,Month-to-month,4G/5G,165.5,326.83,1,3,1,Yes,No,3.0,3622.73,No
CUST-00846,18,Cairo,72,Two year,4G/5G,407.6,364.18,1,2,0,No,Yes,5.0,5328.16,No
CUST-00847,26,Upper Egypt,11,One year,Fiber,250.4,434.11,2,2,3,No,Yes,3.0,4840.56,No
CUST-00848,20,Delta,28,Month-to-month,DSL,278.8,506.24,4,6,1,Yes,No,3.0,5323.89,Yes
CUST-00849,61,Cairo,9,Month-to-month,DSL,232.8,334.53,2,0,0,Yes,Yes,2.0,3438.44,No
CUST-00850,50,Cairo,37,Month-to-month,DSL,253.9,538.04,6,4,0,Yes,No,5.0,5082.19,No
CUST-00851,69,Cairo,67,Two year,DSL,209.4,332.24,2,2,1,Yes,Yes,5.0,5013.67,No
CUST-00852,60,Delta,26,Month-to-month,Fiber,146.7,471.33,3,4,1,Yes,Yes,5.0,4613.44,No
CUST-00853,69,Cairo,17,Month-to-month,Fiber,260.6,553.27,3,1,0,Yes,Yes,5.0,5049.86,No
CUST-00854,30,Alexandria,30,One year,DSL,322.2,413.08,2,1,1,Yes,Yes,3.0,5283.54,No
CUST-00855,33,Giza,42,Month-to-month,Fiber,122.8,641.66,6,1,1,Yes,No,5.0,5982.28,No
CUST-00856,63,Delta,43,Month-to-month,Fiber,368.6,471.73,2,2,0,Yes,No,3.0,4710.77,No
CUST-00857,30,Giza,17,Two year,Fiber,284.1,449.98,1,3,0,Yes,Yes,2.0,5992.83,No
CUST-00858,21,Giza,14,Month-to-month,4G/5G,190.7,481.09,4,2,1,No,No,3.0,4680.0,No
CUST-00859,53,Upper Egypt,27,Two year,4G/5G,189.1,592.94,4,4,2,No,Yes,4.0,7373.92,No
CUST-00860,60,Cairo,18,One year,DSL,397.8,445.25,3,0,0,Yes,No,3.0,4905.26,No
CUST-00861,69,Delta,51,Month-to-month,4G/5G,314.5,506.23,3,2,1,No,Yes,4.0,4871.27,No
CUST-00862,67,Cairo,18,One year,4G/5G,332.6,776.81,6,0,2,No,Yes,4.0,8487.53,No
CUST-00863,24,Giza,24,One year,Fiber,207.4,541.12,3,4,0,No,No,4.0,6486.93,No
CUST-00864,58,Upper Egypt,30,One year,Fiber,280.0,607.4,4,3,2,Yes,No,4.0,6876.02,No
CUST-00865,62,Alexandria,7,One year,Fiber,261.4,685.67,6,3,1,Yes,Yes,3.0,7288.97,No
CUST-00866,55,Delta,15,Month-to-month,Fiber,214.3,489.33,3,2,2,No,Yes,3.0,4565.01,Yes
CUST-00867,61,Cairo,72,Month-to-month,DSL,228.7,466.57,4,0,0,Yes,No,2.0,4597.68,No
CUST-00868,62,Giza,41,One year,Fiber,329.9,499.46,3,5,1,Yes,Yes,3.0,6099.61,Yes
CUST-00869,41,Giza,18,Month-to-month,4G/5G,374.0,477.64,4,2,0,Yes,No,3.0,4963.67,No
CUST-00870,20,Alexandria,37,Month-to-month,DSL,207.4,499.03,4,2,0,Yes,Yes,3.0,5699.83,No
CUST-00871,42,Giza,50,Month-to-month,Fiber,111.8,527.9,6,2,1,No,Yes,1.0,5462.66,No
CUST-00872,28,Giza,20,Month-to-month,4G/5G,377.9,489.44,2,4,0,No,Yes,2.0,4351.42,No
CUST-00873,24,Cairo,40,One year,4G/5G,379.1,382.03,1,6,2,Yes,Yes,4.0,3651.44,No
CUST-00874,24,Cairo,36,One year,4G/5G,266.0,413.54,3,2,0,Yes,No,2.0,4321.32,No
CUST-00875,54,Giza,9,Two year,4G/5G,391.3,646.02,4,2,1,No,No,3.0,8021.2,No
CUST-00876,44,Cairo,20,Month-to-month,4G/5G,259.5,328.9,2,1,2,Yes,Yes,3.0,2494.96,No
CUST-00877,46,Upper Egypt,62,Month-to-month,DSL,148.2,514.67,6,2,2,No,Yes,3.0,4890.08,No
CUST-00878,57,Alexandria,72,Two year,4G/5G,111.9,431.03,4,2,2,Yes,Yes,4.0,5873.76,No
CUST-00879,47,Cairo,41,Month-to-month,Fiber,111.0,565.42,5,3,0,Yes,No,4.0,5563.95,Yes
CUST-00880,51,Delta,14,One year,DSL,230.4,438.86,4,3,0,Yes,No,4.0,5465.76,No
CUST-00881,22,Delta,2,One year,DSL,188.0,481.85,3,6,3,Yes,Yes,2.0,5031.43,No
CUST-00882,63,Cairo,13,Month-to-month,Fiber,177.9,562.18,6,0,1,Yes,No,3.0,5124.14,Yes
CUST-00883,41,Cairo,8,Month-to-month,Fiber,220.4,603.44,1,1,0,Yes,No,5.0,6856.82,No
CUST-00884,26,Cairo,65,One year,Fiber,307.2,408.51,2,3,0,No,No,3.0,5158.13,No
CUST-00885,61,Cairo,4,Month-to-month,Fiber,180.8,746.27,5,4,1,No,Yes,4.0,7275.45,No
CUST-00886,56,Delta,9,Two year,Fiber,165.6,693.05,6,1,1,No,Yes,3.0,9214.18,No
CUST-00887,20,Upper Egypt,27,One year,Fiber,186.7,414.88,2,1,0,Yes,Yes,4.0,5529.56,No
CUST-00888,28,Cairo,23,Month-to-month,4G/5G,312.9,551.36,4,1,0,Yes,No,1.0,5191.0,Yes
CUST-00889,18,Delta,60,One year,DSL,223.7,394.17,3,0,2,Yes,Yes,5.0,5416.96,No
CUST-00890,32,Cairo,35,Month-to-month,DSL,255.2,556.06,5,2,2,Yes,Yes,3.0,5217.74,No
CUST-00891,23,Alexandria,21,Month-to-month,Fiber,369.8,504.98,3,0,0,Yes,Yes,2.0,5448.9,No
CUST-00892,55,Delta,51,Two year,4G/5G,485.9,643.63,4,1,2,No,Yes,2.0,7692.34,No
CUST-00893,45,Giza,17,One year,Fiber,287.6,634.31,5,1,1,Yes,No,3.0,7242.0,Yes
CUST-00894,69,Cairo,63,One year,Fiber,278.7,566.49,5,2,3,Yes,No,3.0,6745.19,No
CUST-00895,57,Alexandria,12,Two year,DSL,123.4,290.38,1,7,1,Yes,Yes,4.0,4066.33,No
CUST-00896,50,Upper Egypt,23,Month-to-month,4G/5G,263.2,540.1,4,2,1,Yes,No,2.0,4850.73,No
CUST-00897,44,Cairo,3,Month-to-month,4G/5G,235.6,360.08,2,1,0,No,No,4.0,2963.39,Yes
CUST-00898,20,Cairo,43,Month-to-month,4G/5G,310.3,349.39,1,1,3,Yes,Yes,3.0,3632.44,Yes
CUST-00899,21,Cairo,26,Month-to-month,DSL,194.7,542.19,5,1,0,Yes,Yes,3.0,5351.84,No
CUST-00900,50,Alexandria,63,Month-to-month,DSL,248.1,484.26,3,1,1,Yes,No,3.0,4811.79,No
CUST-00901,18,Alexandria,19,Month-to-month,DSL,284.5,540.28,5,1,0,No,Yes,4.0,6216.46,No
CUST-00902,20,Delta,6,One year,Fiber,400.9,773.52,6,1,4,Yes,Yes,3.0,8463.41,Yes
CUST-00903,29,Delta,32,Month-to-month,Fiber,370.7,500.07,1,2,0,No,Yes,3.0,4848.03,Yes
CUST-00904,64,Upper Egypt,15,One year,4G/5G,343.9,567.38,3,3,0,Yes,Yes,3.0,5904.98,No
CUST-00905,42,Delta,39,Two year,4G/5G,295.4,390.2,1,5,1,No,No,5.0,4877.46,No
CUST-00906,55,Cairo,12,Two year,Fiber,191.2,538.05,5,0,1,No,No,5.0,7469.01,No
CUST-00907,39,Alexandria,56,Month-to-month,Fiber,295.4,731.27,6,3,2,Yes,Yes,4.0,6918.24,No
CUST-00908,27,Cairo,24,Two year,Fiber,160.5,620.46,6,1,2,Yes,Yes,4.0,8266.19,No
CUST-00909,37,Giza,21,One year,DSL,211.4,603.21,6,3,2,Yes,Yes,5.0,6527.53,No
CUST-00910,22,Upper Egypt,54,Month-to-month,Fiber,390.1,463.62,2,2,2,No,Yes,4.0,4338.39,Yes
CUST-00911,58,Delta,43,Month-to-month,DSL,278.4,347.79,2,2,1,No,No,4.0,3287.69,No
CUST-00912,27,Upper Egypt,13,Month-to-month,Fiber,250.4,626.59,6,2,2,Yes,No,3.0,6184.4,Yes
CUST-00913,37,Giza,42,One year,Fiber,262.0,486.69,4,0,2,Yes,No,4.0,5724.52,No
CUST-00914,69,Alexandria,37,One year,Fiber,221.6,456.92,3,0,4,No,Yes,1.0,4519.27,No
CUST-00915,49,Giza,22,Month-to-month,4G/5G,36.0,266.86,2,6,0,No,Yes,5.0,3329.31,No
CUST-00916,42,Cairo,40,One year,Fiber,116.2,370.3,1,2,0,Yes,No,2.0,4759.45,No
CUST-00917,46,Cairo,56,Month-to-month,DSL,285.6,269.94,1,4,1,Yes,No,3.0,3099.84,No
CUST-00918,59,Alexandria,22,Month-to-month,DSL,147.2,459.1,5,1,2,Yes,Yes,2.0,4500.02,Yes
CUST-00919,31,Cairo,22,Two year,4G/5G,220.3,393.9,2,1,1,Yes,No,3.0,4781.53,No
CUST-00920,51,Upper Egypt,21,Two year,Fiber,119.5,660.1,5,3,0,No,No,3.0,9149.47,No
CUST-00921,64,Cairo,13,One year,DSL,165.3,519.76,6,0,1,No,Yes,4.0,6102.39,No
CUST-00922,48,Cairo,22,Month-to-month,Fiber,229.6,416.23,3,2,0,Yes,No,5.0,4526.54,No
CUST-00923,41,Delta,20,Month-to-month,DSL,313.1,321.84,2,4,3,Yes,No,5.0,3384.77,No
CUST-00924,25,Cairo,19,Month-to-month,Fiber,331.2,428.52,2,1,0,Yes,Yes,4.0,4000.71,No
CUST-00925,31,Upper Egypt,19,Month-to-month,4G/5G,163.9,336.15,2,3,0,Yes,Yes,3.0,4334.74,Yes
CUST-00926,68,Delta,9,Month-to-month,4G/5G,257.6,644.64,4,1,0,No,Yes,4.0,6386.67,No
CUST-00927,46,Cairo,46,Two year,4G/5G,101.7,566.82,5,3,1,Yes,Yes,3.0,7458.96,No
CUST-00928,33,Delta,15,One year,4G/5G,228.7,547.0,5,1,1,Yes,No,2.0,6119.56,No
CUST-00929,40,Alexandria,58,Month-to-month,Fiber,315.8,791.91,6,3,1,No,Yes,3.0,8359.77,No
CUST-00930,48,Delta,11,Month-to-month,DSL,224.0,436.42,4,3,0,Yes,Yes,3.0,4916.32,No
CUST-00931,46,Delta,67,Month-to-month,Fiber,348.4,569.78,4,2,0,Yes,No,1.0,5819.35,Yes
CUST-00932,55,Delta,18,Month-to-month,Fiber,305.3,495.1,3,1,3,Yes,Yes,5.0,4164.56,No
CUST-00933,31,Alexandria,43,One year,DSL,251.7,482.13,3,0,2,Yes,No,4.0,5699.42,No
CUST-00934,52,Giza,26,Month-to-month,DSL,207.5,405.01,3,2,4,Yes,No,4.0,3811.66,No
CUST-00935,41,Delta,8,Two year,DSL,181.9,647.03,6,4,0,Yes,No,2.0,8071.68,Yes
CUST-00936,67,Upper Egypt,8,Month-to-month,4G/5G,98.8,481.41,4,3,0,No,Yes,3.0,4343.48,No
CUST-00937,26,Alexandria,14,Month-to-month,DSL,113.4,368.1,2,0,0,No,Yes,3.0,3056.0,No
CUST-00938,25,Alexandria,17,Two year,4G/5G,319.5,331.54,2,2,0,Yes,No,3.0,5124.63,No
CUST-00939,42,Giza,23,Month-to-month,4G/5G,366.2,300.72,1,1,1,Yes,Yes,3.0,3403.41,No
CUST-00940,44,Delta,30,Month-to-month,4G/5G,132.7,488.79,6,4,2,Yes,No,4.0,4860.54,No
CUST-00941,54,Upper Egypt,21,One year,Fiber,236.1,416.19,2,2,0,Yes,Yes,4.0,4827.18,No
CUST-00942,39,Cairo,29,Month-to-month,DSL,88.3,168.92,1,2,0,Yes,No,3.0,2128.11,Yes
CUST-00943,66,Cairo,32,Month-to-month,DSL,142.1,397.21,2,4,2,Yes,Yes,5.0,4169.76,No
CUST-00944,43,Alexandria,20,Month-to-month,4G/5G,253.4,450.33,3,3,1,Yes,Yes,3.0,4274.58,No
CUST-00945,24,Giza,36,Month-to-month,Fiber,183.3,673.5,6,2,2,No,Yes,3.0,6699.36,No
CUST-00946,24,Alexandria,42,Month-to-month,Fiber,57.5,564.79,6,1,1,Yes,No,2.0,5787.02,Yes
CUST-00947,69,Cairo,32,Month-to-month,Fiber,384.7,541.55,2,2,1,Yes,Yes,4.0,5758.21,Yes
CUST-00948,25,Giza,34,One year,Fiber,225.6,437.64,4,4,2,No,Yes,4.0,4826.91,No
CUST-00949,68,Alexandria,27,Two year,4G/5G,130.6,521.94,5,2,1,No,No,4.0,6902.88,No
CUST-00950,32,Alexandria,49,Month-to-month,Fiber,241.5,634.32,5,2,1,Yes,Yes,4.0,6932.13,No
CUST-00951,22,Alexandria,23,Month-to-month,Fiber,222.7,521.81,3,1,1,No,No,4.0,5352.5,No
CUST-00952,34,Delta,14,Month-to-month,DSL,228.7,359.35,2,3,2,No,Yes,2.0,4387.25,No
CUST-00953,50,Alexandria,24,Month-to-month,Fiber,199.4,496.67,5,1,1,Yes,Yes,4.0,4907.67,No
CUST-00954,40,Delta,8,Month-to-month,Fiber,258.3,558.77,3,3,0,Yes,Yes,3.0,4737.1,No
CUST-00955,59,Alexandria,7,One year,DSL,314.9,373.1,2,1,1,No,No,2.0,3921.53,No
CUST-00956,50,Alexandria,42,Month-to-month,DSL,111.4,465.52,5,2,0,Yes,Yes,5.0,4666.1,No
CUST-00957,39,Alexandria,59,Month-to-month,4G/5G,167.6,715.75,6,4,0,No,Yes,4.0,7565.75,No
CUST-00958,51,Cairo,18,One year,DSL,305.5,616.42,6,2,2,No,Yes,2.0,7377.49,No
CUST-00959,69,Cairo,42,Two year,4G/5G,180.4,570.0,6,1,4,Yes,No,4.0,7304.88,No
CUST-00960,39,Alexandria,4,Month-to-month,Fiber,222.6,512.77,4,1,0,Yes,Yes,4.0,5271.21,Yes
CUST-00961,26,Upper Egypt,33,Month-to-month,4G/5G,187.7,581.8,5,2,3,No,No,3.0,6412.4,No
CUST-00962,39,Alexandria,23,Two year,DSL,193.3,303.3,2,1,1,Yes,Yes,3.0,3666.16,No
CUST-00963,62,Cairo,65,Month-to-month,DSL,185.6,373.69,2,1,0,Yes,No,3.0,4029.9,No
CUST-00964,29,Alexandria,21,One year,Fiber,116.7,399.93,1,2,2,No,No,4.0,4532.58,No
CUST-00965,68,Cairo,10,One year,Fiber,271.3,393.25,1,1,2,Yes,Yes,4.0,4077.6,No
CUST-00966,49,Delta,6,Month-to-month,Fiber,325.6,748.06,6,0,0,Yes,No,1.0,6200.64,No
CUST-00967,49,Delta,24,Month-to-month,4G/5G,214.1,442.58,3,3,0,Yes,No,1.0,4925.96,Yes
CUST-00968,34,Alexandria,27,Month-to-month,4G/5G,315.5,502.06,4,1,1,No,Yes,2.0,4550.41,Yes
CUST-00969,66,Alexandria,20,Month-to-month,Fiber,185.8,274.05,1,2,1,No,Yes,2.0,2612.46,No
CUST-00970,19,Giza,43,Month-to-month,DSL,180.5,358.72,2,2,1,Yes,No,3.0,3906.36,Yes
CUST-00971,33,Giza,55,One year,DSL,267.0,337.73,1,1,1,Yes,No,3.0,3689.1,No
CUST-00972,40,Upper Egypt,18,One year,DSL,268.5,485.99,3,2,1,Yes,No,3.0,5336.47,No
CUST-00973,43,Delta,4,Two year,Fiber,219.9,592.22,4,2,0,Yes,No,3.0,7641.07,No
CUST-00974,43,Giza,29,Two year,4G/5G,290.9,479.24,1,1,2,Yes,Yes,3.0,5968.74,No
CUST-00975,25,Giza,49,One year,DSL,114.2,451.43,5,1,1,Yes,No,5.0,5062.96,No
CUST-00976,29,Cairo,18,Month-to-month,DSL,202.6,316.58,1,4,0,Yes,Yes,2.0,3486.41,No
CUST-00977,23,Cairo,34,Month-to-month,DSL,228.7,577.58,6,2,3,No,No,4.0,5387.23,No
CUST-00978,48,Cairo,9,One year,DSL,316.6,666.46,6,4,1,No,Yes,4.0,7844.19,No
CUST-00979,36,Giza,28,One year,Fiber,305.2,525.01,4,0,2,No,No,2.0,6047.76,No
CUST-00980,47,Upper Egypt,34,Month-to-month,4G/5G,321.9,592.56,4,4,1,Yes,No,4.0,6372.72,No
CUST-00981,49,Giza,29,One year,Fiber,196.5,549.15,5,5,1,Yes,Yes,4.0,6718.29,No
CUST-00982,55,Cairo,72,Month-to-month,4G/5G,76.5,381.24,2,5,0,Yes,No,3.0,3780.24,No
CUST-00983,46,Cairo,58,Month-to-month,4G/5G,206.7,674.91,6,5,0,Yes,No,4.0,7210.1,No
CUST-00984,52,Giza,38,Two year,DSL,287.2,518.68,6,6,1,Yes,Yes,5.0,6750.1,No
CUST-00985,49,Delta,46,Month-to-month,DSL,301.9,480.65,5,2,3,No,Yes,4.0,4382.6,No
CUST-00986,52,Giza,28,Month-to-month,Fiber,182.6,652.32,6,4,1,No,Yes,4.0,6032.82,No
CUST-00987,50,Delta,22,One year,Fiber,142.9,411.36,2,6,1,Yes,Yes,1.0,3675.55,Yes
CUST-00988,34,Delta,17,One year,DSL,151.8,536.63,6,4,0,Yes,No,3.0,6104.35,No
CUST-00989,31,Cairo,9,Month-to-month,Fiber,181.1,337.61,1,1,2,Yes,Yes,2.0,3343.55,Yes
CUST-00990,59,Alexandria,60,One year,Fiber,59.3,490.48,5,3,2,Yes,No,5.0,5419.8,No
CUST-00991,36,Upper Egypt,72,Month-to-month,4G/5G,182.6,397.58,2,1,0,Yes,Yes,2.0,5010.22,No
CUST-00992,47,Giza,24,One year,Fiber,234.3,605.99,6,1,2,No,Yes,5.0,6147.31,No
CUST-00993,28,Cairo,24,Month-to-month,Fiber,221.2,564.19,4,2,1,No,No,5.0,5348.36,No
CUST-00994,40,Upper Egypt,35,Two year,Fiber,200.3,394.51,2,2,1,Yes,Yes,4.0,4649.14,No
CUST-00995,46,Upper Egypt,21,One year,DSL,168.0,315.58,2,1,1,No,No,5.0,4377.87,No
CUST-00996,51,Alexandria,10,Month-to-month,DSL,178.4,629.68,6,6,5,No,Yes,3.0,5977.41,Yes
CUST-00997,45,Alexandria,8,Month-to-month,4G/5G,180.0,595.91,5,0,0,Yes,No,3.0,5738.01,Yes
CUST-00998,37,Cairo,72,Month-to-month,DSL,293.5,386.7,3,1,1,Yes,No,4.0,3559.69,Yes
CUST-00999,68,Delta,5,One year,Fiber,229.9,389.36,2,2,0,Yes,No,3.0,4117.65,No
CUST-01000,45,Giza,30,One year,DSL,515.0,458.49,1,3,1,Yes,No,2.0,5494.23,Yes
CUST-01001,60,Cairo,6,One year,Fiber,200.1,292.17,1,2,1,Yes,Yes,3.0,3161.44,No
CUST-01002,57,Delta,22,Two year,4G/5G,269.4,437.35,1,1,1,Yes,No,3.0,5455.15,No
CUST-01003,47,Upper Egypt,18,Month-to-month,Fiber,202.1,434.23,2,3,0,Yes,Yes,5.0,4521.21,Yes
CUST-01004,64,Delta,7,One year,Fiber,199.9,394.16,2,1,1,Yes,No,4.0,4515.51,No
CUST-01005,24,Cairo,36,Month-to-month,Fiber,370.6,436.41,1,1,0,No,Yes,3.0,3717.45,No
CUST-01006,66,Cairo,10,One year,Fiber,319.8,711.38,5,3,3,Yes,Yes,2.0,7335.42,Yes
CUST-01007,63,Upper Egypt,6,Month-to-month,DSL,72.1,405.18,6,6,0,Yes,Yes,4.0,3554.46,Yes
CUST-01008,44,Upper Egypt,39,One year,Fiber,138.0,678.88,6,0,3,No,Yes,5.0,7625.33,No
CUST-01009,56,Alexandria,18,Month-to-month,Fiber,217.7,678.44,6,1,2,Yes,Yes,4.0,6600.75,Yes
CUST-01010,45,Alexandria,13,Month-to-month,Fiber,183.5,347.07,1,2,2,No,Yes,3.0,3375.54,Yes
CUST-01011,32,Giza,40,Month-to-month,DSL,94.3,251.88,1,3,2,Yes,Yes,2.0,3051.55,No
CUST-01012,60,Giza,9,Two year,DSL,240.4,593.87,6,1,0,Yes,Yes,3.0,7063.28,No
CUST-01013,31,Cairo,5,Month-to-month,Fiber,61.0,358.51,1,0,1,No,Yes,4.0,3738.56,No
CUST-01014,34,Cairo,52,Month-to-month,DSL,241.4,491.6,5,2,0,Yes,No,3.0,4747.4,Yes
CUST-01015,45,Cairo,69,Month-to-month,4G/5G,295.7,366.57,1,4,2,Yes,No,5.0,4865.05,No
CUST-01016,62,Delta,21,Month-to-month,4G/5G,308.5,366.75,1,3,0,Yes,Yes,4.0,3810.16,Yes
CUST-01017,38,Cairo,1,Two year,4G/5G,217.0,594.8,5,1,0,Yes,Yes,4.0,7495.4,No
CUST-01018,44,Cairo,21,Two year,DSL,366.0,726.22,5,2,0,No,Yes,4.0,9611.64,No
CUST-01019,20,Alexandria,42,Two year,Fiber,259.8,353.38,1,4,0,Yes,No,2.0,4868.84,No
CUST-01020,24,Cairo,49,Two year,4G/5G,306.1,375.66,1,0,0,Yes,No,3.0,5002.3,No
CUST-01021,20,Cairo,10,Month-to-month,Fiber,163.7,590.38,6,4,1,No,Yes,2.0,5903.19,Yes
CUST-01022,21,Alexandria,19,Month-to-month,DSL,366.9,387.55,2,2,1,Yes,Yes,4.0,4622.18,No
CUST-01023,64,Giza,28,One year,4G/5G,229.7,558.12,6,3,1,Yes,Yes,2.0,6908.78,No
CUST-01024,62,Alexandria,40,One year,4G/5G,371.9,477.15,4,1,0,Yes,Yes,4.0,5835.24,No
CUST-01025,61,Upper Egypt,37,Month-to-month,4G/5G,352.2,728.91,6,3,1,No,Yes,3.0,7947.06,No
CUST-01026,20,Cairo,33,One year,Fiber,253.2,685.8,6,4,1,Yes,No,4.0,8337.72,No
CUST-01027,22,Upper Egypt,49,Month-to-month,DSL,266.5,491.38,4,0,1,Yes,Yes,2.0,4410.37,Yes
CUST-01028,32,Upper Egypt,22,Month-to-month,Fiber,213.8,328.18,1,3,0,Yes,Yes,4.0,3526.46,Yes
CUST-01029,47,Delta,60,Month-to-month,4G/5G,156.3,585.26,6,3,0,Yes,No,2.0,5840.5,No
CUST-01030,35,Alexandria,15,Two year,DSL,283.6,374.16,3,2,2,No,No,2.0,4460.84,No
CUST-01031,43,Alexandria,38,One year,Fiber,279.0,454.51,2,2,0,No,Yes,4.0,5698.31,No
CUST-01032,27,Alexandria,17,Month-to-month,4G/5G,84.3,470.4,4,3,2,Yes,No,4.0,3842.36,No
CUST-01033,56,Delta,22,One year,Fiber,222.5,459.73,3,3,2,No,Yes,3.0,6057.18,No
CUST-01034,34,Cairo,24,One year,Fiber,308.1,515.46,5,0,2,Yes,Yes,2.0,6169.78,No
CUST-01035,21,Upper Egypt,16,Month-to-month,4G/5G,361.9,420.45,2,1,0,Yes,Yes,3.0,3426.8,No
CUST-01036,57,Alexandria,50,One year,DSL,295.3,652.02,6,5,0,Yes,Yes,3.0,8114.83,No
CUST-01037,65,Delta,18,Month-to-month,DSL,93.4,266.6,1,0,0,Yes,Yes,5.0,3184.84,No
CUST-01038,18,Giza,23,Month-to-month,Fiber,135.1,367.96,3,2,3,Yes,No,4.0,4238.47,No
CUST-01039,41,Cairo,35,Month-to-month,Fiber,198.9,685.36,6,1,1,Yes,No,3.0,7505.76,No
CUST-01040,61,Giza,72,Month-to-month,Fiber,355.9,735.12,6,1,1,Yes,Yes,3.0,8232.35,No
CUST-01041,55,Giza,36,Month-to-month,Fiber,175.4,591.93,5,2,0,No,Yes,5.0,5995.44,No
CUST-01042,63,Giza,25,Month-to-month,Fiber,325.3,674.11,4,3,2,Yes,Yes,3.0,6718.06,No
CUST-01043,40,Giza,4,Month-to-month,DSL,173.9,452.4,4,1,1,Yes,Yes,3.0,4178.29,No
CUST-01044,37,Cairo,21,One year,DSL,277.9,404.31,2,1,3,Yes,No,3.0,5045.87,No
CUST-01045,55,Alexandria,14,One year,Fiber,145.4,431.07,2,1,1,Yes,Yes,4.0,4179.81,No
CUST-01046,26,Giza,19,Month-to-month,DSL,212.6,514.03,4,3,2,Yes,No,3.0,4372.38,No
CUST-01047,30,Upper Egypt,17,Month-to-month,4G/5G,128.2,346.44,2,1,1,Yes,Yes,4.0,3352.45,No
CUST-01048,49,Cairo,35,Month-to-month,Fiber,359.9,451.29,2,3,1,Yes,No,5.0,4671.96,No
CUST-01049,53,Cairo,21,Two year,DSL,167.5,557.15,5,1,1,Yes,Yes,4.0,7351.86,No
CUST-01050,24,Cairo,12,Two year,Fiber,90.8,600.16,5,5,3,Yes,Yes,3.0,8063.47,No
CUST-01051,44,Alexandria,43,Month-to-month,DSL,83.6,431.9,3,0,1,Yes,Yes,2.0,4025.01,No
CUST-01052,37,Giza,8,One year,DSL,222.3,382.33,2,0,0,No,No,3.0,4011.27,Yes
CUST-01053,44,Alexandria,24,One year,Fiber,188.8,331.05,2,3,1,Yes,Yes,3.0,3819.88,No
CUST-01054,68,Upper Egypt,21,Two year,Fiber,288.4,468.61,2,1,1,Yes,No,3.0,5820.54,No
CUST-01055,22,Cairo,30,Month-to-month,4G/5G,208.8,391.21,2,2,1,Yes,Yes,3.0,4200.69,No
CUST-01056,70,Delta,49,Month-to-month,Fiber,334.9,764.9,6,1,0,Yes,Yes,4.0,8410.68,No
CUST-01057,41,Cairo,72,One year,DSL,195.3,407.43,2,3,2,Yes,Yes,3.0,5641.59,No
CUST-01058,58,Cairo,25,Month-to-month,DSL,322.4,651.21,6,0,2,Yes,Yes,2.0,6670.58,Yes
CUST-01059,40,Giza,14,Month-to-month,Fiber,144.3,400.81,4,3,0,Yes,No,2.0,3725.26,Yes
CUST-01060,34,Cairo,13,Month-to-month,DSL,94.7,320.62,3,3,2,No,No,5.0,3193.23,No
CUST-01061,58,Alexandria,13,Month-to-month,DSL,155.9,314.21,2,2,0,Yes,Yes,4.0,3517.05,Yes
CUST-01062,54,Alexandria,29,One year,Fiber,128.4,545.02,5,2,0,Yes,No,2.0,6106.06,No
CUST-01063,25,Delta,3,One year,4G/5G,118.3,584.15,6,1,3,Yes,Yes,5.0,6399.34,No
CUST-01064,55,Giza,8,Month-to-month,DSL,267.2,677.96,6,2,2,No,No,3.0,6594.2,No
CUST-01065,57,Alexandria,29,Two year,DSL,206.2,561.22,5,1,1,No,No,5.0,6835.03,No
CUST-01066,38,Giza,44,Month-to-month,Fiber,242.8,336.7,1,5,0,Yes,Yes,4.0,4183.22,No
CUST-01067,67,Cairo,44,Two year,Fiber,277.5,629.87,6,2,2,Yes,No,4.0,8020.03,No
CUST-01068,51,Cairo,26,Month-to-month,DSL,78.3,364.2,4,3,0,No,Yes,4.0,4102.2,No
CUST-01069,35,Alexandria,41,Two year,DSL,281.3,485.47,4,2,2,Yes,Yes,5.0,6556.67,No
CUST-01070,18,Upper Egypt,50,Two year,Fiber,121.5,440.49,2,0,2,Yes,Yes,3.0,6351.67,No
CUST-01071,53,Cairo,17,Two year,DSL,178.1,505.69,4,1,1,Yes,Yes,5.0,5738.38,No
CUST-01072,29,Alexandria,47,One year,DSL,59.7,442.0,5,6,1,No,Yes,3.0,5927.93,No
CUST-01073,58,Delta,6,Month-to-month,Fiber,288.9,568.13,4,1,2,Yes,No,3.0,5944.84,Yes
CUST-01074,45,Delta,8,One year,4G/5G,78.0,376.71,1,0,2,No,Yes,4.0,4535.89,No
CUST-01075,42,Alexandria,18,One year,DSL,122.0,404.69,5,3,2,Yes,No,4.0,5009.48,No
CUST-01076,26,Alexandria,5,Month-to-month,DSL,128.5,523.92,5,2,2,Yes,Yes,3.0,5237.3,No
CUST-01077,55,Delta,35,Two year,4G/5G,218.4,587.14,5,0,1,Yes,No,5.0,7397.06,No
CUST-01078,26,Delta,16,Month-to-month,DSL,215.7,340.64,2,2,2,Yes,No,5.0,3492.73,No
CUST-01079,40,Cairo,21,Month-to-month,4G/5G,303.1,424.15,2,0,1,No,No,4.0,4695.57,No
CUST-01080,62,Upper Egypt,22,Two year,4G/5G,220.6,471.94,3,2,2,Yes,No,2.0,5155.33,No
CUST-01081,66,Cairo,18,Month-to-month,Fiber,316.9,674.23,6,3,2,Yes,Yes,5.0,6812.75,Yes
CUST-01082,70,Delta,13,Month-to-month,Fiber,264.1,580.3,5,5,2,No,No,1.0,5415.83,Yes
CUST-01083,68,Cairo,34,Month-to-month,4G/5G,144.9,270.85,1,1,1,Yes,No,4.0,3207.5,No
CUST-01084,47,Cairo,15,One year,4G/5G,170.0,422.0,1,3,1,Yes,Yes,3.0,4402.81,No
CUST-01085,28,Cairo,22,Two year,Fiber,366.0,409.85,1,0,1,Yes,Yes,5.0,5190.23,No
CUST-01086,62,Giza,30,Month-to-month,Fiber,340.5,710.45,6,4,0,No,No,2.0,6331.57,Yes
CUST-01087,60,Giza,50,One year,Fiber,304.2,728.77,6,1,2,Yes,No,3.0,7877.45,No
CUST-01088,70,Cairo,47,One year,4G/5G,316.0,418.45,2,4,0,Yes,Yes,4.0,5648.97,No
CUST-01089,52,Giza,16,One year,4G/5G,271.9,635.28,6,4,1,Yes,No,4.0,7200.91,No
CUST-01090,25,Giza,12,One year,4G/5G,260.2,546.51,4,1,2,Yes,No,3.0,5966.58,No
CUST-01091,44,Delta,56,Two year,Fiber,234.5,392.46,2,3,0,Yes,Yes,3.0,5908.73,No
CUST-01092,41,Upper Egypt,15,Month-to-month,4G/5G,382.9,536.0,5,1,1,Yes,Yes,5.0,5237.35,No
CUST-01093,62,Alexandria,33,Month-to-month,Fiber,188.2,326.33,1,3,0,Yes,Yes,5.0,4053.08,Yes
CUST-01094,38,Cairo,5,One year,Fiber,251.6,485.68,1,4,2,Yes,Yes,3.0,5071.29,No
CUST-01095,35,Cairo,3,Month-to-month,Fiber,76.3,347.34,2,1,0,Yes,Yes,3.0,3350.32,No
CUST-01096,22,Upper Egypt,25,Month-to-month,DSL,101.2,430.66,4,3,1,No,No,2.0,3808.38,No
CUST-01097,62,Cairo,20,Month-to-month,DSL,393.4,571.56,6,6,1,Yes,No,4.0,5916.34,Yes
CUST-01098,58,Giza,39,Month-to-month,Fiber,285.5,642.31,4,3,1,Yes,No,4.0,6333.93,No
CUST-01099,20,Upper Egypt,13,Two year,Fiber,210.9,468.57,3,7,1,Yes,No,4.0,6461.71,No
CUST-01100,40,Upper Egypt,29,Month-to-month,4G/5G,237.0,485.06,4,7,2,Yes,Yes,3.0,4793.92,No
CUST-01101,43,Giza,37,One year,Fiber,107.8,328.61,1,1,1,Yes,No,5.0,3316.07,No
CUST-01102,42,Alexandria,13,One year,DSL,191.5,595.98,4,3,1,Yes,No,1.0,6648.77,Yes
CUST-01103,66,Giza,18,Month-to-month,Fiber,228.7,576.82,5,5,4,No,No,4.0,4718.05,Yes
CUST-01104,25,Delta,9,Month-to-month,Fiber,203.4,473.68,3,1,0,Yes,Yes,4.0,4954.54,No
CUST-01105,34,Cairo,40,Month-to-month,Fiber,291.2,412.11,4,2,0,No,No,4.0,4627.2,No
CUST-01106,27,Cairo,34,Month-to-month,DSL,270.8,452.32,2,1,1,No,Yes,3.0,4840.2,No
CUST-01107,30,Alexandria,36,Month-to-month,Fiber,373.0,673.53,6,0,2,No,Yes,3.0,6468.94,No
CUST-01108,66,Cairo,20,One year,Fiber,256.5,400.58,2,3,0,Yes,Yes,4.0,4204.14,No
CUST-01109,67,Alexandria,34,Month-to-month,4G/5G,10.0,216.82,1,1,1,Yes,No,3.0,2433.76,No
CUST-01110,20,Giza,21,Month-to-month,Fiber,405.6,804.69,6,1,1,Yes,Yes,2.0,7880.11,No
CUST-01111,51,Upper Egypt,62,Month-to-month,4G/5G,154.3,476.33,4,1,2,Yes,Yes,5.0,4886.3,No
CUST-01112,30,Delta,23,Month-to-month,Fiber,244.6,414.23,3,2,0,No,No,4.0,4350.67,No
CUST-01113,28,Giza,45,Month-to-month,4G/5G,239.2,554.66,5,4,1,Yes,No,4.0,4787.01,No
CUST-01114,33,Delta,20,Two year,Fiber,251.7,399.9,2,1,4,No,Yes,4.0,5040.61,No
CUST-01115,28,Cairo,54,Month-to-month,DSL,234.3,383.82,2,3,2,Yes,No,5.0,4013.77,No
CUST-01116,43,Giza,12,Month-to-month,DSL,235.9,288.39,1,2,2,No,No,3.0,2253.63,Yes
CUST-01117,70,Cairo,31,One year,DSL,111.1,340.89,4,1,1,Yes,Yes,2.0,4297.95,No
CUST-01118,49,Upper Egypt,14,One year,4G/5G,462.8,646.34,5,1,1,Yes,No,4.0,7358.27,No
CUST-01119,56,Delta,28,One year,Fiber,288.6,676.56,6,0,1,Yes,Yes,4.0,8094.65,No
CUST-01120,44,Upper Egypt,15,Month-to-month,Fiber,234.7,480.23,4,2,4,Yes,No,2.0,4549.59,Yes
CUST-01121,18,Upper Egypt,23,One year,4G/5G,395.8,297.59,1,5,1,No,Yes,5.0,3919.75,Yes
CUST-01122,22,Upper Egypt,17,Month-to-month,4G/5G,133.5,376.28,2,3,2,Yes,No,4.0,3123.67,No
CUST-01123,32,Cairo,37,One year,DSL,308.2,376.66,2,0,0,Yes,No,3.0,4500.92,No
CUST-01124,30,Upper Egypt,32,Month-to-month,Fiber,180.0,551.58,6,1,1,Yes,Yes,4.0,6501.03,No
CUST-01125,62,Alexandria,14,One year,4G/5G,266.2,562.18,4,4,1,No,No,4.0,7259.39,No
CUST-01126,62,Giza,14,One year,4G/5G,268.2,525.29,6,4,0,Yes,Yes,3.0,6610.79,No
CUST-01127,63,Alexandria,11,One year,4G/5G,19.7,540.81,6,2,2,No,Yes,4.0,6398.77,No
CUST-01128,51,Giza,10,Month-to-month,4G/5G,101.2,604.88,6,0,0,Yes,No,4.0,5587.04,No
CUST-01129,47,Cairo,38,One year,Fiber,372.8,481.61,2,2,0,No,No,4.0,5869.54,No
CUST-01130,52,Cairo,11,One year,DSL,207.3,385.89,4,4,2,No,No,4.0,4337.72,No
CUST-01131,39,Cairo,30,Month-to-month,DSL,410.1,339.51,1,1,1,Yes,No,3.0,3429.69,No
CUST-01132,53,Giza,16,Month-to-month,Fiber,347.9,512.38,3,5,0,Yes,Yes,4.0,4544.92,No
CUST-01133,60,Upper Egypt,44,Month-to-month,4G/5G,210.2,303.02,2,3,0,Yes,Yes,5.0,3885.82,No
CUST-01134,58,Alexandria,72,Month-to-month,DSL,202.2,317.27,1,1,1,Yes,No,4.0,2340.77,No
CUST-01135,50,Alexandria,1,One year,Fiber,378.4,438.95,1,1,1,Yes,No,3.0,5482.08,No
CUST-01136,21,Giza,12,Month-to-month,DSL,228.7,453.96,3,2,2,No,Yes,4.0,4823.39,No
CUST-01137,56,Giza,16,One year,Fiber,204.2,426.8,1,1,0,Yes,Yes,5.0,6341.4,No
CUST-01138,37,Cairo,20,One year,Fiber,368.4,571.3,4,3,1,Yes,No,4.0,6651.81,No
CUST-01139,57,Delta,19,One year,DSL,322.7,479.02,2,5,0,Yes,Yes,4.0,5584.37,No
CUST-01140,46,Cairo,8,One year,DSL,338.2,388.74,2,3,1,Yes,No,5.0,4779.1,No
CUST-01141,64,Delta,72,One year,DSL,239.1,258.36,1,0,1,Yes,Yes,3.0,3666.21,No
CUST-01142,35,Delta,20,Month-to-month,Fiber,169.5,418.56,3,0,0,Yes,Yes,4.0,4297.15,No
CUST-01143,67,Alexandria,32,Month-to-month,DSL,135.1,331.35,2,2,2,No,Yes,5.0,2929.06,No
CUST-01144,62,Upper Egypt,33,Two year,Fiber,112.6,443.92,4,1,1,Yes,No,4.0,6176.43,No
CUST-01145,35,Cairo,6,Two year,4G/5G,402.0,690.69,6,2,2,Yes,No,5.0,8849.57,No
CUST-01146,43,Upper Egypt,18,Month-to-month,Fiber,231.0,580.75,5,2,1,Yes,Yes,3.0,5212.1,No
CUST-01147,46,Delta,38,Two year,4G/5G,228.7,279.96,1,0,0,Yes,No,3.0,3192.71,No
CUST-01148,58,Delta,56,Two year,Fiber,320.2,414.39,1,3,2,Yes,Yes,5.0,6762.64,No
CUST-01149,54,Alexandria,18,Month-to-month,Fiber,186.9,696.28,6,1,1,Yes,Yes,2.0,7041.6,No
CUST-01150,63,Delta,7,One year,Fiber,171.4,605.27,6,4,1,Yes,No,4.0,7334.19,No
CUST-01151,37,Upper Egypt,15,One year,4G/5G,416.1,533.25,3,3,0,No,Yes,5.0,6438.35,No
CUST-01152,44,Giza,17,Month-to-month,4G/5G,110.2,431.33,3,4,1,No,Yes,4.0,4652.71,No
CUST-01153,40,Delta,17,Month-to-month,DSL,251.2,358.9,3,2,1,Yes,No,1.0,2950.75,Yes
CUST-01154,66,Delta,11,Month-to-month,Fiber,176.8,555.94,4,2,1,Yes,Yes,2.0,5408.35,Yes
CUST-01155,34,Giza,6,One year,Fiber,162.5,456.58,2,2,0,Yes,No,3.0,5529.56,No
CUST-01156,49,Upper Egypt,9,Month-to-month,DSL,98.3,585.47,6,2,0,Yes,Yes,4.0,5382.65,Yes
CUST-01157,24,Giza,15,One year,Fiber,235.4,433.46,3,2,1,Yes,Yes,4.0,5137.39,No
CUST-01158,63,Alexandria,38,One year,4G/5G,151.3,310.38,2,1,3,Yes,Yes,3.0,3445.29,No
CUST-01159,38,Cairo,48,One year,DSL,283.2,379.64,2,4,1,Yes,Yes,4.0,4398.51,No
CUST-01160,36,Cairo,25,Month-to-month,4G/5G,225.8,609.67,6,0,1,Yes,No,4.0,5809.06,No
CUST-01161,48,Delta,9,Month-to-month,4G/5G,201.9,387.77,2,0,3,Yes,Yes,3.0,2846.45,No
CUST-01162,44,Giza,15,Month-to-month,Fiber,151.8,553.08,5,2,2,Yes,No,4.0,5850.11,No
CUST-01163,62,Giza,3,Month-to-month,Fiber,358.8,661.55,5,5,3,Yes,Yes,3.0,6850.16,Yes
CUST-01164,46,Cairo,57,Month-to-month,4G/5G,296.2,502.09,6,2,0,No,Yes,4.0,4887.68,No
CUST-01165,45,Giza,14,Month-to-month,Fiber,168.7,395.29,1,5,0,Yes,No,3.0,4509.43,No
CUST-01166,23,Delta,30,Month-to-month,DSL,107.7,451.87,3,4,0,No,Yes,4.0,4685.09,No
CUST-01167,19,Upper Egypt,45,One year,4G/5G,60.1,522.41,6,4,1,Yes,Yes,4.0,6333.23,No
CUST-01168,39,Cairo,67,Month-to-month,Fiber,332.4,432.43,1,4,1,No,Yes,3.0,3939.63,Yes
CUST-01169,70,Alexandria,41,Month-to-month,4G/5G,311.8,465.93,1,1,2,Yes,Yes,4.0,4435.13,No
CUST-01170,66,Giza,17,Two year,Fiber,324.2,420.03,1,2,0,No,Yes,5.0,5966.78,No
CUST-01171,51,Alexandria,33,Month-to-month,DSL,219.2,320.08,1,2,1,Yes,No,2.0,2782.09,Yes
CUST-01172,51,Giza,66,Two year,Fiber,302.5,731.26,5,1,0,Yes,Yes,5.0,9522.35,No
CUST-01173,38,Giza,14,One year,DSL,322.4,564.53,3,7,1,Yes,No,5.0,6509.29,No
CUST-01174,27,Giza,6,Month-to-month,Fiber,223.7,321.67,1,1,0,Yes,Yes,3.0,1747.56,No
CUST-01175,18,Alexandria,11,Two year,Fiber,197.8,567.52,5,3,1,Yes,No,4.0,7505.36,No
CUST-01176,35,Giza,32,Two year,Fiber,142.1,453.16,2,0,0,No,Yes,3.0,6342.05,No
CUST-01177,34,Giza,17,One year,Fiber,268.4,424.32,1,7,0,Yes,Yes,5.0,5435.35,No
CUST-01178,28,Delta,22,Month-to-month,DSL,280.3,640.36,6,3,0,Yes,Yes,1.0,6608.02,No
CUST-01179,31,Delta,35,Month-to-month,Fiber,193.4,389.31,4,0,1,Yes,No,5.0,3919.13,No
CUST-01180,19,Giza,11,Month-to-month,Fiber,204.0,375.06,3,4,0,No,Yes,2.0,4540.61,Yes
CUST-01181,50,Delta,21,One year,Fiber,210.4,748.1,6,2,2,No,No,4.0,8283.42,No
CUST-01182,67,Delta,15,Month-to-month,Fiber,301.2,507.02,2,3,2,Yes,Yes,3.0,4759.73,No
CUST-01183,54,Cairo,64,Month-to-month,Fiber,106.3,519.85,4,4,1,Yes,No,5.0,5340.33,No
CUST-01184,41,Alexandria,40,Month-to-month,Fiber,130.5,496.27,5,1,2,No,No,3.0,4968.96,No
CUST-01185,40,Cairo,17,Month-to-month,DSL,132.3,247.44,1,2,0,No,No,3.0,2533.26,Yes
CUST-01186,34,Delta,17,Month-to-month,DSL,216.6,388.65,2,2,0,No,No,5.0,4076.45,No
CUST-01187,25,Cairo,69,Month-to-month,Fiber,258.4,242.11,1,2,1,Yes,No,4.0,2525.86,No
CUST-01188,49,Alexandria,65,Two year,Fiber,133.8,472.06,4,0,1,Yes,No,3.0,6158.93,No
CUST-01189,48,Cairo,32,Month-to-month,4G/5G,311.8,614.14,5,3,1,No,Yes,2.0,4962.88,No
CUST-01190,18,Giza,22,Month-to-month,DSL,361.6,389.86,1,3,0,Yes,No,2.0,4280.17,No
CUST-01191,40,Upper Egypt,8,Month-to-month,DSL,228.7,292.78,1,2,0,Yes,Yes,5.0,2720.57,No
CUST-01192,32,Giza,11,Month-to-month,Fiber,331.1,584.82,3,1,0,Yes,No,4.0,5628.16,No
CUST-01193,27,Upper Egypt,7,One year,Fiber,147.6,513.34,3,2,0,Yes,Yes,4.0,5668.57,No
CUST-01194,55,Upper Egypt,47,Month-to-month,DSL,149.8,178.31,1,3,0,No,No,4.0,2480.38,No
CUST-01195,45,Upper Egypt,8,Two year,Fiber,276.3,710.09,5,2,2,Yes,Yes,1.0,8537.39,No
CUST-01196,51,Cairo,16,Two year,DSL,226.5,590.24,5,2,3,Yes,Yes,3.0,6286.74,No
CUST-01197,55,Delta,4,Two year,Fiber,149.6,473.21,3,1,3,Yes,Yes,3.0,5992.04,No
CUST-01198,70,Cairo,6,One year,Fiber,358.3,533.59,3,0,3,No,No,5.0,5812.58,No
CUST-01199,60,Giza,36,Month-to-month,Fiber,256.9,436.03,1,3,0,No,Yes,2.0,4410.75,No
CUST-01200,50,Upper Egypt,28,One year,Fiber,293.2,490.77,2,3,2,Yes,No,5.0,6250.36,No
CUST-01201,64,Delta,23,Month-to-month,Fiber,169.3,509.41,4,1,0,Yes,No,5.0,4838.63,No
CUST-01202,43,Alexandria,17,One year,Fiber,381.2,803.2,6,3,1,Yes,No,2.0,9182.18,No
CUST-01203,70,Giza,5,Month-to-month,DSL,216.0,241.31,2,1,1,No,No,4.0,2156.4,No
CUST-01204,58,Delta,15,Month-to-month,Fiber,321.7,600.68,5,5,0,Yes,Yes,4.0,6461.39,No
CUST-01205,52,Delta,20,Month-to-month,DSL,177.5,477.1,4,3,3,Yes,No,4.0,4621.14,Yes
CUST-01206,65,Giza,35,One year,4G/5G,245.2,510.3,4,4,0,Yes,Yes,1.0,6000.82,No
CUST-01207,45,Upper Egypt,45,One year,4G/5G,280.2,454.96,2,3,0,No,Yes,4.0,5118.49,No
CUST-01208,56,Cairo,37,Month-to-month,DSL,409.6,573.94,6,2,3,No,Yes,3.0,5834.65,No
CUST-01209,33,Cairo,28,Month-to-month,Fiber,190.4,353.37,1,1,1,Yes,Yes,3.0,3982.21,No
CUST-01210,69,Alexandria,23,Month-to-month,DSL,248.2,432.6,2,1,1,Yes,Yes,5.0,4119.35,No
CUST-01211,51,Upper Egypt,26,One year,4G/5G,283.3,335.49,2,0,2,Yes,Yes,3.0,4023.55,No
CUST-01212,59,Cairo,14,Month-to-month,DSL,102.7,410.79,4,1,1,No,No,4.0,4399.56,No
CUST-01213,42,Cairo,24,Month-to-month,Fiber,34.3,388.84,3,1,2,Yes,Yes,3.0,4797.65,No
CUST-01214,63,Cairo,20,One year,4G/5G,140.4,603.33,6,0,1,No,No,4.0,7301.54,No
CUST-01215,21,Upper Egypt,72,One year,Fiber,317.0,492.1,2,0,4,Yes,No,4.0,5830.68,Yes
CUST-01216,24,Cairo,27,Two year,4G/5G,384.5,571.44,4,2,0,Yes,No,4.0,7516.55,No
CUST-01217,44,Giza,3,One year,Fiber,146.9,444.89,3,4,0,Yes,No,3.0,5230.09,No
CUST-01218,56,Upper Egypt,16,Two year,Fiber,120.5,399.27,2,4,1,Yes,No,4.0,5628.15,No
CUST-01219,60,Cairo,18,Month-to-month,4G/5G,368.1,385.83,1,4,2,Yes,Yes,4.0,3424.48,No
CUST-01220,41,Alexandria,41,Month-to-month,DSL,179.1,506.28,5,0,1,Yes,Yes,2.0,5423.46,No
CUST-01221,52,Giza,29,Two year,Fiber,196.5,429.82,2,4,2,Yes,Yes,2.0,4775.57,No
CUST-01222,47,Delta,28,Month-to-month,4G/5G,361.3,326.18,1,1,1,No,Yes,4.0,3712.88,No
CUST-01223,68,Giza,53,One year,4G/5G,346.5,570.47,4,4,0,Yes,Yes,3.0,7365.06,No
CUST-01224,52,Giza,65,Month-to-month,Fiber,314.1,362.53,1,4,1,Yes,Yes,5.0,4381.05,No
CUST-01225,40,Cairo,36,Month-to-month,4G/5G,76.0,556.39,4,0,1,Yes,No,5.0,5809.51,No
CUST-01226,69,Delta,17,Month-to-month,Fiber,228.7,564.26,5,5,0,Yes,Yes,4.0,5864.18,No
CUST-01227,23,Delta,17,One year,Fiber,330.8,405.99,2,3,1,Yes,No,5.0,4784.46,No
CUST-01228,70,Cairo,49,One year,4G/5G,258.6,340.52,1,0,2,Yes,Yes,4.0,3699.8,No
CUST-01229,26,Giza,17,Month-to-month,Fiber,160.0,275.56,1,1,0,Yes,No,4.0,3096.62,No
CUST-01230,33,Upper Egypt,22,Month-to-month,4G/5G,199.0,295.79,1,5,1,No,Yes,4.0,2969.62,Yes
CUST-01231,61,Cairo,16,Month-to-month,Fiber,330.0,564.26,3,3,1,Yes,No,4.0,5997.15,Yes
CUST-01232,56,Cairo,9,Month-to-month,Fiber,367.5,619.51,3,1,0,Yes,No,5.0,6180.06,No
CUST-01233,69,Alexandria,72,Month-to-month,Fiber,229.5,661.63,5,5,3,Yes,Yes,3.0,6564.42,Yes
CUST-01234,57,Giza,22,Two year,DSL,168.2,388.14,3,0,1,Yes,No,2.0,5143.32,No
CUST-01235,51,Cairo,58,Month-to-month,4G/5G,228.7,529.33,4,2,1,Yes,Yes,2.0,5562.12,No
CUST-01236,36,Giza,17,Month-to-month,Fiber,350.9,582.8,3,1,1,Yes,No,5.0,6266.88,Yes
CUST-01237,18,Cairo,14,Month-to-month,Fiber,349.1,661.4,3,5,0,No,Yes,4.0,6151.52,Yes
CUST-01238,24,Alexandria,34,Month-to-month,Fiber,247.5,575.82,5,1,0,Yes,Yes,5.0,6275.49,No
CUST-01239,33,Delta,45,Month-to-month,Fiber,182.3,612.31,4,1,0,Yes,Yes,4.0,6194.95,No
CUST-01240,20,Alexandria,47,One year,DSL,327.4,449.37,4,5,0,No,No,3.0,5833.05,No
CUST-01241,44,Cairo,20,One year,DSL,376.1,537.8,3,4,0,No,No,5.0,7231.71,No
CUST-01242,59,Delta,37,One year,Fiber,99.2,518.55,5,2,0,Yes,No,3.0,5325.52,No
CUST-01243,69,Cairo,15,Month-to-month,Fiber,209.1,391.85,2,3,0,Yes,Yes,3.0,4529.18,No
CUST-01244,43,Delta,24,One year,DSL,228.7,331.28,1,3,0,Yes,Yes,4.0,4123.54,No
CUST-01245,64,Giza,18,Two year,Fiber,236.6,452.24,3,3,1,No,Yes,3.0,5489.0,No
CUST-01246,70,Delta,16,Two year,Fiber,186.0,444.12,2,6,1,Yes,Yes,4.0,5645.78,No
CUST-01247,63,Cairo,25,Two year,DSL,246.7,656.19,6,1,1,Yes,Yes,4.0,8070.15,No
CUST-01248,42,Cairo,9,Month-to-month,Fiber,263.4,553.94,6,4,0,Yes,Yes,4.0,5778.27,No
CUST-01249,35,Giza,42,Two year,Fiber,128.6,389.26,2,1,1,Yes,Yes,3.0,4742.29,No
CUST-01250,69,Cairo,16,One year,Fiber,238.2,435.74,3,3,2,Yes,No,2.0,5497.14,No
CUST-01251,30,Cairo,41,One year,4G/5G,263.1,514.74,3,2,0,Yes,Yes,3.0,6562.66,No
CUST-01252,39,Delta,11,One year,Fiber,185.8,498.74,2,0,0,Yes,No,3.0,6022.95,No
CUST-01253,21,Delta,16,Two year,Fiber,159.8,306.14,1,3,4,Yes,No,4.0,2904.31,No
CUST-01254,60,Cairo,9,Month-to-month,Fiber,181.6,600.32,6,3,0,No,No,3.0,5308.87,No
CUST-01255,52,Upper Egypt,9,One year,DSL,142.6,350.36,4,4,1,No,No,2.0,4020.98,Yes
CUST-01256,22,Delta,12,One year,4G/5G,306.6,588.67,3,2,1,Yes,Yes,2.0,6748.7,No
CUST-01257,29,Upper Egypt,11,One year,Fiber,228.7,476.3,2,2,0,Yes,No,4.0,6170.59,No
CUST-01258,47,Delta,9,One year,Fiber,247.0,390.05,3,1,0,No,Yes,4.0,3454.09,No
CUST-01259,46,Alexandria,23,Month-to-month,Fiber,196.3,460.65,2,2,1,No,Yes,3.0,4225.09,No
CUST-01260,60,Alexandria,34,Month-to-month,DSL,166.4,277.08,2,4,0,No,No,3.0,3380.17,Yes
CUST-01261,32,Alexandria,35,Month-to-month,Fiber,353.4,676.33,6,3,0,Yes,No,4.0,6673.7,No
CUST-01262,67,Upper Egypt,4,One year,4G/5G,218.2,434.26,4,2,1,Yes,Yes,4.0,4928.17,No
CUST-01263,41,Cairo,18,One year,Fiber,169.8,304.46,2,0,2,No,No,5.0,2998.83,No
CUST-01264,61,Cairo,17,Two year,Fiber,161.1,408.73,2,3,1,Yes,No,3.0,5802.23,No
CUST-01265,30,Cairo,54,One year,Fiber,260.5,718.24,5,2,0,Yes,Yes,3.0,8393.55,No
CUST-01266,19,Upper Egypt,19,One year,Fiber,304.4,524.74,4,0,0,No,No,4.0,6906.2,No
CUST-01267,20,Giza,21,Month-to-month,4G/5G,344.4,709.88,6,1,2,Yes,Yes,3.0,7449.09,No
CUST-01268,37,Alexandria,6,One year,Fiber,228.7,654.32,5,5,1,Yes,No,3.0,8143.46,No
CUST-01269,68,Delta,12,Two year,4G/5G,209.5,484.31,3,4,1,No,No,4.0,6309.57,No
CUST-01270,20,Upper Egypt,6,One year,Fiber,241.8,661.68,4,4,3,Yes,Yes,5.0,7375.91,No
CUST-01271,37,Cairo,24,Two year,DSL,245.0,475.65,3,3,2,Yes,No,4.0,5927.61,No
CUST-01272,23,Delta,55,Two year,Fiber,160.5,455.25,1,3,3,Yes,Yes,2.0,6702.29,No
CUST-01273,67,Upper Egypt,12,Month-to-month,4G/5G,361.6,329.33,1,2,0,Yes,No,5.0,3447.14,No
CUST-01274,53,Cairo,19,One year,Fiber,232.0,424.15,1,2,2,Yes,No,4.0,5473.39,No
CUST-01275,58,Delta,11,Month-to-month,DSL,278.1,683.79,6,5,0,Yes,No,4.0,6992.33,Yes
CUST-01276,55,Giza,14,Month-to-month,4G/5G,268.2,589.46,6,1,0,Yes,No,3.0,5642.12,Yes
CUST-01277,52,Alexandria,24,Month-to-month,DSL,266.4,239.48,3,2,1,Yes,No,5.0,2547.62,No
CUST-01278,59,Giza,72,Month-to-month,Fiber,139.6,553.36,6,1,1,Yes,Yes,2.0,6131.95,No
CUST-01279,18,Cairo,53,Month-to-month,4G/5G,229.4,522.32,5,7,1,No,No,2.0,5227.97,No
CUST-01280,63,Cairo,63,One year,Fiber,435.3,491.27,1,3,1,Yes,No,5.0,5952.27,No
CUST-01281,57,Cairo,41,Month-to-month,Fiber,372.8,460.53,2,4,0,No,Yes,3.0,4392.44,Yes
CUST-01282,57,Cairo,19,Month-to-month,DSL,244.1,422.94,3,0,2,Yes,Yes,5.0,4397.76,No
CUST-01283,38,Alexandria,17,Month-to-month,4G/5G,197.0,516.61,5,1,1,Yes,Yes,5.0,4988.11,No
CUST-01284,60,Giza,12,Month-to-month,Fiber,30.4,464.48,4,0,0,Yes,No,4.0,4994.8,No
CUST-01285,38,Cairo,1,Two year,4G/5G,185.2,431.75,3,6,1,No,No,3.0,6678.09,No
CUST-01286,20,Delta,18,Month-to-month,DSL,222.9,544.94,6,2,3,Yes,No,4.0,5443.76,No
CUST-01287,66,Delta,55,Month-to-month,Fiber,201.4,471.72,2,3,1,Yes,Yes,5.0,5802.12,No
CUST-01288,30,Alexandria,55,Two year,Fiber,207.7,724.85,6,1,0,Yes,No,4.0,9319.41,Yes
CUST-01289,23,Upper Egypt,72,Two year,DSL,286.0,485.5,5,5,5,Yes,No,3.0,6466.82,No
CUST-01290,50,Giza,26,One year,Fiber,140.0,580.14,5,1,1,Yes,Yes,4.0,7459.02,No
CUST-01291,30,Delta,8,One year,Fiber,254.5,313.1,1,0,3,Yes,Yes,2.0,4052.69,No
CUST-01292,63,Cairo,32,Month-to-month,Fiber,220.1,282.23,1,2,2,Yes,No,2.0,3337.34,Yes
CUST-01293,41,Delta,72,One year,4G/5G,150.6,644.24,6,1,0,No,No,3.0,7874.43,No
CUST-01294,18,Upper Egypt,60,Month-to-month,Fiber,380.7,770.06,5,1,3,No,Yes,4.0,7928.24,No
CUST-01295,68,Delta,15,Month-to-month,Fiber,297.3,444.92,2,0,0,No,No,2.0,3941.49,No
CUST-01296,45,Alexandria,8,Month-to-month,Fiber,159.2,731.34,6,2,2,Yes,No,4.0,7728.51,No
CUST-01297,31,Alexandria,8,One year,Fiber,276.6,419.44,2,1,1,Yes,Yes,4.0,4562.8,No
CUST-01298,53,Giza,13,Month-to-month,4G/5G,104.9,391.98,3,2,1,Yes,Yes,3.0,4438.33,No
CUST-01299,46,Alexandria,14,Month-to-month,DSL,170.3,431.43,2,4,2,No,No,1.0,4457.82,Yes
CUST-01300,19,Delta,18,Month-to-month,DSL,349.5,412.61,3,2,2,No,Yes,4.0,4538.73,No
CUST-01301,58,Upper Egypt,35,One year,4G/5G,261.6,624.84,5,2,0,Yes,No,5.0,8552.7,No
CUST-01302,39,Giza,17,Month-to-month,Fiber,254.4,372.52,1,2,2,Yes,Yes,4.0,4165.37,No
CUST-01303,55,Cairo,23,Month-to-month,4G/5G,318.8,611.52,6,2,1,Yes,Yes,4.0,5461.82,No
CUST-01304,65,Alexandria,5,Month-to-month,4G/5G,285.0,390.32,2,4,0,Yes,Yes,3.0,4183.84,No
CUST-01305,50,Cairo,12,One year,DSL,206.1,454.04,6,1,2,Yes,No,4.0,4451.41,Yes
CUST-01306,53,Cairo,12,Month-to-month,DSL,314.3,683.78,6,2,2,Yes,Yes,4.0,6539.22,No
CUST-01307,31,Giza,5,Two year,Fiber,78.0,502.08,4,2,0,Yes,Yes,4.0,6420.93,No
CUST-01308,30,Delta,17,Month-to-month,4G/5G,169.9,311.43,1,4,0,Yes,Yes,2.0,3447.04,No
CUST-01309,39,Cairo,6,Month-to-month,Fiber,221.3,505.97,4,3,2,Yes,Yes,4.0,4515.55,No
CUST-01310,63,Cairo,16,Month-to-month,DSL,279.3,563.28,5,2,1,No,No,3.0,5135.46,Yes
CUST-01311,45,Cairo,24,Month-to-month,Fiber,200.8,694.87,6,1,0,No,Yes,4.0,7169.57,No
CUST-01312,36,Upper Egypt,56,Month-to-month,DSL,69.4,231.29,1,1,0,No,Yes,1.0,3053.47,Yes
CUST-01313,59,Delta,11,Month-to-month,4G/5G,56.8,549.58,5,4,1,No,Yes,3.0,5340.25,Yes
CUST-01314,63,Cairo,24,Two year,DSL,223.9,375.2,2,2,0,Yes,Yes,4.0,6167.89,No
CUST-01315,65,Cairo,13,Month-to-month,Fiber,187.0,580.92,5,6,0,Yes,Yes,4.0,5667.98,No
CUST-01316,33,Alexandria,5,Month-to-month,DSL,148.1,491.46,4,4,1,Yes,Yes,3.0,5070.93,No
CUST-01317,55,Cairo,56,Month-to-month,4G/5G,133.0,552.62,6,6,0,Yes,No,1.0,5686.11,Yes
CUST-01318,49,Alexandria,25,Month-to-month,DSL,242.0,243.14,1,0,2,No,Yes,4.0,2366.56,No
CUST-01319,41,Giza,31,Month-to-month,4G/5G,347.2,549.02,4,3,3,Yes,Yes,5.0,5983.93,No
CUST-01320,39,Upper Egypt,62,Month-to-month,4G/5G,242.0,568.92,5,2,2,No,Yes,3.0,5274.43,No
CUST-01321,24,Cairo,16,Month-to-month,4G/5G,348.4,485.17,3,3,1,Yes,No,3.0,3827.03,No
CUST-01322,32,Alexandria,7,Month-to-month,Fiber,196.3,490.05,2,2,2,Yes,Yes,4.0,4685.15,No
CUST-01323,47,Cairo,11,Two year,DSL,269.9,405.09,2,4,0,No,No,4.0,5314.97,Yes
CUST-01324,64,Upper Egypt,7,One year,4G/5G,351.7,602.31,5,0,1,No,No,5.0,7607.35,Yes
CUST-01325,63,Upper Egypt,47,Two year,4G/5G,228.7,391.7,2,3,2,Yes,Yes,5.0,4761.0,No
CUST-01326,27,Delta,72,Month-to-month,Fiber,232.3,662.72,6,2,3,Yes,Yes,2.0,6658.75,No
CUST-01327,54,Giza,24,Two year,Fiber,196.3,453.53,2,6,0,Yes,No,3.0,6201.19,No
CUST-01328,22,Cairo,36,Month-to-month,Fiber,283.3,515.55,3,3,0,Yes,No,4.0,5470.84,No
CUST-01329,53,Delta,43,Month-to-month,4G/5G,311.2,639.76,6,1,1,No,Yes,3.0,6813.01,No
CUST-01330,36,Delta,65,One year,4G/5G,261.6,281.03,1,2,0,Yes,No,4.0,3804.49,No
CUST-01331,41,Cairo,72,Month-to-month,DSL,209.4,370.51,3,6,2,No,No,3.0,3891.5,No
CUST-01332,56,Giza,3,Month-to-month,Fiber,95.0,621.34,6,5,1,Yes,Yes,3.0,6173.41,Yes
CUST-01333,40,Giza,14,One year,Fiber,225.6,446.08,2,4,2,No,No,3.0,5095.94,No
CUST-01334,60,Delta,22,One year,4G/5G,212.7,309.14,2,4,1,Yes,Yes,2.0,3048.15,No
CUST-01335,46,Delta,12,Month-to-month,Fiber,251.2,359.57,1,3,1,No,No,3.0,3380.82,Yes
CUST-01336,70,Alexandria,18,Month-to-month,Fiber,240.5,335.26,1,2,0,Yes,Yes,3.0,3351.48,No
CUST-01337,51,Alexandria,30,Month-to-month,Fiber,371.5,566.23,2,4,3,No,Yes,3.0,5136.84,No
CUST-01338,33,Cairo,29,Two year,4G/5G,167.3,607.4,6,4,3,No,No,4.0,7602.87,No
CUST-01339,59,Giza,42,Month-to-month,DSL,88.2,442.2,4,2,2,Yes,Yes,3.0,4469.77,No
CUST-01340,39,Cairo,23,Month-to-month,Fiber,127.2,394.66,2,2,2,Yes,Yes,5.0,3885.7,No
CUST-01341,46,Delta,1,Month-to-month,Fiber,173.0,546.28,5,2,1,No,Yes,5.0,5802.49,No
CUST-01342,25,Giza,17,Two year,4G/5G,327.4,519.91,4,3,3,No,No,3.0,6904.73,No
CUST-01343,24,Giza,28,One year,Fiber,113.2,420.13,2,2,1,No,Yes,4.0,4028.66,No
CUST-01344,48,Cairo,44,Month-to-month,Fiber,125.3,383.29,2,1,1,Yes,No,5.0,3462.7,No
CUST-01345,27,Cairo,40,Two year,Fiber,267.3,479.23,2,3,1,Yes,No,3.0,5238.59,No
CUST-01346,70,Alexandria,20,Month-to-month,Fiber,306.4,639.31,5,2,1,Yes,Yes,3.0,6100.72,No
CUST-01347,63,Cairo,13,Two year,4G/5G,90.6,525.67,5,1,0,No,No,5.0,6874.17,No
CUST-01348,55,Cairo,21,Month-to-month,4G/5G,70.5,465.86,4,4,3,Yes,Yes,4.0,4553.35,No
CUST-01349,56,Delta,4,Month-to-month,Fiber,159.2,436.56,3,1,0,Yes,Yes,5.0,4885.35,No
CUST-01350,49,Giza,14,Month-to-month,4G/5G,289.2,512.78,4,1,2,No,Yes,4.0,4970.4,No
CUST-01351,21,Giza,49,Two year,Fiber,242.9,712.28,6,2,0,Yes,Yes,3.0,9103.02,No
CUST-01352,38,Giza,21,Two year,4G/5G,162.5,582.2,4,2,1,Yes,No,4.0,7428.92,No
CUST-01353,44,Delta,29,One year,Fiber,296.5,623.18,4,1,2,No,No,4.0,7072.2,No
CUST-01354,66,Giza,6,Month-to-month,Fiber,241.2,288.26,2,1,0,Yes,Yes,5.0,2463.31,No
CUST-01355,29,Delta,43,Month-to-month,4G/5G,220.3,407.03,3,3,1,Yes,Yes,5.0,4755.82,No
CUST-01356,44,Upper Egypt,20,Month-to-month,4G/5G,84.7,293.5,1,3,0,No,Yes,5.0,3438.2,No
CUST-01357,36,Alexandria,28,Month-to-month,4G/5G,160.7,365.65,3,3,4,No,Yes,4.0,4134.47,No
CUST-01358,25,Giza,32,Month-to-month,DSL,406.1,531.35,5,4,2,Yes,No,5.0,4776.74,No
CUST-01359,23,Delta,42,One year,4G/5G,199.7,527.87,5,4,0,Yes,Yes,2.0,5597.72,No
CUST-01360,37,Giza,25,One year,DSL,143.9,568.67,6,1,0,Yes,No,4.0,6438.42,No
CUST-01361,22,Giza,20,Two year,Fiber,195.6,513.29,3,2,3,Yes,Yes,3.0,6625.36,Yes
CUST-01362,21,Alexandria,8,Month-to-month,Fiber,240.7,586.27,5,3,0,Yes,No,5.0,6314.0,No
CUST-01363,36,Cairo,6,Month-to-month,DSL,309.5,533.18,5,0,1,Yes,No,3.0,5289.42,Yes
CUST-01364,28,Cairo,25,Month-to-month,DSL,285.9,502.24,5,3,1,Yes,Yes,5.0,5190.58,No
CUST-01365,47,Giza,28,Month-to-month,4G/5G,169.1,567.15,5,1,0,Yes,No,3.0,6073.07,Yes
CUST-01366,18,Cairo,31,One year,DSL,344.4,485.08,3,1,2,No,No,4.0,5539.98,No
CUST-01367,33,Giza,11,One year,Fiber,303.3,570.15,3,1,0,Yes,Yes,3.0,7201.69,No
CUST-01368,42,Alexandria,14,Month-to-month,Fiber,189.9,539.31,4,2,1,Yes,Yes,3.0,6151.23,No
CUST-01369,69,Upper Egypt,24,Month-to-month,4G/5G,218.5,375.9,3,5,2,No,Yes,4.0,3280.18,No
CUST-01370,51,Cairo,16,Two year,Fiber,284.1,603.75,5,3,1,Yes,No,4.0,7720.52,No
CUST-01371,64,Alexandria,72,Month-to-month,4G/5G,326.7,701.29,6,2,0,No,No,3.0,6538.61,No
CUST-01372,36,Giza,14,Month-to-month,Fiber,93.3,235.01,1,1,1,No,Yes,4.0,2055.36,No
CUST-01373,41,Cairo,30,One year,Fiber,236.3,545.14,4,6,0,No,No,5.0,6875.87,No
CUST-01374,40,Cairo,39,One year,4G/5G,227.2,467.02,3,0,4,No,No,3.0,4544.44,No
CUST-01375,65,Cairo,40,Month-to-month,Fiber,178.6,473.09,1,2,1,No,No,5.0,4577.28,No
CUST-01376,68,Cairo,15,One year,4G/5G,178.2,344.65,2,3,3,Yes,Yes,4.0,4456.74,No
CUST-01377,69,Cairo,33,Two year,Fiber,324.9,631.77,5,1,0,Yes,No,3.0,8390.01,No
CUST-01378,57,Giza,30,Month-to-month,DSL,278.1,528.5,3,3,1,Yes,No,4.0,5662.4,No
CUST-01379,44,Alexandria,33,Month-to-month,DSL,419.6,347.09,1,1,1,No,No,5.0,3131.66,No
CUST-01380,46,Cairo,24,One year,4G/5G,178.7,602.02,5,1,2,Yes,Yes,4.0,7061.28,No
CUST-01381,69,Cairo,39,One year,Fiber,242.3,463.69,2,1,1,Yes,Yes,4.0,6494.41,No
CUST-01382,33,Cairo,26,Month-to-month,Fiber,257.9,490.84,3,3,1,Yes,Yes,1.0,4406.37,No
CUST-01383,36,Alexandria,7,Month-to-month,DSL,228.7,417.89,2,2,2,Yes,No,2.0,3686.8,Yes
CUST-01384,65,Giza,26,One year,4G/5G,352.3,600.74,5,1,2,Yes,No,4.0,7288.16,Yes
CUST-01385,38,Alexandria,28,Month-to-month,4G/5G,238.4,744.78,6,2,1,Yes,No,2.0,6766.23,Yes
CUST-01386,30,Cairo,37,Month-to-month,4G/5G,131.5,466.35,6,0,3,No,Yes,4.0,4892.83,No
CUST-01387,47,Cairo,25,Month-to-month,DSL,166.0,267.55,1,2,1,Yes,No,4.0,2040.8,Yes
CUST-01388,35,Upper Egypt,66,Month-to-month,DSL,242.8,573.36,6,1,2,No,No,3.0,4645.09,No
CUST-01389,65,Cairo,21,Two year,4G/5G,331.0,538.43,4,4,1,No,Yes,2.0,7026.09,No
CUST-01390,66,Cairo,15,One year,4G/5G,99.8,572.36,5,4,0,Yes,Yes,3.0,6330.26,No
CUST-01391,34,Cairo,53,Month-to-month,4G/5G,124.7,277.8,1,1,0,Yes,No,4.0,2930.61,No
CUST-01392,46,Upper Egypt,20,Two year,4G/5G,298.1,670.36,6,3,0,No,No,5.0,9260.54,No
CUST-01393,70,Alexandria,23,Month-to-month,4G/5G,113.6,365.89,2,0,1,No,Yes,1.0,3800.62,No
CUST-01394,57,Alexandria,28,Month-to-month,Fiber,128.7,500.04,3,0,1,Yes,No,4.0,4488.09,No
CUST-01395,29,Upper Egypt,26,Month-to-month,Fiber,332.3,688.72,6,4,1,Yes,Yes,2.0,6870.34,Yes
CUST-01396,49,Cairo,33,One year,4G/5G,210.1,572.55,5,2,0,Yes,No,4.0,6808.29,No
CUST-01397,50,Upper Egypt,36,One year,DSL,203.2,455.43,4,2,1,Yes,No,3.0,5644.89,No
CUST-01398,52,Cairo,14,One year,Fiber,353.1,594.96,5,0,1,Yes,Yes,5.0,7072.11,No
CUST-01399,19,Alexandria,9,Month-to-month,DSL,134.3,468.99,3,2,1,Yes,Yes,3.0,3898.22,Yes
CUST-01400,33,Giza,9,Month-to-month,DSL,116.2,497.25,6,3,1,Yes,No,5.0,4678.37,No
CUST-01401,63,Giza,49,Month-to-month,4G/5G,376.6,371.8,1,1,2,Yes,No,5.0,2839.62,No
CUST-01402,30,Upper Egypt,19,Two year,4G/5G,251.0,468.25,4,2,1,Yes,Yes,3.0,6162.14,No
CUST-01403,33,Cairo,39,Month-to-month,Fiber,291.2,427.76,1,2,2,No,Yes,4.0,4497.41,Yes
CUST-01404,35,Upper Egypt,36,One year,Fiber,202.0,455.46,3,1,0,No,Yes,4.0,5320.62,No
CUST-01405,27,Giza,23,One year,Fiber,220.4,627.09,4,1,3,Yes,No,3.0,7076.54,Yes
CUST-01406,26,Alexandria,11,Month-to-month,4G/5G,166.7,622.7,6,2,1,No,No,3.0,5585.13,Yes
CUST-01407,36,Upper Egypt,37,Month-to-month,Fiber,258.6,653.05,6,2,5,No,Yes,3.0,6602.96,No
CUST-01408,64,Cairo,23,Month-to-month,DSL,304.8,505.8,5,1,1,Yes,Yes,2.0,4330.58,No
CUST-01409,18,Upper Egypt,8,One year,DSL,247.6,583.01,6,2,1,Yes,Yes,3.0,6616.43,Yes
CUST-01410,33,Alexandria,16,Two year,DSL,325.5,372.28,1,4,0,Yes,Yes,3.0,4381.89,No
CUST-01411,21,Delta,5,Month-to-month,DSL,289.6,492.53,4,2,1,No,Yes,4.0,4960.75,No
CUST-01412,47,Cairo,16,Two year,DSL,135.6,428.82,4,3,0,No,No,4.0,6218.91,No
CUST-01413,31,Alexandria,24,Month-to-month,DSL,217.0,246.32,1,0,1,Yes,No,3.0,1631.4,No
CUST-01414,59,Alexandria,21,Month-to-month,Fiber,189.6,655.44,4,2,2,Yes,Yes,3.0,6574.21,No
CUST-01415,49,Giza,19,Two year,Fiber,297.8,397.11,1,2,2,No,No,4.0,5905.08,No
CUST-01416,59,Cairo,24,Two year,DSL,271.5,412.59,4,1,1,No,Yes,4.0,5547.13,No
CUST-01417,51,Cairo,32,Month-to-month,Fiber,241.5,382.63,2,2,0,Yes,No,3.0,3677.77,Yes
CUST-01418,41,Delta,41,One year,4G/5G,321.2,633.14,6,2,1,Yes,No,2.0,7389.67,No
CUST-01419,63,Cairo,44,Two year,Fiber,62.1,480.56,2,3,1,No,Yes,3.0,6111.82,Yes
CUST-01420,43,Delta,13,One year,4G/5G,175.7,477.4,4,1,1,Yes,No,3.0,6474.02,Yes
CUST-01421,68,Upper Egypt,47,One year,Fiber,228.7,509.06,4,3,2,No,Yes,5.0,6552.95,No
CUST-01422,70,Cairo,23,Month-to-month,4G/5G,252.7,672.47,6,2,0,No,No,4.0,7134.5,No
CUST-01423,49,Cairo,17,Month-to-month,Fiber,279.8,561.78,3,1,1,Yes,Yes,3.0,6453.02,No
CUST-01424,53,Alexandria,10,One year,DSL,229.9,453.61,3,2,0,Yes,No,5.0,6171.71,No
CUST-01425,31,Cairo,1,Month-to-month,Fiber,111.7,568.42,5,3,2,No,Yes,3.0,5310.8,No
CUST-01426,61,Alexandria,30,Month-to-month,DSL,266.6,260.57,1,0,1,Yes,Yes,5.0,2900.38,No
CUST-01427,53,Delta,30,Month-to-month,Fiber,241.5,510.47,4,3,1,Yes,Yes,5.0,6289.94,No
CUST-01428,65,Alexandria,15,Month-to-month,4G/5G,97.8,314.67,3,2,1,Yes,No,5.0,2987.62,No
CUST-01429,32,Giza,15,Month-to-month,DSL,203.4,559.98,6,4,1,Yes,Yes,4.0,5459.18,No
CUST-01430,59,Delta,20,Month-to-month,4G/5G,263.7,496.84,4,3,2,Yes,Yes,4.0,4414.57,Yes
CUST-01431,42,Alexandria,17,Month-to-month,DSL,378.8,554.88,5,3,0,No,Yes,4.0,4780.42,No
CUST-01432,27,Cairo,12,Month-to-month,DSL,132.0,505.51,5,3,2,Yes,Yes,4.0,4515.71,No
CUST-01433,27,Alexandria,9,Two year,4G/5G,301.1,333.28,1,5,0,Yes,Yes,3.0,4057.23,No
CUST-01434,47,Upper Egypt,47,One year,Fiber,133.1,491.86,4,4,3,Yes,Yes,3.0,5441.87,No
CUST-01435,34,Alexandria,16,Month-to-month,DSL,228.7,457.2,5,2,0,Yes,Yes,5.0,5034.88,No
CUST-01436,23,Giza,30,Month-to-month,Fiber,121.0,449.21,3,7,0,No,No,4.0,4669.27,No
CUST-01437,40,Giza,34,Month-to-month,DSL,284.5,403.15,2,3,1,Yes,Yes,5.0,4698.4,No
CUST-01438,52,Cairo,31,One year,Fiber,241.7,422.89,3,4,2,No,Yes,2.0,4953.17,No
CUST-01439,34,Cairo,35,One year,Fiber,201.7,396.56,1,1,1,Yes,No,3.0,4868.82,No
CUST-01440,68,Cairo,30,One year,DSL,271.2,612.59,6,3,1,Yes,Yes,4.0,7148.93,No
CUST-01441,59,Upper Egypt,14,One year,Fiber,233.7,406.82,1,0,0,Yes,No,3.0,5775.07,No
CUST-01442,45,Cairo,18,Month-to-month,Fiber,239.9,393.51,1,2,0,No,Yes,2.0,3742.71,No
CUST-01443,67,Delta,47,Month-to-month,Fiber,202.7,391.91,1,0,2,Yes,Yes,4.0,4435.74,No
CUST-01444,40,Cairo,15,Month-to-month,4G/5G,137.5,339.4,2,2,2,No,No,5.0,2919.76,No
CUST-01445,25,Cairo,23,Month-to-month,Fiber,382.2,519.63,2,4,0,Yes,Yes,3.0,5109.16,No
CUST-01446,19,Giza,32,Month-to-month,Fiber,356.0,658.25,4,4,0,No,No,4.0,7544.59,No
CUST-01447,67,Giza,58,One year,4G/5G,373.1,369.54,1,1,0,No,Yes,5.0,5166.65,No
CUST-01448,68,Delta,44,Month-to-month,4G/5G,181.5,518.71,5,2,1,No,Yes,5.0,4745.21,No
CUST-01449,57,Upper Egypt,11,One year,Fiber,168.6,503.76,3,4,2,Yes,Yes,3.0,5313.03,No
CUST-01450,23,Upper Egypt,29,Month-to-month,DSL,192.7,372.76,3,1,0,Yes,Yes,2.0,4514.95,No
CUST-01451,33,Cairo,27,Month-to-month,Fiber,326.7,544.58,4,4,3,Yes,No,4.0,5291.99,No
CUST-01452,20,Delta,18,One year,4G/5G,230.0,365.61,1,2,2,Yes,Yes,5.0,4290.25,No
CUST-01453,20,Cairo,23,Month-to-month,Fiber,181.1,505.15,4,1,2,No,Yes,5.0,4692.61,No
CUST-01454,31,Upper Egypt,13,Month-to-month,Fiber,262.7,627.04,4,1,1,Yes,Yes,3.0,5931.26,No
CUST-01455,48,Giza,20,Month-to-month,Fiber,163.7,551.57,5,2,1,Yes,Yes,5.0,6198.96,No
CUST-01456,21,Giza,15,One year,DSL,108.0,215.99,1,3,1,Yes,Yes,5.0,2496.41,No
CUST-01457,70,Cairo,24,Month-to-month,Fiber,241.6,386.56,1,0,2,Yes,Yes,2.0,3427.27,No
CUST-01458,42,Cairo,18,Two year,4G/5G,183.6,348.7,1,0,0,Yes,Yes,5.0,5111.55,No
CUST-01459,31,Cairo,61,Two year,DSL,228.8,599.55,6,3,1,No,No,4.0,7539.51,No
CUST-01460,45,Upper Egypt,25,One year,DSL,10.0,363.44,3,6,1,Yes,No,3.0,3943.87,No
CUST-01461,59,Delta,22,Month-to-month,4G/5G,149.7,336.47,2,5,3,Yes,Yes,4.0,3282.17,No
CUST-01462,34,Upper Egypt,19,One year,Fiber,225.9,443.31,1,3,2,Yes,Yes,4.0,5229.66,No
CUST-01463,20,Cairo,18,Month-to-month,Fiber,93.5,294.5,2,2,0,Yes,Yes,3.0,2722.32,No
CUST-01464,20,Alexandria,8,Two year,Fiber,96.6,398.76,3,2,1,Yes,No,3.0,5369.4,No
CUST-01465,63,Cairo,38,Month-to-month,4G/5G,233.5,620.84,6,1,4,Yes,Yes,3.0,5939.49,No
CUST-01466,23,Alexandria,53,Month-to-month,Fiber,293.1,588.05,5,2,4,Yes,Yes,4.0,4801.09,No
CUST-01467,51,Giza,15,Month-to-month,4G/5G,149.7,569.87,6,2,0,Yes,No,3.0,6000.21,Yes
CUST-01468,38,Cairo,46,One year,DSL,206.4,244.44,1,1,0,No,Yes,2.0,2891.02,No
CUST-01469,59,Alexandria,72,Two year,DSL,208.5,452.78,4,3,5,No,Yes,3.0,6113.38,No
CUST-01470,21,Cairo,72,Month-to-month,DSL,89.4,389.44,3,3,1,No,No,3.0,5081.0,No
CUST-01471,65,Giza,52,Month-to-month,Fiber,336.5,448.43,2,0,0,Yes,No,2.0,4587.15,No
CUST-01472,55,Alexandria,9,One year,Fiber,213.5,437.8,3,7,2,Yes,Yes,5.0,4893.19,No
CUST-01473,41,Cairo,9,Two year,4G/5G,214.5,476.16,4,0,2,Yes,Yes,4.0,6727.92,No
CUST-01474,28,Upper Egypt,35,One year,Fiber,263.6,455.87,1,3,1,Yes,Yes,2.0,4999.6,No
CUST-01475,69,Giza,23,Month-to-month,DSL,89.6,589.3,6,4,1,No,Yes,2.0,6542.49,No
CUST-01476,34,Delta,3,One year,4G/5G,312.8,567.57,5,3,1,Yes,No,3.0,6348.54,Yes
CUST-01477,43,Alexandria,17,Two year,Fiber,324.6,721.29,6,1,2,Yes,No,2.0,8764.54,Yes
CUST-01478,38,Delta,34,Month-to-month,Fiber,242.6,386.2,1,1,3,No,Yes,3.0,4789.46,No
CUST-01479,30,Delta,20,Month-to-month,Fiber,271.6,468.83,1,1,0,Yes,Yes,4.0,4971.61,No
CUST-01480,40,Upper Egypt,23,Month-to-month,Fiber,200.7,656.78,6,3,2,Yes,Yes,4.0,7112.38,No
CUST-01481,26,Alexandria,9,Month-to-month,4G/5G,307.7,635.84,6,4,2,No,No,4.0,6104.65,No
CUST-01482,18,Cairo,16,One year,4G/5G,155.9,567.25,4,2,2,Yes,Yes,3.0,6474.75,No
CUST-01483,33,Cairo,35,Month-to-month,Fiber,227.1,385.48,2,3,0,No,No,4.0,2786.78,Yes
CUST-01484,23,Alexandria,16,Month-to-month,4G/5G,232.5,415.89,2,3,0,Yes,No,5.0,4827.99,No
CUST-01485,39,Cairo,49,Month-to-month,Fiber,226.5,676.21,5,1,1,No,Yes,1.0,6727.7,No
CUST-01486,63,Cairo,23,Two year,4G/5G,326.2,690.6,6,3,0,No,No,4.0,9003.41,No
CUST-01487,26,Cairo,30,Two year,4G/5G,426.9,595.28,5,5,0,Yes,No,2.0,8005.46,No
CUST-01488,18,Alexandria,34,Month-to-month,Fiber,220.1,443.73,3,3,2,No,No,5.0,4540.51,No
CUST-01489,23,Cairo,33,One year,DSL,272.3,466.02,5,6,4,Yes,Yes,4.0,4917.17,Yes
CUST-01490,44,Alexandria,10,Month-to-month,4G/5G,157.8,451.52,2,6,1,No,Yes,4.0,4659.39,No
CUST-01491,32,Delta,12,Two year,Fiber,322.9,355.38,1,3,2,Yes,Yes,3.0,4449.36,No
CUST-01492,43,Delta,3,One year,Fiber,183.4,513.94,3,2,0,Yes,Yes,4.0,6465.71,Yes
CUST-01493,19,Cairo,18,Month-to-month,DSL,513.1,446.51,3,1,3,Yes,Yes,4.0,4163.16,Yes
CUST-01494,35,Alexandria,11,Two year,Fiber,79.6,630.9,4,0,1,Yes,No,1.0,7697.74,No
CUST-01495,39,Alexandria,16,Month-to-month,Fiber,423.3,601.43,5,2,3,Yes,Yes,4.0,5484.53,No
CUST-01496,40,Giza,19,One year,Fiber,319.2,638.64,5,0,1,Yes,Yes,4.0,7121.05,No
CUST-01497,47,Alexandria,25,Month-to-month,DSL,129.0,390.68,2,1,0,Yes,No,2.0,3706.64,No
CUST-01498,59,Cairo,20,One year,Fiber,438.8,588.06,4,4,2,No,Yes,4.0,7047.63,No
CUST-01499,42,Upper Egypt,20,Month-to-month,DSL,146.4,306.66,1,2,0,No,Yes,4.0,2952.94,No
CUST-01500,62,Cairo,29,Month-to-month,Fiber,201.7,631.15,6,1,0,Yes,No,5.0,5923.61,Yes
CUST-01501,46,Delta,22,Month-to-month,Fiber,113.3,469.41,3,1,0,Yes,Yes,3.0,5098.88,No
CUST-01502,31,Alexandria,40,Two year,DSL,216.8,636.83,6,2,1,Yes,Yes,4.0,8305.51,No
CUST-01503,30,Cairo,22,Month-to-month,Fiber,225.3,632.04,6,1,5,No,Yes,4.0,6191.47,No
CUST-01504,35,Delta,58,One year,DSL,304.7,473.12,2,3,2,No,No,1.0,5407.63,No
CUST-01505,49,Cairo,10,Month-to-month,Fiber,449.4,485.17,1,4,1,No,No,3.0,4473.94,No
CUST-01506,30,Delta,18,Two year,DSL,183.8,672.02,6,3,3,No,No,4.0,7712.39,No
CUST-01507,66,Alexandria,14,Month-to-month,Fiber,10.0,363.04,3,3,0,Yes,Yes,1.0,3039.61,No
CUST-01508,43,Cairo,26,One year,4G/5G,288.4,329.26,1,4,1,Yes,No,4.0,3671.42,No
CUST-01509,63,Cairo,10,Two year,Fiber,180.5,515.8,4,2,2,Yes,Yes,4.0,6733.67,No
CUST-01510,54,Delta,6,Month-to-month,4G/5G,393.7,612.9,6,3,1,Yes,No,4.0,5937.65,No
CUST-01511,35,Cairo,12,Month-to-month,Fiber,226.9,597.14,4,0,0,Yes,Yes,4.0,5507.76,No
CUST-01512,30,Upper Egypt,7,Two year,Fiber,161.7,407.27,2,2,1,Yes,Yes,3.0,4006.37,No
CUST-01513,57,Delta,20,Month-to-month,DSL,138.8,319.72,3,4,0,No,No,4.0,3620.75,No
CUST-01514,35,Delta,25,Month-to-month,Fiber,286.1,413.45,2,3,1,Yes,No,4.0,4609.71,No
CUST-01515,31,Cairo,6,Month-to-month,Fiber,205.2,490.14,4,4,0,Yes,Yes,4.0,5371.81,No
CUST-01516,67,Delta,17,One year,4G/5G,362.1,553.4,3,0,1,No,No,2.0,5953.16,Yes
CUST-01517,43,Upper Egypt,44,Two year,4G/5G,211.0,470.34,3,1,1,Yes,Yes,4.0,6771.94,No
CUST-01518,20,Cairo,52,One year,DSL,357.3,403.49,2,1,2,Yes,Yes,4.0,5186.06,No
CUST-01519,44,Giza,37,One year,4G/5G,105.8,275.11,1,1,0,Yes,Yes,4.0,3860.77,No
CUST-01520,42,Cairo,2,Month-to-month,Fiber,73.5,529.81,5,2,4,Yes,Yes,3.0,4534.79,No
CUST-01521,63,Giza,24,Month-to-month,Fiber,304.6,728.72,5,2,2,Yes,Yes,2.0,6841.08,Yes
CUST-01522,55,Delta,47,Month-to-month,4G/5G,188.2,313.65,1,5,2,Yes,No,2.0,3954.97,No
CUST-01523,28,Giza,16,Month-to-month,Fiber,206.3,475.55,2,1,1,Yes,No,5.0,5585.97,No
CUST-01524,25,Alexandria,8,Month-to-month,Fiber,138.9,439.67,3,1,1,Yes,Yes,4.0,4353.59,No
CUST-01525,49,Cairo,45,One year,Fiber,132.3,602.81,4,2,1,Yes,No,5.0,7411.0,No
CUST-01526,20,Cairo,49,Month-to-month,Fiber,287.2,612.08,6,1,1,No,Yes,5.0,5286.36,Yes
CUST-01527,34,Cairo,22,Month-to-month,Fiber,228.3,646.14,5,3,0,Yes,No,3.0,6939.67,No
CUST-01528,25,Delta,8,Month-to-month,Fiber,134.6,469.37,4,2,0,Yes,No,3.0,5008.88,No
CUST-01529,19,Alexandria,5,Month-to-month,DSL,301.1,676.17,5,2,1,Yes,No,3.0,6649.21,Yes
CUST-01530,66,Giza,28,Month-to-month,4G/5G,335.7,585.94,4,4,4,Yes,No,4.0,5273.29,Yes
CUST-01531,22,Delta,14,Month-to-month,4G/5G,220.2,519.97,6,2,1,Yes,No,2.0,5026.8,No
CUST-01532,18,Cairo,21,Month-to-month,Fiber,320.3,640.48,6,1,2,Yes,Yes,4.0,6879.47,No
CUST-01533,67,Cairo,19,Month-to-month,Fiber,139.8,495.82,3,5,0,No,No,4.0,5218.77,No
CUST-01534,27,Cairo,11,One year,DSL,281.9,363.32,1,1,2,No,No,2.0,5297.49,No
CUST-01535,61,Upper Egypt,5,Two year,Fiber,244.6,695.0,6,2,1,No,Yes,2.0,9123.81,No
CUST-01536,19,Delta,16,One year,Fiber,158.8,418.94,2,2,2,No,Yes,4.0,4512.2,No
CUST-01537,26,Alexandria,24,One year,DSL,414.8,415.07,2,1,2,Yes,Yes,5.0,4817.17,No
CUST-01538,23,Cairo,25,Two year,4G/5G,250.9,410.13,1,3,0,Yes,Yes,3.0,5164.03,No
CUST-01539,55,Cairo,13,Month-to-month,Fiber,176.8,534.67,5,0,4,Yes,No,4.0,5375.43,No
CUST-01540,50,Alexandria,49,One year,DSL,231.8,366.01,2,3,1,Yes,Yes,3.0,5032.69,No
CUST-01541,43,Giza,9,Month-to-month,DSL,151.7,518.55,6,1,0,Yes,Yes,4.0,5990.94,No
CUST-01542,30,Upper Egypt,42,Month-to-month,4G/5G,125.9,319.34,2,5,5,Yes,Yes,3.0,2789.45,Yes
CUST-01543,22,Delta,24,Month-to-month,Fiber,189.6,341.78,1,5,1,No,Yes,3.0,3669.71,Yes
CUST-01544,48,Giza,16,Month-to-month,4G/5G,195.6,453.91,4,2,4,Yes,No,5.0,4904.75,No
CUST-01545,30,Delta,30,One year,4G/5G,157.6,400.13,2,2,1,No,No,4.0,5580.91,No
CUST-01546,49,Upper Egypt,19,Month-to-month,Fiber,342.6,399.0,2,1,1,No,Yes,2.0,3335.93,No
CUST-01547,54,Giza,6,One year,DSL,161.1,304.92,1,3,2,Yes,No,4.0,3868.51,No
CUST-01548,63,Alexandria,8,Two year,DSL,146.1,405.63,4,4,1,Yes,Yes,5.0,4865.44,No
CUST-01549,44,Upper Egypt,18,Month-to-month,Fiber,123.3,398.52,2,2,3,Yes,Yes,4.0,3569.35,Yes
CUST-01550,18,Cairo,14,Month-to-month,Fiber,114.6,549.38,5,2,1,Yes,Yes,3.0,4764.14,Yes
CUST-01551,32,Upper Egypt,41,Month-to-month,Fiber,322.5,445.08,2,2,0,No,Yes,3.0,4331.54,No
CUST-01552,63,Cairo,14,Month-to-month,4G/5G,253.2,527.95,3,2,0,No,Yes,3.0,4599.26,No
CUST-01553,46,Alexandria,13,Two year,Fiber,292.1,495.61,3,5,1,Yes,No,3.0,5858.34,No
CUST-01554,50,Delta,12,One year,DSL,321.7,545.92,4,1,1,Yes,Yes,3.0,5950.94,No
CUST-01555,42,Alexandria,11,One year,Fiber,200.0,630.4,5,2,0,No,No,3.0,7542.33,No
CUST-01556,26,Giza,11,Month-to-month,DSL,362.5,342.76,1,0,1,Yes,Yes,5.0,3578.47,No
CUST-01557,65,Alexandria,7,One year,DSL,173.6,271.78,2,0,0,No,Yes,4.0,2680.83,No
CUST-01558,58,Cairo,25,One year,DSL,131.4,441.41,5,3,0,Yes,No,5.0,6737.71,No
CUST-01559,70,Cairo,20,Month-to-month,DSL,263.6,665.51,6,5,1,Yes,No,3.0,6249.35,Yes
CUST-01560,63,Cairo,19,Month-to-month,Fiber,243.0,524.43,3,4,2,Yes,No,3.0,4445.53,Yes
CUST-01561,33,Alexandria,5,Month-to-month,Fiber,242.9,394.93,1,5,0,Yes,Yes,4.0,4303.66,No
CUST-01562,31,Giza,29,Month-to-month,DSL,321.4,585.94,6,2,1,Yes,Yes,4.0,5847.32,No
CUST-01563,31,Cairo,31,Two year,Fiber,239.6,646.28,4,0,0,Yes,No,4.0,8174.92,No
CUST-01564,66,Upper Egypt,56,One year,4G/5G,258.2,470.36,4,3,0,Yes,Yes,4.0,6081.44,No
CUST-01565,47,Giza,30,Month-to-month,DSL,352.4,471.58,3,4,2,No,No,5.0,4461.43,No
CUST-01566,42,Giza,64,Two year,4G/5G,254.0,599.12,5,1,0,Yes,Yes,3.0,7903.95,No
CUST-01567,69,Giza,13,Month-to-month,Fiber,274.5,382.49,2,0,1,No,Yes,4.0,4524.64,No
CUST-01568,49,Cairo,58,Month-to-month,DSL,102.4,327.2,3,0,2,Yes,No,4.0,3528.17,No
CUST-01569,66,Delta,30,Two year,Fiber,564.7,704.43,5,3,1,Yes,No,4.0,9437.64,No
CUST-01570,70,Giza,28,Two year,4G/5G,86.8,445.4,3,5,1,Yes,No,4.0,5683.61,No
CUST-01571,22,Cairo,19,One year,DSL,181.5,539.87,6,4,1,No,No,3.0,6393.72,No
CUST-01572,37,Upper Egypt,16,Month-to-month,DSL,178.7,318.93,3,3,1,Yes,Yes,2.0,2778.32,Yes
CUST-01573,56,Delta,14,Two year,DSL,419.7,460.22,4,2,0,Yes,Yes,4.0,5766.74,No
CUST-01574,61,Delta,59,One year,Fiber,175.9,484.67,4,3,0,No,Yes,2.0,5736.56,No
CUST-01575,25,Upper Egypt,18,One year,DSL,269.8,460.56,5,1,1,Yes,No,4.0,5192.55,No
CUST-01576,34,Upper Egypt,31,Month-to-month,4G/5G,179.4,530.43,4,1,3,No,No,2.0,5446.93,Yes
CUST-01577,47,Giza,35,Month-to-month,Fiber,136.4,501.26,3,2,1,No,No,5.0,5427.4,Yes
CUST-01578,60,Alexandria,35,Two year,4G/5G,281.3,582.29,5,1,3,Yes,Yes,3.0,6350.5,No
CUST-01579,23,Alexandria,25,Two year,4G/5G,165.3,523.34,5,4,0,Yes,Yes,5.0,7832.17,No
CUST-01580,49,Cairo,58,One year,4G/5G,248.7,390.29,1,3,3,No,No,3.0,4920.95,No
CUST-01581,33,Cairo,29,Month-to-month,4G/5G,286.4,567.34,4,1,1,No,No,3.0,6110.4,No
CUST-01582,29,Cairo,13,One year,Fiber,401.6,668.34,6,1,0,Yes,Yes,4.0,7846.99,No
CUST-01583,45,Alexandria,17,Month-to-month,DSL,116.4,382.57,4,1,1,No,Yes,4.0,3213.49,No
CUST-01584,39,Delta,5,Month-to-month,Fiber,216.2,691.03,6,0,0,No,No,3.0,6137.25,Yes
CUST-01585,51,Delta,27,Month-to-month,4G/5G,220.0,463.47,3,2,4,Yes,No,3.0,5081.32,No
CUST-01586,34,Cairo,32,Month-to-month,Fiber,230.1,470.88,2,3,2,No,No,3.0,3875.2,No
CUST-01587,61,Cairo,34,One year,4G/5G,461.2,491.09,3,5,3,Yes,No,4.0,5158.93,No
CUST-01588,22,Giza,30,Month-to-month,Fiber,214.4,335.13,1,5,2,Yes,No,2.0,3052.05,No
CUST-01589,63,Alexandria,19,Month-to-month,Fiber,10.0,324.31,1,1,1,No,No,2.0,2567.43,No
CUST-01590,19,Upper Egypt,22,Two year,Fiber,212.1,503.11,4,3,0,No,No,5.0,7028.67,No
CUST-01591,57,Upper Egypt,22,One year,DSL,219.3,219.75,1,1,1,Yes,Yes,5.0,3163.69,No
CUST-01592,36,Upper Egypt,41,Month-to-month,Fiber,208.3,337.48,1,3,1,Yes,Yes,3.0,3689.99,No
CUST-01593,38,Delta,4,Month-to-month,Fiber,165.3,456.54,3,4,0,Yes,Yes,2.0,4176.84,No
CUST-01594,19,Upper Egypt,15,One year,Fiber,111.1,485.79,2,1,3,Yes,No,5.0,5784.6,No
CUST-01595,55,Giza,9,Month-to-month,Fiber,424.4,465.14,2,3,0,Yes,Yes,2.0,5361.32,Yes
CUST-01596,26,Cairo,72,Month-to-month,4G/5G,258.6,514.89,4,4,0,Yes,No,3.0,4774.1,No
CUST-01597,52,Cairo,46,Month-to-month,DSL,212.7,468.19,2,2,0,Yes,Yes,4.0,5434.73,No
CUST-01598,56,Giza,16,Month-to-month,Fiber,421.5,560.03,4,4,0,Yes,No,2.0,5845.45,No
CUST-01599,62,Cairo,7,One year,Fiber,151.8,499.02,3,2,1,No,Yes,4.0,5836.56,Yes
CUST-01600,55,Cairo,8,Month-to-month,Fiber,228.7,418.9,2,4,2,No,Yes,4.0,4155.76,No
CUST-01601,33,Upper Egypt,41,Month-to-month,Fiber,117.6,581.78,5,2,2,Yes,Yes,3.0,5850.94,No
CUST-01602,57,Cairo,5,Month-to-month,Fiber,297.6,811.48,6,6,2,Yes,No,3.0,7221.03,No
CUST-01603,61,Upper Egypt,22,Month-to-month,Fiber,127.9,607.14,5,3,1,No,Yes,5.0,5358.26,No
CUST-01604,34,Delta,37,Month-to-month,Fiber,272.3,461.84,2,1,2,Yes,Yes,3.0,4955.78,No
CUST-01605,24,Alexandria,8,Two year,Fiber,405.8,561.89,4,2,3,Yes,No,4.0,6512.16,No
CUST-01606,65,Alexandria,22,Month-to-month,4G/5G,238.4,335.95,1,4,1,Yes,No,3.0,2902.55,No
CUST-01607,25,Giza,16,Month-to-month,Fiber,32.7,276.32,1,0,1,No,No,2.0,2494.34,No
CUST-01608,49,Alexandria,14,Month-to-month,DSL,233.2,228.84,1,2,3,Yes,No,4.0,2359.99,No
CUST-01609,30,Cairo,13,One year,DSL,273.2,426.74,5,2,1,No,No,5.0,4953.93,No
CUST-01610,24,Upper Egypt,39,Month-to-month,4G/5G,311.1,602.54,6,3,1,No,Yes,5.0,5808.97,No
CUST-01611,59,Cairo,53,Two year,Fiber,362.6,596.06,4,1,1,No,Yes,2.0,8192.59,No
CUST-01612,25,Cairo,18,One year,4G/5G,367.2,731.1,6,3,0,No,Yes,1.0,8266.9,Yes
CUST-01613,53,Delta,28,Month-to-month,4G/5G,218.2,407.32,3,2,1,No,Yes,4.0,3813.2,No
CUST-01614,54,Alexandria,22,One year,4G/5G,170.7,330.39,1,1,2,No,Yes,3.0,4054.34,No
CUST-01615,21,Giza,4,Month-to-month,4G/5G,129.3,485.58,6,1,0,Yes,No,2.0,4751.4,Yes
CUST-01616,27,Alexandria,17,Two year,Fiber,181.4,539.91,5,3,1,No,No,4.0,7056.02,No
CUST-01617,60,Cairo,3,Two year,4G/5G,272.9,389.09,4,1,1,Yes,Yes,3.0,5210.44,No
CUST-01618,44,Alexandria,15,Month-to-month,4G/5G,108.6,419.15,1,5,2,Yes,No,2.0,3896.42,Yes
CUST-01619,24,Cairo,21,One year,Fiber,146.6,636.59,6,2,2,Yes,Yes,3.0,7705.87,No
CUST-01620,70,Cairo,35,Month-to-month,Fiber,280.6,410.78,1,1,1,No,Yes,4.0,3597.15,No
CUST-01621,32,Cairo,26,Month-to-month,4G/5G,171.8,349.73,1,2,3,Yes,Yes,4.0,3982.02,Yes
CUST-01622,18,Giza,39,One year,Fiber,263.3,534.33,1,3,2,Yes,No,4.0,5931.34,No
CUST-01623,66,Giza,11,Two year,4G/5G,156.7,565.61,6,0,1,Yes,No,4.0,6597.33,No
CUST-01624,18,Giza,49,Month-to-month,Fiber,255.9,558.3,5,2,0,Yes,No,2.0,5275.95,No
CUST-01625,47,Cairo,53,One year,DSL,160.5,391.01,1,1,2,Yes,No,3.0,4558.33,No
CUST-01626,70,Cairo,3,One year,Fiber,58.8,359.65,3,1,0,Yes,No,4.0,4061.15,No
CUST-01627,48,Alexandria,5,Month-to-month,DSL,316.0,576.49,4,1,1,Yes,Yes,3.0,5126.63,No
CUST-01628,48,Cairo,21,One year,DSL,167.4,444.54,4,3,2,No,No,3.0,5614.17,No
CUST-01629,38,Delta,14,One year,4G/5G,207.6,412.73,2,0,1,No,Yes,3.0,4473.82,No
CUST-01630,24,Upper Egypt,16,One year,Fiber,167.8,279.74,1,0,0,Yes,Yes,3.0,2459.5,No
CUST-01631,48,Giza,26,Two year,Fiber,279.0,543.67,1,1,1,Yes,Yes,4.0,6977.28,No
CUST-01632,65,Upper Egypt,40,Month-to-month,Fiber,260.0,647.77,6,3,0,Yes,Yes,5.0,7583.57,No
CUST-01633,22,Cairo,10,Month-to-month,Fiber,278.8,527.37,4,1,1,Yes,No,5.0,4807.32,No
CUST-01634,64,Cairo,45,Month-to-month,4G/5G,180.5,628.77,6,1,2,No,Yes,2.0,5665.41,No
CUST-01635,39,Delta,12,Month-to-month,Fiber,225.5,620.23,6,0,1,No,Yes,4.0,5823.66,No
CUST-01636,46,Delta,72,Month-to-month,Fiber,267.5,475.01,2,0,1,Yes,Yes,4.0,5720.97,No
CUST-01637,26,Delta,49,Two year,4G/5G,369.1,325.89,1,1,1,No,No,5.0,4450.35,No
CUST-01638,50,Cairo,13,Month-to-month,Fiber,257.6,565.89,4,0,4,Yes,Yes,2.0,4661.25,No
CUST-01639,27,Delta,7,One year,Fiber,139.7,369.91,2,3,1,No,No,4.0,4590.98,No
CUST-01640,32,Giza,13,Month-to-month,DSL,254.1,493.48,5,2,0,Yes,Yes,2.0,4973.86,No
CUST-01641,56,Cairo,12,Month-to-month,Fiber,215.2,599.98,6,1,2,No,Yes,4.0,6014.84,No
CUST-01642,20,Cairo,32,Two year,4G/5G,50.1,597.77,6,0,2,Yes,Yes,3.0,7182.07,No
CUST-01643,41,Upper Egypt,3,One year,DSL,63.9,280.02,2,5,1,Yes,No,4.0,3139.65,No
CUST-01644,49,Cairo,5,Month-to-month,Fiber,224.0,480.01,3,3,1,Yes,Yes,2.0,5084.47,Yes
CUST-01645,24,Delta,31,Two year,DSL,231.6,551.5,5,2,2,No,Yes,2.0,7181.74,No
CUST-01646,33,Alexandria,11,Month-to-month,4G/5G,203.5,450.03,2,2,0,No,Yes,5.0,5031.17,No
CUST-01647,36,Delta,15,Month-to-month,Fiber,309.6,526.86,4,0,0,No,Yes,4.0,5302.06,No
CUST-01648,53,Delta,36,Month-to-month,DSL,145.8,397.55,3,0,1,Yes,Yes,5.0,4676.47,No
CUST-01649,69,Delta,41,One year,Fiber,105.2,449.96,4,3,2,Yes,Yes,5.0,5612.48,No
CUST-01650,62,Cairo,47,Month-to-month,DSL,155.7,432.69,4,2,2,No,No,2.0,4009.41,No
CUST-01651,28,Cairo,34,Two year,DSL,175.1,620.13,6,4,2,Yes,No,4.0,8364.62,No
CUST-01652,18,Alexandria,18,Month-to-month,Fiber,224.8,361.38,3,3,0,Yes,Yes,2.0,3238.72,No
CUST-01653,20,Giza,17,Month-to-month,Fiber,158.2,359.36,2,3,1,Yes,Yes,3.0,4283.23,No
CUST-01654,49,Cairo,16,Two year,Fiber,37.2,296.43,1,1,2,No,Yes,2.0,4193.1,No
CUST-01655,26,Cairo,8,Month-to-month,DSL,10.0,464.73,5,1,1,Yes,No,2.0,4318.19,No
CUST-01656,30,Giza,10,Month-to-month,DSL,241.1,598.7,5,1,1,Yes,No,3.0,5710.58,No
CUST-01657,62,Cairo,43,Month-to-month,Fiber,128.4,360.44,3,4,2,Yes,Yes,3.0,3688.25,No
CUST-01658,64,Cairo,12,Month-to-month,Fiber,49.5,666.67,6,2,1,Yes,No,4.0,6442.23,No
CUST-01659,62,Upper Egypt,8,Month-to-month,4G/5G,286.2,502.42,3,5,0,Yes,Yes,2.0,5496.17,Yes
CUST-01660,31,Cairo,46,Month-to-month,Fiber,369.1,532.01,3,1,2,No,Yes,4.0,5087.18,No
CUST-01661,50,Upper Egypt,25,One year,Fiber,221.5,298.37,1,4,2,No,No,5.0,3014.5,No
CUST-01662,50,Upper Egypt,60,Month-to-month,Fiber,254.2,525.1,4,1,0,No,Yes,4.0,5418.51,No
CUST-01663,27,Cairo,56,Month-to-month,DSL,254.9,538.26,4,1,3,Yes,Yes,3.0,5596.72,No
CUST-01664,47,Delta,8,One year,Fiber,21.8,414.74,3,6,1,Yes,No,4.0,5394.91,No
CUST-01665,45,Alexandria,20,Month-to-month,4G/5G,310.0,527.85,4,1,0,Yes,No,2.0,5251.87,No
CUST-01666,38,Delta,9,One year,DSL,341.6,461.37,4,2,0,No,Yes,4.0,5284.05,No
CUST-01667,57,Cairo,9,One year,Fiber,395.3,705.62,5,2,0,Yes,No,2.0,8144.6,No
CUST-01668,53,Cairo,15,Month-to-month,DSL,190.6,284.2,1,2,0,Yes,No,5.0,2840.28,No
CUST-01669,46,Cairo,32,Month-to-month,Fiber,127.8,495.56,4,5,0,Yes,No,4.0,4081.11,No
CUST-01670,56,Alexandria,33,Month-to-month,Fiber,352.3,533.62,3,2,0,Yes,Yes,4.0,5096.31,No
CUST-01671,58,Upper Egypt,30,Month-to-month,DSL,274.9,398.97,3,1,1,No,Yes,4.0,4334.07,No
CUST-01672,48,Alexandria,18,Month-to-month,Fiber,308.7,477.47,3,2,2,Yes,No,3.0,4477.34,No
CUST-01673,32,Delta,34,One year,4G/5G,171.8,456.7,5,2,1,Yes,No,3.0,5322.68,Yes
CUST-01674,58,Upper Egypt,8,One year,DSL,254.4,557.62,6,4,0,Yes,Yes,3.0,7067.99,No
CUST-01675,56,Alexandria,25,Month-to-month,Fiber,135.2,302.36,2,2,2,Yes,No,5.0,2721.35,No
CUST-01676,70,Cairo,22,Two year,4G/5G,229.5,368.93,1,5,2,No,Yes,4.0,4444.51,No
CUST-01677,25,Upper Egypt,18,Month-to-month,DSL,198.7,368.78,3,1,0,No,No,2.0,3850.73,Yes
CUST-01678,40,Giza,26,Two year,Fiber,440.9,495.97,2,1,4,No,No,4.0,5919.41,No
CUST-01679,66,Cairo,3,One year,DSL,279.4,324.12,1,0,0,Yes,No,4.0,3668.51,No
CUST-01680,45,Giza,10,Month-to-month,4G/5G,36.3,334.68,3,4,3,No,Yes,3.0,3819.77,Yes
CUST-01681,67,Upper Egypt,31,Month-to-month,Fiber,229.9,482.72,4,1,1,Yes,No,3.0,4330.86,No
CUST-01682,18,Cairo,21,Month-to-month,Fiber,263.1,682.19,6,1,1,Yes,Yes,4.0,6380.69,No
CUST-01683,19,Giza,6,Two year,Fiber,187.3,690.09,5,2,0,Yes,Yes,4.0,9159.78,Yes
CUST-01684,60,Cairo,21,Month-to-month,Fiber,130.8,504.74,3,4,0,Yes,Yes,4.0,5127.39,No
CUST-01685,36,Cairo,14,Two year,Fiber,289.4,640.38,4,3,1,Yes,No,4.0,7663.91,Yes
CUST-01686,45,Cairo,44,Month-to-month,DSL,143.5,258.11,2,4,0,No,No,3.0,3678.68,No
CUST-01687,40,Delta,8,Month-to-month,4G/5G,281.8,351.55,1,2,1,No,Yes,4.0,3193.09,No
CUST-01688,39,Upper Egypt,8,One year,DSL,135.9,425.74,4,0,4,Yes,Yes,3.0,4571.87,No
CUST-01689,67,Cairo,28,Month-to-month,Fiber,181.9,552.7,3,1,1,Yes,No,2.0,5569.88,Yes
CUST-01690,22,Cairo,19,Month-to-month,Fiber,316.1,520.53,2,1,2,No,No,5.0,6140.18,Yes
CUST-01691,58,Cairo,18,Two year,Fiber,274.0,665.1,6,1,3,Yes,Yes,2.0,8066.09,No
CUST-01692,65,Cairo,72,Month-to-month,Fiber,232.8,422.61,4,2,0,No,No,2.0,4061.94,Yes
CUST-01693,52,Alexandria,33,Two year,DSL,227.3,407.64,4,7,1,Yes,Yes,5.0,5776.36,No
CUST-01694,38,Delta,17,Two year,Fiber,238.1,640.31,5,0,1,No,Yes,2.0,9075.72,No
CUST-01695,26,Alexandria,5,Month-to-month,4G/5G,158.8,352.69,2,0,0,Yes,Yes,3.0,3627.35,No
CUST-01696,54,Giza,16,Month-to-month,DSL,228.7,414.47,4,2,1,Yes,Yes,2.0,3890.95,No
CUST-01697,42,Alexandria,7,Month-to-month,DSL,281.2,635.62,6,4,1,Yes,Yes,3.0,6300.45,Yes
CUST-01698,25,Cairo,10,One year,4G/5G,367.7,621.98,4,1,0,Yes,No,5.0,6532.0,No
CUST-01699,37,Cairo,10,Two year,DSL,284.4,560.23,6,2,1,Yes,Yes,3.0,6904.9,No
CUST-01700,68,Upper Egypt,42,Two year,4G/5G,252.9,383.63,1,2,1,Yes,Yes,4.0,4396.36,No
CUST-01701,32,Delta,6,Two year,4G/5G,121.2,609.7,5,0,1,Yes,Yes,4.0,7697.03,No
CUST-01702,27,Upper Egypt,39,Month-to-month,DSL,308.9,580.94,4,0,0,No,Yes,3.0,5641.74,No
CUST-01703,54,Upper Egypt,29,Month-to-month,Fiber,273.3,644.67,6,0,3,Yes,No,5.0,5092.21,No
CUST-01704,28,Alexandria,29,Month-to-month,Fiber,298.4,699.62,6,2,1,Yes,No,4.0,6994.06,Yes
CUST-01705,66,Upper Egypt,10,Two year,4G/5G,323.1,419.05,1,0,3,Yes,No,4.0,5577.9,No
CUST-01706,63,Giza,36,Month-to-month,Fiber,372.7,547.75,3,3,0,No,Yes,3.0,5459.9,No
CUST-01707,70,Cairo,9,Month-to-month,4G/5G,129.7,565.57,6,1,2,Yes,Yes,4.0,4770.96,Yes
CUST-01708,66,Cairo,53,Month-to-month,Fiber,114.0,463.14,5,3,2,Yes,Yes,3.0,5209.36,No
CUST-01709,30,Cairo,43,Month-to-month,DSL,243.3,264.89,1,3,1,No,No,5.0,3848.07,No
CUST-01710,29,Cairo,59,Month-to-month,Fiber,147.0,477.61,4,1,0,Yes,Yes,3.0,5185.49,No
CUST-01711,36,Giza,22,Month-to-month,4G/5G,131.4,345.55,3,3,0,Yes,No,5.0,3584.99,Yes
CUST-01712,42,Delta,19,Two year,Fiber,339.8,650.15,5,1,1,Yes,No,4.0,8275.38,No
CUST-01713,64,Delta,16,One year,Fiber,139.2,560.55,4,1,3,No,No,3.0,6538.01,Yes
CUST-01714,56,Alexandria,72,Month-to-month,4G/5G,229.0,373.96,2,0,0,Yes,Yes,3.0,4140.8,No
CUST-01715,52,Cairo,32,One year,Fiber,83.2,315.4,3,1,2,Yes,No,3.0,3953.72,No
CUST-01716,64,Delta,8,Month-to-month,Fiber,235.7,653.05,6,2,0,No,Yes,3.0,6594.98,Yes
CUST-01717,52,Giza,49,One year,4G/5G,336.5,507.92,3,5,3,No,No,4.0,5662.17,No
CUST-01718,38,Cairo,18,Month-to-month,4G/5G,339.2,450.24,2,2,1,Yes,Yes,3.0,4073.94,No
CUST-01719,39,Cairo,1,One year,Fiber,324.0,378.48,1,1,1,Yes,No,5.0,4448.03,No
CUST-01720,45,Giza,12,Month-to-month,DSL,222.9,238.44,1,2,0,Yes,Yes,3.0,2742.23,No
CUST-01721,22,Cairo,42,Month-to-month,Fiber,330.0,469.17,1,2,0,No,No,3.0,4139.66,No
CUST-01722,57,Delta,29,One year,Fiber,228.7,416.45,1,0,0,Yes,Yes,3.0,4979.7,No
CUST-01723,52,Delta,33,One year,DSL,190.5,419.92,4,4,1,Yes,Yes,5.0,5185.5,No
CUST-01724,56,Delta,49,One year,Fiber,264.4,477.89,4,5,1,No,Yes,2.0,5476.54,No
CUST-01725,46,Cairo,4,Month-to-month,Fiber,309.7,644.93,5,0,0,No,Yes,4.0,7007.8,No
CUST-01726,59,Delta,12,Month-to-month,Fiber,110.5,452.63,4,0,1,Yes,Yes,4.0,5071.0,No
CUST-01727,68,Alexandria,22,One year,4G/5G,134.6,382.18,2,7,1,No,No,2.0,4668.01,Yes
CUST-01728,48,Cairo,43,Month-to-month,DSL,217.1,476.17,4,2,1,Yes,Yes,5.0,5768.63,No
CUST-01729,41,Alexandria,9,Month-to-month,Fiber,120.0,564.85,3,1,0,No,No,3.0,5967.21,Yes
CUST-01730,23,Giza,16,Month-to-month,4G/5G,118.8,350.84,2,1,0,Yes,Yes,4.0,3744.24,No
CUST-01731,59,Giza,21,Month-to-month,4G/5G,192.1,603.06,4,3,1,Yes,No,5.0,5835.0,No
CUST-01732,65,Cairo,11,Month-to-month,Fiber,319.3,585.83,4,5,0,Yes,No,3.0,5600.52,No
CUST-01733,55,Giza,21,Month-to-month,4G/5G,317.6,449.0,3,2,1,Yes,Yes,4.0,4698.88,No
CUST-01734,63,Cairo,19,One year,Fiber,258.9,335.33,1,0,0,Yes,No,3.0,3950.21,Yes
CUST-01735,63,Cairo,14,One year,Fiber,246.2,340.33,1,1,2,Yes,No,3.0,3266.28,No
CUST-01736,60,Cairo,36,One year,Fiber,417.9,697.39,5,2,0,Yes,No,5.0,8275.26,No
CUST-01737,44,Upper Egypt,32,One year,Fiber,181.5,371.06,1,3,2,Yes,Yes,3.0,4847.96,No
CUST-01738,23,Cairo,37,Month-to-month,DSL,251.7,269.52,2,1,1,Yes,No,1.0,1529.37,No
CUST-01739,18,Giza,39,Two year,DSL,177.0,563.37,5,1,1,Yes,No,3.0,7997.18,Yes
CUST-01740,28,Giza,57,One year,4G/5G,114.1,489.6,3,1,3,Yes,Yes,4.0,6086.01,No
CUST-01741,40,Upper Egypt,5,Month-to-month,Fiber,336.6,541.24,5,2,1,Yes,Yes,4.0,5205.51,Yes
CUST-01742,57,Alexandria,6,Month-to-month,Fiber,202.5,537.62,3,7,1,Yes,Yes,3.0,5331.6,Yes
CUST-01743,42,Upper Egypt,34,One year,Fiber,292.5,773.73,6,3,1,Yes,Yes,3.0,9470.21,No
CUST-01744,19,Cairo,15,One year,Fiber,207.8,385.2,3,3,0,No,Yes,3.0,4675.07,No
CUST-01745,29,Cairo,13,One year,4G/5G,342.2,359.34,1,0,1,No,No,5.0,4845.2,No
CUST-01746,69,Alexandria,12,One year,DSL,140.2,446.57,5,6,1,Yes,No,3.0,5620.17,No
CUST-01747,70,Giza,38,Two year,4G/5G,334.8,600.77,4,2,2,Yes,Yes,4.0,7886.43,No
CUST-01748,37,Delta,72,Two year,DSL,310.5,590.17,6,2,1,Yes,Yes,2.0,7285.55,No
CUST-01749,60,Upper Egypt,39,One year,Fiber,68.5,296.02,1,1,2,Yes,Yes,3.0,3530.14,No
CUST-01750,56,Giza,14,Two year,Fiber,183.5,552.89,4,1,0,Yes,No,2.0,6211.51,No
CUST-01751,67,Upper Egypt,36,Two year,Fiber,321.9,723.09,5,1,1,Yes,No,5.0,9704.75,Yes
CUST-01752,65,Alexandria,6,Month-to-month,4G/5G,377.4,505.01,3,5,1,Yes,No,2.0,4627.99,No
CUST-01753,51,Cairo,18,One year,Fiber,294.4,435.98,2,1,0,Yes,No,4.0,5050.97,No
CUST-01754,38,Giza,4,Month-to-month,Fiber,194.3,408.2,2,4,1,No,Yes,4.0,4355.71,Yes
CUST-01755,51,Cairo,15,Month-to-month,DSL,142.8,310.48,1,3,3,Yes,Yes,4.0,2429.41,Yes
CUST-01756,34,Delta,24,Month-to-month,Fiber,281.0,493.55,4,2,4,No,No,1.0,4470.11,Yes
CUST-01757,36,Cairo,72,Month-to-month,DSL,191.7,511.93,5,3,0,Yes,No,1.0,5078.72,No
CUST-01758,50,Cairo,46,Month-to-month,Fiber,195.5,427.71,3,0,1,No,No,4.0,4372.15,Yes
CUST-01759,48,Alexandria,4,Month-to-month,DSL,209.8,233.57,1,2,1,Yes,No,3.0,2474.13,No
CUST-01760,48,Cairo,5,Month-to-month,Fiber,309.4,525.6,5,1,3,Yes,Yes,3.0,5705.15,Yes
CUST-01761,38,Cairo,11,One year,4G/5G,392.6,650.86,6,1,0,Yes,Yes,3.0,7815.98,No
CUST-01762,39,Delta,64,Two year,DSL,228.7,566.85,4,3,0,Yes,No,2.0,8165.5,No
CUST-01763,18,Cairo,4,Two year,Fiber,230.9,273.64,1,2,1,Yes,Yes,2.0,4123.0,No
CUST-01764,49,Giza,12,Month-to-month,4G/5G,149.1,451.5,3,3,1,Yes,Yes,3.0,4772.37,No
CUST-01765,48,Giza,12,Month-to-month,4G/5G,290.1,494.55,4,2,3,Yes,No,1.0,3639.2,Yes
CUST-01766,67,Cairo,28,Two year,DSL,379.9,580.87,6,3,2,Yes,Yes,3.0,7321.43,No
CUST-01767,44,Cairo,37,Month-to-month,4G/5G,320.3,505.63,3,2,2,No,No,3.0,4466.95,Yes
CUST-01768,42,Delta,32,Two year,4G/5G,248.7,421.59,1,3,0,Yes,No,3.0,6950.03,No
CUST-01769,21,Upper Egypt,25,One year,Fiber,186.0,668.07,5,3,3,Yes,No,5.0,7309.08,No
CUST-01770,28,Cairo,6,Month-to-month,Fiber,261.1,629.81,5,4,1,Yes,No,2.0,5311.25,Yes
CUST-01771,35,Upper Egypt,23,Month-to-month,Fiber,333.9,473.02,2,5,0,No,Yes,4.0,3615.81,Yes
CUST-01772,37,Alexandria,50,Month-to-month,DSL,250.9,446.88,3,2,1,No,No,4.0,4186.48,No
CUST-01773,37,Alexandria,61,Month-to-month,4G/5G,220.7,475.1,1,0,1,Yes,No,4.0,5027.18,No
CUST-01774,38,Delta,28,Month-to-month,DSL,168.1,267.8,1,0,0,Yes,No,3.0,3375.86,No
CUST-01775,58,Delta,4,Two year,Fiber,463.0,588.38,2,2,0,Yes,No,5.0,7281.4,No
CUST-01776,24,Delta,28,One year,4G/5G,149.8,279.35,1,7,0,Yes,Yes,4.0,4138.23,Yes
CUST-01777,35,Giza,19,Month-to-month,DSL,141.5,283.08,2,4,2,Yes,Yes,4.0,2836.01,No
CUST-01778,26,Alexandria,5,Month-to-month,Fiber,244.8,650.3,4,1,2,Yes,Yes,2.0,5853.39,No
CUST-01779,34,Giza,8,Month-to-month,4G/5G,211.8,445.64,3,0,0,Yes,No,4.0,4608.97,No
CUST-01780,54,Cairo,10,Month-to-month,Fiber,322.1,429.75,1,1,0,Yes,Yes,3.0,4950.35,No
CUST-01781,20,Alexandria,34,One year,DSL,325.1,538.64,4,4,2,Yes,Yes,3.0,6308.81,No
CUST-01782,35,Cairo,59,One year,DSL,120.7,491.78,6,2,0,Yes,No,3.0,5583.51,No
CUST-01783,19,Cairo,30,One year,4G/5G,162.0,457.45,4,2,0,Yes,No,3.0,5740.95,No
CUST-01784,68,Cairo,35,Month-to-month,Fiber,151.2,372.15,2,0,1,Yes,No,4.0,4061.97,No
CUST-01785,56,Cairo,20,Month-to-month,Fiber,228.7,647.5,5,1,1,No,Yes,5.0,6374.98,No
CUST-01786,30,Alexandria,13,Two year,DSL,268.6,452.21,3,1,1,Yes,No,4.0,6388.33,No
CUST-01787,28,Alexandria,31,One year,4G/5G,196.6,296.67,1,1,1,Yes,No,4.0,2691.29,No
CUST-01788,23,Giza,26,One year,Fiber,249.5,666.33,4,5,2,Yes,Yes,4.0,7926.86,No
CUST-01789,43,Cairo,11,Month-to-month,Fiber,128.6,562.38,5,2,0,No,Yes,3.0,5911.8,No
CUST-01790,57,Giza,24,Two year,4G/5G,163.2,377.66,2,1,2,Yes,No,3.0,4221.2,No
CUST-01791,48,Giza,21,Month-to-month,4G/5G,113.0,481.83,3,0,3,Yes,Yes,3.0,3887.47,Yes
CUST-01792,64,Delta,16,Month-to-month,Fiber,243.1,339.25,1,2,0,Yes,No,3.0,3944.58,Yes
CUST-01793,36,Alexandria,13,One year,Fiber,242.8,468.6,3,3,3,Yes,Yes,4.0,5899.29,No
CUST-01794,32,Giza,28,Month-to-month,Fiber,141.4,474.44,3,3,1,No,Yes,5.0,5492.63,No
CUST-01795,43,Giza,14,One year,DSL,267.9,295.64,2,3,1,Yes,Yes,3.0,3233.02,No
CUST-01796,28,Upper Egypt,72,Month-to-month,DSL,325.1,495.49,4,1,0,Yes,No,3.0,5328.3,Yes
CUST-01797,69,Delta,30,Month-to-month,4G/5G,137.3,639.96,5,3,0,Yes,No,5.0,6689.96,No
CUST-01798,27,Giza,28,Month-to-month,Fiber,200.6,581.83,3,5,0,Yes,No,1.0,4897.72,Yes
CUST-01799,43,Giza,18,Two year,4G/5G,276.2,629.31,5,3,0,Yes,Yes,5.0,8414.59,No
CUST-01800,45,Cairo,15,One year,Fiber,229.4,557.23,3,0,6,Yes,No,2.0,5983.01,No
CUST-01801,21,Upper Egypt,3,Month-to-month,4G/5G,106.5,432.61,3,3,0,Yes,Yes,4.0,4719.64,Yes
CUST-01802,42,Cairo,11,Month-to-month,Fiber,190.3,508.59,4,5,2,No,Yes,3.0,4598.21,Yes
CUST-01803,42,Cairo,4,Month-to-month,Fiber,187.3,511.59,2,2,1,No,No,4.0,5591.15,No
CUST-01804,31,Upper Egypt,4,Month-to-month,Fiber,214.7,599.39,6,2,0,Yes,Yes,5.0,6066.41,No
CUST-01805,24,Delta,7,One year,Fiber,218.5,596.29,4,1,2,Yes,Yes,3.0,7570.56,No
CUST-01806,20,Cairo,47,Month-to-month,Fiber,370.9,517.95,3,2,1,No,Yes,2.0,5479.0,No
CUST-01807,18,Cairo,47,Month-to-month,DSL,211.2,330.58,2,4,1,No,No,4.0,3674.15,Yes
CUST-01808,43,Cairo,11,Month-to-month,4G/5G,75.4,533.27,5,3,2,Yes,No,5.0,4714.53,No
CUST-01809,22,Alexandria,5,One year,DSL,238.2,422.39,1,0,5,Yes,No,4.0,4015.51,No
CUST-01810,68,Cairo,15,One year,DSL,387.3,445.75,1,3,1,Yes,Yes,4.0,6043.44,No
CUST-01811,30,Upper Egypt,34,One year,Fiber,215.0,560.32,4,4,0,Yes,Yes,4.0,7205.35,No
CUST-01812,52,Upper Egypt,41,One year,4G/5G,190.6,440.88,3,1,0,Yes,Yes,2.0,5209.79,No
CUST-01813,53,Alexandria,24,Two year,Fiber,202.5,469.95,2,2,1,Yes,No,4.0,6017.36,No
CUST-01814,44,Alexandria,27,Month-to-month,Fiber,282.6,587.46,3,5,1,Yes,No,3.0,5873.49,Yes
CUST-01815,64,Cairo,25,Two year,Fiber,202.2,494.99,5,0,0,No,Yes,5.0,6097.12,No
CUST-01816,23,Cairo,4,One year,Fiber,93.6,433.58,3,3,2,Yes,Yes,4.0,4820.33,No
CUST-01817,30,Delta,6,Month-to-month,DSL,169.5,391.54,4,4,1,Yes,Yes,2.0,4030.47,No
CUST-01818,31,Cairo,61,One year,Fiber,224.2,368.16,1,1,1,No,No,3.0,4933.68,No
CUST-01819,25,Cairo,24,One year,Fiber,278.2,551.53,5,1,0,No,Yes,4.0,6495.66,No
CUST-01820,33,Cairo,2,One year,4G/5G,177.6,223.14,1,3,0,Yes,No,2.0,3407.11,No
CUST-01821,34,Cairo,28,Month-to-month,Fiber,203.3,354.71,2,1,0,Yes,Yes,2.0,4090.34,No
CUST-01822,58,Giza,9,Month-to-month,DSL,234.0,333.49,2,4,2,Yes,Yes,3.0,2860.56,No
CUST-01823,33,Delta,43,Two year,Fiber,228.7,498.07,3,1,2,Yes,No,4.0,5976.82,No
CUST-01824,64,Delta,40,Month-to-month,4G/5G,221.7,349.5,2,3,1,Yes,No,5.0,4038.85,No
CUST-01825,58,Alexandria,32,Month-to-month,DSL,272.0,495.76,5,3,2,Yes,Yes,4.0,4717.83,No
CUST-01826,65,Delta,24,Month-to-month,Fiber,123.2,473.59,3,1,0,No,No,5.0,4664.75,No
CUST-01827,23,Giza,50,Month-to-month,4G/5G,257.6,368.65,1,1,0,Yes,No,3.0,4040.9,No
CUST-01828,70,Delta,53,Two year,Fiber,131.9,548.73,3,2,1,No,No,4.0,7656.89,No
CUST-01829,50,Giza,10,One year,Fiber,133.7,397.2,1,0,1,No,No,2.0,4946.83,Yes
CUST-01830,70,Cairo,32,Two year,DSL,170.3,283.31,2,5,0,Yes,No,5.0,4120.52,No
CUST-01831,36,Upper Egypt,13,Month-to-month,DSL,352.9,482.22,4,2,0,Yes,Yes,5.0,3946.28,No
CUST-01832,68,Cairo,8,Month-to-month,Fiber,75.6,529.8,4,2,1,No,Yes,4.0,5648.39,No
CUST-01833,49,Cairo,53,Month-to-month,Fiber,188.2,482.77,4,2,2,Yes,Yes,2.0,4381.02,No
CUST-01834,21,Cairo,36,Month-to-month,Fiber,227.6,473.66,3,4,2,Yes,Yes,4.0,4872.2,No
CUST-01835,39,Giza,25,One year,DSL,335.0,528.24,6,1,3,Yes,No,3.0,5968.61,No
CUST-01836,25,Giza,10,Month-to-month,4G/5G,405.3,337.16,1,2,0,Yes,No,4.0,4535.6,No
CUST-01837,67,Alexandria,54,Month-to-month,Fiber,192.0,547.23,3,1,3,Yes,Yes,2.0,6178.15,No
CUST-01838,34,Upper Egypt,9,Two year,4G/5G,278.5,425.04,2,1,1,No,No,4.0,5362.76,No
CUST-01839,29,Cairo,7,One year,Fiber,221.5,344.57,1,2,1,Yes,No,3.0,3456.67,No
CUST-01840,47,Alexandria,21,Month-to-month,4G/5G,220.9,477.08,4,1,2,Yes,Yes,3.0,4040.57,No
CUST-01841,40,Giza,34,One year,4G/5G,254.6,446.09,1,2,0,Yes,Yes,4.0,5644.07,No
CUST-01842,23,Delta,16,Month-to-month,DSL,87.3,382.05,4,2,2,Yes,Yes,3.0,3453.12,No
CUST-01843,61,Cairo,72,Two year,Fiber,225.7,681.8,6,4,1,No,No,3.0,8508.83,No
CUST-01844,62,Cairo,24,One year,Fiber,228.7,665.75,5,5,0,Yes,Yes,4.0,7713.96,No
CUST-01845,57,Giza,13,Month-to-month,Fiber,152.6,652.47,5,1,0,Yes,No,5.0,6775.15,No
CUST-01846,50,Alexandria,14,Month-to-month,DSL,271.2,331.23,2,3,1,Yes,No,4.0,3355.14,No
CUST-01847,39,Delta,66,Month-to-month,4G/5G,74.4,371.32,4,2,3,Yes,No,2.0,3448.46,Yes
CUST-01848,46,Alexandria,19,One year,Fiber,238.4,489.9,4,3,1,Yes,No,2.0,5520.45,No
CUST-01849,45,Delta,52,Month-to-month,Fiber,350.8,578.51,3,3,1,Yes,Yes,4.0,5821.98,No
CUST-01850,26,Giza,4,One year,Fiber,210.3,594.48,3,4,2,Yes,Yes,5.0,7025.91,No
CUST-01851,22,Cairo,43,Month-to-month,DSL,142.0,316.06,1,2,0,Yes,Yes,4.0,3619.95,No
CUST-01852,31,Cairo,11,Month-to-month,DSL,101.7,497.39,6,2,2,No,No,4.0,4088.77,Yes
CUST-01853,42,Cairo,36,Month-to-month,Fiber,265.1,736.09,6,2,3,Yes,Yes,3.0,7084.78,No
CUST-01854,26,Giza,11,Month-to-month,4G/5G,313.5,568.34,5,3,0,No,Yes,5.0,5611.72,Yes
CUST-01855,23,Giza,15,Month-to-month,Fiber,225.0,499.74,4,1,0,No,No,4.0,4616.34,No
CUST-01856,63,Giza,8,One year,DSL,188.3,273.31,1,3,1,Yes,Yes,2.0,3015.25,No
CUST-01857,37,Alexandria,37,Two year,Fiber,56.2,449.4,4,4,1,No,No,4.0,6533.79,No
CUST-01858,48,Giza,41,Month-to-month,Fiber,241.2,623.04,6,3,1,Yes,Yes,2.0,6460.51,Yes
CUST-01859,45,Alexandria,11,One year,DSL,168.0,351.02,1,2,1,Yes,Yes,4.0,4278.29,No
CUST-01860,56,Alexandria,5,Month-to-month,DSL,173.1,367.43,3,1,2,No,Yes,3.0,3100.41,No
CUST-01861,57,Cairo,51,One year,Fiber,375.5,625.38,6,4,1,No,No,4.0,6917.46,No
CUST-01862,33,Giza,12,Month-to-month,4G/5G,67.9,588.01,6,0,2,Yes,Yes,4.0,5259.94,Yes
CUST-01863,62,Alexandria,19,One year,DSL,79.9,307.86,3,3,2,Yes,Yes,4.0,3693.13,No
CUST-01864,37,Alexandria,10,Month-to-month,Fiber,250.8,394.58,2,3,2,Yes,No,5.0,3958.24,Yes
CUST-01865,62,Cairo,34,Month-to-month,4G/5G,195.3,422.79,2,2,1,Yes,Yes,4.0,4054.21,No
CUST-01866,39,Giza,35,One year,4G/5G,183.3,394.76,3,2,0,No,Yes,4.0,5342.89,No
CUST-01867,23,Delta,57,Month-to-month,Fiber,254.5,421.82,2,3,3,Yes,Yes,5.0,4506.24,No
CUST-01868,58,Alexandria,44,Month-to-month,4G/5G,253.0,518.47,4,3,1,Yes,No,5.0,4179.82,No
CUST-01869,19,Cairo,42,Month-to-month,4G/5G,142.4,293.35,1,2,1,No,No,3.0,3144.91,No
CUST-01870,58,Giza,20,Two year,Fiber,176.7,338.56,1,3,1,Yes,Yes,3.0,4805.15,No
CUST-01871,20,Upper Egypt,18,Month-to-month,DSL,234.5,180.23,1,0,1,Yes,No,3.0,2008.08,Yes
CUST-01872,28,Cairo,34,Month-to-month,Fiber,245.0,598.61,5,2,1,Yes,Yes,4.0,6254.64,Yes
CUST-01873,49,Delta,19,Two year,DSL,273.5,687.67,6,5,2,Yes,Yes,3.0,8598.52,No
CUST-01874,67,Cairo,45,One year,4G/5G,177.5,357.09,1,1,0,Yes,Yes,2.0,4383.57,No
CUST-01875,39,Giza,9,Month-to-month,Fiber,261.2,648.62,6,3,0,Yes,No,5.0,6496.09,No
CUST-01876,24,Giza,4,One year,DSL,315.5,365.76,1,2,0,Yes,No,4.0,4548.63,No
CUST-01877,30,Cairo,31,Month-to-month,Fiber,234.2,418.51,1,5,1,Yes,Yes,5.0,4111.63,No
CUST-01878,65,Upper Egypt,14,Month-to-month,DSL,220.7,312.57,2,3,0,No,Yes,5.0,3887.27,No
CUST-01879,56,Giza,8,Month-to-month,4G/5G,208.8,458.49,2,3,0,Yes,No,4.0,5291.71,Yes
CUST-01880,23,Upper Egypt,72,One year,Fiber,174.4,645.25,6,0,2,No,Yes,4.0,7519.51,No
CUST-01881,38,Cairo,21,Two year,DSL,228.7,258.14,1,1,1,No,Yes,5.0,3100.71,No
CUST-01882,32,Upper Egypt,6,Month-to-month,Fiber,203.2,734.68,6,3,1,No,No,2.0,6361.22,Yes
CUST-01883,27,Upper Egypt,12,Month-to-month,DSL,270.6,484.06,6,2,1,Yes,No,3.0,4913.03,Yes
CUST-01884,62,Alexandria,17,Month-to-month,DSL,150.0,322.32,3,0,3,Yes,No,3.0,3306.45,No
CUST-01885,50,Cairo,31,Month-to-month,DSL,223.2,560.11,5,1,1,No,No,4.0,5801.75,No
CUST-01886,27,Delta,12,Month-to-month,Fiber,212.8,577.93,4,2,2,No,No,3.0,5732.22,Yes
CUST-01887,52,Alexandria,19,One year,DSL,390.0,733.77,6,3,0,Yes,Yes,3.0,8356.21,No
CUST-01888,39,Upper Egypt,26,Month-to-month,DSL,295.1,263.04,2,1,0,Yes,No,3.0,1936.49,No
CUST-01889,21,Giza,29,Two year,DSL,293.6,653.79,6,2,2,Yes,Yes,4.0,8200.56,No
CUST-01890,41,Cairo,20,Month-to-month,DSL,312.8,380.37,3,3,0,Yes,Yes,3.0,4644.51,No
CUST-01891,27,Cairo,65,Month-to-month,Fiber,180.9,621.78,6,2,1,Yes,Yes,2.0,6323.99,No
CUST-01892,30,Delta,35,Month-to-month,Fiber,353.9,700.91,6,2,0,No,No,2.0,7086.55,Yes
CUST-01893,64,Upper Egypt,33,One year,Fiber,244.3,709.59,6,4,3,Yes,Yes,4.0,8596.29,No
CUST-01894,55,Cairo,32,Month-to-month,4G/5G,226.0,547.93,5,5,0,Yes,No,4.0,5230.56,No
CUST-01895,25,Delta,45,Month-to-month,Fiber,120.7,506.46,3,3,0,Yes,No,4.0,5386.05,No
CUST-01896,63,Upper Egypt,25,Month-to-month,4G/5G,193.9,503.12,5,3,0,No,Yes,3.0,5304.7,No
CUST-01897,48,Cairo,9,One year,DSL,71.1,297.53,2,2,0,Yes,No,4.0,3301.45,No
CUST-01898,64,Cairo,28,Two year,4G/5G,228.7,399.52,2,1,2,Yes,No,4.0,5409.69,No
CUST-01899,57,Delta,31,Month-to-month,DSL,178.1,599.91,5,2,1,No,Yes,4.0,6573.06,No
CUST-01900,35,Alexandria,50,Month-to-month,4G/5G,194.1,594.59,5,4,0,Yes,Yes,4.0,5955.03,No
CUST-01901,46,Cairo,8,Month-to-month,DSL,105.3,326.24,2,0,1,Yes,No,5.0,2618.54,No
CUST-01902,46,Delta,10,Month-to-month,DSL,228.7,641.65,6,3,3,Yes,Yes,2.0,5993.54,Yes
CUST-01903,56,Alexandria,22,Two year,Fiber,283.3,682.4,5,6,3,Yes,Yes,3.0,8270.94,No
CUST-01904,31,Upper Egypt,33,Month-to-month,Fiber,382.1,735.79,6,2,1,Yes,No,3.0,7273.48,No
CUST-01905,35,Upper Egypt,7,One year,Fiber,228.7,492.83,3,2,1,Yes,Yes,5.0,5515.2,No
CUST-01906,30,Delta,8,Two year,4G/5G,244.1,547.3,4,1,2,Yes,Yes,3.0,6937.78,No
CUST-01907,33,Giza,39,One year,Fiber,322.1,580.84,4,5,1,Yes,Yes,3.0,7439.16,No
CUST-01908,26,Cairo,7,Month-to-month,4G/5G,253.5,331.92,1,3,1,Yes,Yes,3.0,3269.28,No
CUST-01909,19,Giza,10,One year,DSL,191.5,304.6,2,6,0,No,Yes,4.0,3063.73,No
CUST-01910,67,Cairo,40,Month-to-month,Fiber,205.0,679.75,6,1,1,No,Yes,5.0,7031.55,No
CUST-01911,21,Alexandria,33,Month-to-month,4G/5G,287.5,612.41,5,2,0,Yes,No,3.0,6146.13,Yes
CUST-01912,65,Cairo,13,Two year,Fiber,597.9,634.65,4,3,0,Yes,No,3.0,8321.39,No
CUST-01913,18,Giza,30,Month-to-month,DSL,335.0,286.47,1,0,0,Yes,Yes,3.0,3509.31,No
CUST-01914,59,Cairo,26,Month-to-month,Fiber,252.2,494.87,1,1,1,Yes,No,3.0,4665.67,No
CUST-01915,35,Cairo,19,Month-to-month,Fiber,273.5,611.28,4,0,0,Yes,Yes,5.0,6086.96,No
CUST-01916,45,Cairo,16,Month-to-month,Fiber,272.7,403.41,1,3,1,Yes,Yes,4.0,3612.68,No
CUST-01917,32,Alexandria,29,One year,DSL,221.9,337.66,1,3,1,No,No,4.0,4260.77,Yes
CUST-01918,44,Delta,8,One year,Fiber,298.1,547.55,4,1,3,No,No,3.0,6231.53,No
CUST-01919,41,Cairo,29,One year,4G/5G,216.0,602.6,6,1,1,Yes,No,4.0,7045.47,No
CUST-01920,46,Delta,24,Month-to-month,DSL,139.0,548.99,6,1,2,Yes,No,4.0,5714.71,No
CUST-01921,38,Upper Egypt,26,Month-to-month,Fiber,273.3,561.91,3,2,0,Yes,No,4.0,5242.96,No
CUST-01922,46,Giza,10,Month-to-month,Fiber,285.4,600.71,6,3,2,Yes,Yes,4.0,5849.79,No
CUST-01923,61,Alexandria,51,Month-to-month,Fiber,216.9,486.3,4,2,1,Yes,Yes,4.0,5297.26,No
CUST-01924,41,Giza,13,One year,4G/5G,257.9,560.64,6,2,6,Yes,Yes,3.0,5785.05,No
CUST-01925,37,Cairo,14,One year,DSL,316.5,442.18,2,0,1,No,No,4.0,4659.74,No
CUST-01926,24,Alexandria,19,Two year,Fiber,225.3,540.08,4,2,0,Yes,Yes,4.0,6392.26,No
CUST-01927,37,Cairo,33,One year,DSL,189.8,516.71,6,2,1,Yes,Yes,4.0,6363.4,No
CUST-01928,24,Upper Egypt,25,Month-to-month,DSL,166.2,545.96,6,3,1,Yes,No,5.0,6297.48,No
CUST-01929,27,Upper Egypt,5,One year,DSL,207.2,538.97,6,0,0,Yes,No,3.0,6070.22,No
CUST-01930,68,Delta,21,One year,Fiber,228.7,355.99,1,3,0,No,Yes,2.0,4483.71,No
CUST-01931,22,Alexandria,22,Two year,Fiber,212.1,609.94,4,4,0,Yes,Yes,3.0,6870.59,No
CUST-01932,43,Alexandria,52,Month-to-month,Fiber,262.4,386.48,1,1,0,No,No,2.0,4205.42,No
CUST-01933,62,Upper Egypt,17,One year,DSL,200.8,476.89,3,1,1,No,No,3.0,5114.57,No
CUST-01934,68,Cairo,31,Month-to-month,DSL,193.1,213.69,1,0,1,Yes,No,2.0,2038.12,No
CUST-01935,25,Cairo,72,One year,Fiber,150.9,600.06,5,0,2,No,Yes,3.0,7204.2,No
CUST-01936,26,Alexandria,46,Two year,Fiber,239.0,526.49,5,2,0,No,Yes,3.0,6293.26,No
CUST-01937,37,Giza,9,Two year,DSL,183.5,424.21,1,2,2,Yes,Yes,4.0,6874.7,No
CUST-01938,47,Giza,36,Month-to-month,Fiber,344.6,605.84,6,7,1,Yes,No,3.0,5718.26,No
CUST-01939,68,Cairo,29,Month-to-month,DSL,220.3,677.5,6,2,0,Yes,No,3.0,6999.59,No
CUST-01940,29,Alexandria,16,One year,Fiber,226.0,654.79,6,2,0,Yes,No,5.0,8537.69,No
CUST-01941,26,Cairo,36,One year,Fiber,213.8,476.19,3,1,1,No,Yes,4.0,5903.33,No
CUST-01942,31,Cairo,9,Two year,DSL,263.4,627.5,6,2,1,Yes,Yes,3.0,7463.78,No
CUST-01943,64,Cairo,13,Month-to-month,Fiber,364.2,656.8,6,1,0,No,No,3.0,6498.84,No
CUST-01944,19,Giza,19,Two year,DSL,228.7,480.02,4,1,0,Yes,No,2.0,5418.72,No
CUST-01945,38,Upper Egypt,16,One year,Fiber,255.0,549.11,3,2,2,Yes,Yes,2.0,6085.01,No
CUST-01946,24,Giza,33,Month-to-month,Fiber,88.8,549.4,5,3,0,Yes,No,5.0,6462.01,No
CUST-01947,26,Alexandria,21,Month-to-month,DSL,228.7,362.99,1,0,0,No,Yes,4.0,3187.51,No
CUST-01948,66,Delta,14,One year,Fiber,220.3,594.83,3,0,0,Yes,No,3.0,6648.83,No
CUST-01949,18,Giza,46,Month-to-month,DSL,95.5,292.09,1,6,3,Yes,No,5.0,3898.07,No
CUST-01950,35,Delta,33,One year,4G/5G,115.2,475.75,5,1,2,Yes,Yes,4.0,5573.02,No
CUST-01951,66,Delta,6,One year,4G/5G,303.3,411.51,1,2,1,Yes,No,4.0,4489.72,No
CUST-01952,50,Alexandria,6,Month-to-month,Fiber,80.2,515.88,5,1,2,Yes,Yes,4.0,5153.81,No
CUST-01953,21,Cairo,15,Month-to-month,Fiber,255.0,516.68,4,2,3,No,Yes,4.0,4720.19,No
CUST-01954,42,Cairo,7,Two year,Fiber,191.4,505.94,3,4,0,Yes,No,4.0,5446.94,No
CUST-01955,69,Upper Egypt,41,One year,4G/5G,212.5,445.22,4,1,3,Yes,No,3.0,4554.93,No
CUST-01956,39,Delta,13,One year,Fiber,169.4,361.91,1,0,2,No,Yes,3.0,5112.95,No
CUST-01957,46,Upper Egypt,31,One year,Fiber,144.2,606.87,5,5,0,Yes,No,2.0,7308.15,No
CUST-01958,46,Upper Egypt,35,One year,DSL,228.7,450.76,2,0,0,Yes,Yes,3.0,6158.27,No
CUST-01959,53,Cairo,3,Two year,Fiber,281.5,712.07,6,2,1,Yes,No,5.0,8738.49,No
CUST-01960,27,Delta,14,One year,DSL,203.7,491.55,6,1,1,Yes,Yes,3.0,5729.87,Yes
CUST-01961,62,Giza,18,Month-to-month,Fiber,267.9,489.55,4,2,2,Yes,Yes,2.0,4556.16,No
CUST-01962,70,Delta,26,Month-to-month,Fiber,208.2,559.06,4,4,0,No,Yes,4.0,5436.56,No
CUST-01963,25,Cairo,39,Month-to-month,DSL,285.0,568.42,6,1,2,Yes,No,4.0,5730.02,Yes
CUST-01964,61,Cairo,72,One year,Fiber,267.3,423.19,3,4,1,Yes,No,4.0,4851.89,No
CUST-01965,61,Delta,61,Month-to-month,DSL,181.3,343.65,3,1,2,No,Yes,3.0,4105.79,No
CUST-01966,57,Delta,21,One year,DSL,144.2,593.46,6,1,0,No,No,4.0,7329.51,No
CUST-01967,37,Alexandria,20,Two year,Fiber,316.0,531.29,3,2,0,Yes,Yes,5.0,7052.15,No
CUST-01968,42,Cairo,57,Month-to-month,4G/5G,156.8,460.19,3,1,0,Yes,Yes,3.0,4892.31,No
CUST-01969,62,Cairo,21,Month-to-month,4G/5G,275.1,357.71,1,2,2,Yes,Yes,4.0,3437.12,Yes
CUST-01970,26,Upper Egypt,14,One year,4G/5G,232.8,337.81,2,3,2,No,No,5.0,3304.87,No
CUST-01971,61,Giza,41,Month-to-month,DSL,188.3,248.26,2,4,0,Yes,Yes,3.0,2322.95,Yes
CUST-01972,66,Giza,27,One year,Fiber,268.7,571.19,5,3,2,No,Yes,5.0,6696.94,No
CUST-01973,54,Alexandria,6,Month-to-month,Fiber,353.1,600.88,4,1,0,Yes,No,5.0,5895.46,Yes
CUST-01974,36,Giza,17,Month-to-month,Fiber,286.3,448.7,3,5,0,No,Yes,2.0,4736.22,Yes
CUST-01975,47,Alexandria,7,One year,Fiber,241.6,715.88,6,2,1,No,Yes,5.0,8662.31,No
CUST-01976,20,Giza,1,Month-to-month,Fiber,375.9,492.85,3,0,0,Yes,No,2.0,4526.15,No
CUST-01977,67,Delta,66,Month-to-month,Fiber,79.3,344.28,3,4,2,Yes,No,3.0,3161.83,No
CUST-01978,36,Upper Egypt,23,Month-to-month,Fiber,129.9,564.4,5,4,1,Yes,Yes,4.0,5957.45,No
CUST-01979,21,Upper Egypt,17,Month-to-month,4G/5G,188.2,423.36,2,2,3,No,Yes,5.0,4232.79,No
CUST-01980,60,Alexandria,14,Two year,Fiber,357.7,623.03,3,1,1,Yes,No,4.0,7785.72,No
CUST-01981,52,Giza,22,Month-to-month,DSL,314.9,471.0,5,0,2,Yes,Yes,3.0,4044.64,No
CUST-01982,51,Delta,14,Month-to-month,4G/5G,75.5,417.01,2,4,1,Yes,No,3.0,3809.05,Yes
CUST-01983,20,Delta,9,Month-to-month,DSL,190.7,412.67,3,2,1,No,Yes,3.0,4223.96,No
CUST-01984,57,Alexandria,15,Month-to-month,Fiber,110.9,302.97,1,1,1,Yes,No,4.0,3889.86,No
CUST-01985,51,Delta,53,Month-to-month,DSL,226.4,563.46,5,4,0,No,Yes,3.0,5683.64,No
CUST-01986,60,Delta,41,One year,4G/5G,311.2,722.79,6,1,0,Yes,Yes,3.0,8223.21,No
CUST-01987,61,Alexandria,15,Month-to-month,4G/5G,317.8,503.42,5,2,2,Yes,No,2.0,5717.74,Yes
CUST-01988,29,Delta,71,One year,Fiber,254.1,532.86,4,1,2,Yes,Yes,3.0,6238.36,No
CUST-01989,29,Cairo,20,Month-to-month,Fiber,191.7,612.91,6,0,2,Yes,No,3.0,5519.46,Yes
CUST-01990,66,Giza,11,Month-to-month,DSL,221.4,613.57,6,0,1,Yes,No,2.0,5674.7,Yes
CUST-01991,46,Alexandria,28,Month-to-month,Fiber,291.5,596.07,3,0,1,Yes,No,2.0,5573.51,No
CUST-01992,41,Cairo,59,One year,4G/5G,441.3,591.71,4,2,3,No,Yes,5.0,7641.29,No
CUST-01993,33,Delta,51,Two year,DSL,123.3,525.8,6,1,2,No,No,2.0,6023.79,No
CUST-01994,51,Alexandria,12,Month-to-month,4G/5G,373.0,476.23,2,2,1,No,Yes,2.0,4845.08,Yes
CUST-01995,57,Cairo,8,Two year,4G/5G,252.0,557.85,5,1,5,No,Yes,5.0,6897.04,No
CUST-01996,18,Delta,16,Month-to-month,DSL,303.8,326.13,3,2,0,Yes,Yes,4.0,3202.04,No
CUST-01997,47,Delta,31,One year,4G/5G,246.7,377.17,1,3,0,Yes,No,5.0,4658.31,No
CUST-01998,70,Delta,37,One year,DSL,356.4,519.64,3,2,2,Yes,Yes,4.0,6053.68,No
CUST-01999,32,Giza,47,Month-to-month,Fiber,259.7,617.73,4,5,2,Yes,Yes,5.0,6256.57,No
CUST-02000,32,Delta,24,Month-to-month,4G/5G,171.6,476.63,5,1,1,Yes,Yes,4.0,4598.18,No
CUST-02001,64,Giza,25,Month-to-month,DSL,270.5,356.19,1,1,1,Yes,Yes,4.0,3569.44,No
CUST-02002,21,Alexandria,24,One year,4G/5G,331.4,630.24,4,3,2,No,No,2.0,6839.28,No
CUST-02003,39,Cairo,43,Month-to-month,Fiber,230.0,686.59,4,1,2,Yes,Yes,2.0,7583.36,No
CUST-02004,42,Alexandria,37,Two year,Fiber,43.3,502.81,4,3,2,Yes,Yes,3.0,6954.21,No
CUST-02005,60,Delta,11,Month-to-month,4G/5G,219.7,612.58,5,2,1,Yes,Yes,2.0,6068.62,Yes
CUST-02006,24,Alexandria,34,Two year,Fiber,238.8,551.16,5,3,0,Yes,No,3.0,7088.75,No
CUST-02007,41,Giza,41,Month-to-month,DSL,226.0,354.08,3,2,0,No,Yes,3.0,4128.81,No
CUST-02008,26,Delta,43,One year,DSL,185.4,399.76,2,1,2,Yes,Yes,4.0,5058.95,No
CUST-02009,59,Delta,27,Month-to-month,Fiber,349.1,590.67,6,2,1,Yes,Yes,2.0,5777.28,No
CUST-02010,51,Cairo,26,Month-to-month,Fiber,228.7,584.79,6,1,3,Yes,No,4.0,5383.76,No
CUST-02011,44,Upper Egypt,21,Month-to-month,4G/5G,238.5,424.3,1,1,2,Yes,No,2.0,4159.98,Yes
CUST-02012,38,Delta,23,One year,Fiber,239.7,535.29,3,4,1,Yes,Yes,3.0,7050.62,No
CUST-02013,26,Upper Egypt,64,Month-to-month,DSL,418.5,637.88,5,2,2,No,Yes,4.0,6446.84,No
CUST-02014,66,Upper Egypt,23,One year,DSL,228.7,469.19,4,4,0,No,Yes,3.0,5528.75,No
CUST-02015,52,Upper Egypt,12,Two year,DSL,270.1,575.1,6,3,1,Yes,Yes,3.0,7421.86,No
CUST-02016,34,Delta,27,Month-to-month,Fiber,241.3,560.19,2,1,1,Yes,No,4.0,5618.06,Yes
CUST-02017,39,Alexandria,37,Month-to-month,Fiber,238.5,728.48,6,3,2,Yes,Yes,4.0,6877.36,No
CUST-02018,56,Cairo,42,Month-to-month,4G/5G,388.7,504.24,2,2,1,Yes,Yes,3.0,4736.12,No
CUST-02019,56,Alexandria,9,Month-to-month,Fiber,130.0,345.91,1,0,0,Yes,No,5.0,4039.71,No
CUST-02020,42,Delta,55,Month-to-month,Fiber,170.0,547.46,5,1,2,Yes,Yes,3.0,5981.58,No
CUST-02021,34,Alexandria,36,One year,4G/5G,297.9,702.57,6,2,1,Yes,Yes,4.0,9344.64,No
CUST-02022,52,Upper Egypt,53,Month-to-month,Fiber,253.1,484.31,3,1,1,No,Yes,3.0,5144.32,No
CUST-02023,52,Cairo,6,Month-to-month,Fiber,204.5,377.04,1,4,1,No,No,4.0,3831.64,Yes
CUST-02024,49,Giza,44,One year,4G/5G,223.6,648.85,6,4,2,Yes,No,5.0,8144.83,No
CUST-02025,21,Giza,9,Month-to-month,Fiber,312.3,425.18,1,2,2,Yes,No,3.0,3656.05,Yes
CUST-02026,43,Giza,18,One year,Fiber,273.7,649.24,4,3,2,Yes,No,3.0,7742.58,Yes
CUST-02027,50,Cairo,36,Two year,Fiber,165.8,285.42,1,2,1,Yes,Yes,3.0,4349.48,No
CUST-02028,68,Cairo,8,Month-to-month,4G/5G,251.4,519.24,4,1,0,Yes,Yes,3.0,5600.94,No
CUST-02029,45,Delta,14,Month-to-month,4G/5G,225.5,458.29,1,1,1,Yes,Yes,3.0,5249.87,No
CUST-02030,36,Giza,6,One year,4G/5G,272.3,517.83,3,2,2,No,Yes,3.0,5641.8,No
CUST-02031,47,Cairo,36,One year,4G/5G,201.1,430.58,3,3,0,Yes,No,3.0,5055.41,No
CUST-02032,27,Cairo,11,One year,Fiber,121.3,660.01,6,1,1,Yes,Yes,3.0,7543.1,Yes
CUST-02033,22,Giza,22,One year,DSL,290.5,547.77,5,6,1,Yes,Yes,1.0,5766.84,Yes
CUST-02034,53,Cairo,29,Month-to-month,Fiber,279.4,756.81,6,5,0,Yes,Yes,5.0,7871.05,No
CUST-02035,70,Delta,27,Month-to-month,4G/5G,357.4,600.97,4,3,0,Yes,No,5.0,6463.92,No
CUST-02036,62,Delta,25,One year,4G/5G,111.5,304.73,2,1,1,Yes,No,4.0,4035.02,No
CUST-02037,48,Cairo,25,One year,Fiber,223.7,503.1,3,4,2,Yes,No,3.0,5907.22,No
CUST-02038,20,Alexandria,7,One year,4G/5G,209.3,522.54,4,3,1,Yes,Yes,2.0,6441.92,No
CUST-02039,70,Cairo,18,Month-to-month,DSL,194.3,484.6,4,1,3,Yes,No,2.0,4744.64,Yes
CUST-02040,41,Cairo,25,Two year,Fiber,91.3,622.23,6,4,1,No,No,4.0,7839.28,No
CUST-02041,33,Upper Egypt,23,Month-to-month,DSL,134.0,576.99,6,4,1,No,No,5.0,4488.19,Yes
CUST-02042,65,Alexandria,20,Month-to-month,4G/5G,254.3,374.7,1,4,0,Yes,No,4.0,3778.3,Yes
CUST-02043,57,Upper Egypt,13,Month-to-month,Fiber,185.0,545.64,5,3,0,Yes,Yes,4.0,5509.79,No
CUST-02044,57,Cairo,27,Month-to-month,Fiber,155.6,384.03,2,1,2,No,No,4.0,3870.84,No
CUST-02045,32,Giza,30,One year,4G/5G,358.7,542.34,4,1,2,No,No,3.0,6226.95,No
CUST-02046,70,Giza,16,Month-to-month,Fiber,443.6,743.84,6,0,4,No,Yes,5.0,6800.73,Yes
CUST-02047,42,Giza,42,One year,Fiber,224.9,641.67,6,3,2,Yes,Yes,4.0,7186.98,No
CUST-02048,46,Upper Egypt,56,Month-to-month,DSL,94.8,426.68,3,0,0,No,Yes,2.0,3968.93,No
CUST-02049,57,Cairo,22,Month-to-month,DSL,265.7,268.15,1,2,3,Yes,No,4.0,2835.61,Yes
CUST-02050,52,Delta,12,Month-to-month,Fiber,42.3,490.68,6,4,1,Yes,Yes,3.0,5282.45,No
CUST-02051,27,Upper Egypt,8,Month-to-month,Fiber,108.5,719.4,6,0,1,Yes,No,3.0,6350.54,No
CUST-02052,34,Alexandria,17,One year,4G/5G,267.2,421.58,3,2,2,No,No,4.0,4932.89,Yes
CUST-02053,37,Giza,21,Month-to-month,DSL,105.5,320.6,1,3,1,No,Yes,4.0,3680.71,No
CUST-02054,68,Giza,8,Month-to-month,DSL,203.4,495.75,4,2,0,Yes,No,4.0,4915.2,No
CUST-02055,55,Cairo,17,Month-to-month,4G/5G,96.5,468.64,5,3,0,Yes,Yes,3.0,5033.63,Yes
CUST-02056,37,Delta,41,Month-to-month,Fiber,235.1,487.01,3,1,2,Yes,Yes,4.0,5368.68,Yes
CUST-02057,56,Giza,3,Month-to-month,4G/5G,331.1,365.31,1,2,1,Yes,Yes,2.0,3671.76,Yes
CUST-02058,57,Upper Egypt,24,Two year,4G/5G,174.8,451.04,3,2,1,Yes,Yes,3.0,5665.94,No
CUST-02059,38,Alexandria,14,Month-to-month,4G/5G,228.3,464.53,4,2,3,Yes,Yes,3.0,4949.75,No
CUST-02060,39,Giza,22,Month-to-month,Fiber,156.6,619.79,6,2,0,Yes,Yes,5.0,6190.87,Yes
CUST-02061,65,Delta,58,Two year,Fiber,162.9,574.85,5,2,0,Yes,No,4.0,7663.72,No
CUST-02062,47,Giza,21,One year,DSL,155.2,559.57,5,2,2,No,Yes,3.0,6688.62,No
CUST-02063,25,Upper Egypt,19,Month-to-month,4G/5G,300.7,456.67,3,3,0,No,No,5.0,4633.74,No
CUST-02064,56,Cairo,34,One year,4G/5G,102.8,515.4,6,2,0,Yes,Yes,3.0,6122.97,No
CUST-02065,49,Upper Egypt,27,Two year,Fiber,200.1,396.09,2,3,1,Yes,No,3.0,5050.04,No
CUST-02066,44,Delta,24,Month-to-month,DSL,266.9,396.6,2,2,3,Yes,Yes,2.0,3610.9,Yes
CUST-02067,56,Upper Egypt,28,Month-to-month,Fiber,311.9,591.08,6,1,0,Yes,Yes,3.0,6001.12,No
CUST-02068,66,Giza,48,Two year,DSL,269.7,663.32,6,1,0,Yes,No,3.0,7870.53,No
CUST-02069,35,Delta,39,One year,4G/5G,223.5,561.0,5,3,0,Yes,No,3.0,6718.98,No
CUST-02070,40,Cairo,18,Two year,4G/5G,178.8,566.77,5,7,2,Yes,Yes,4.0,6489.07,No
CUST-02071,28,Delta,56,Month-to-month,Fiber,313.3,701.1,6,1,1,No,Yes,2.0,6719.34,No
CUST-02072,52,Cairo,15,Two year,4G/5G,151.9,276.04,1,0,1,No,No,3.0,3812.08,No
CUST-02073,39,Cairo,24,Month-to-month,Fiber,153.3,513.73,5,2,1,Yes,No,2.0,4841.19,Yes
CUST-02074,36,Giza,25,One year,DSL,351.7,425.13,3,3,2,Yes,No,3.0,5276.79,No
CUST-02075,54,Giza,17,Two year,DSL,262.4,401.89,4,4,1,Yes,Yes,3.0,5397.01,No
CUST-02076,39,Giza,52,Month-to-month,DSL,265.6,395.08,2,0,0,Yes,Yes,5.0,3387.75,No
CUST-02077,42,Delta,17,Month-to-month,4G/5G,283.9,463.92,3,1,1,Yes,No,5.0,5266.36,No
CUST-02078,41,Cairo,20,One year,DSL,221.5,274.77,2,2,1,Yes,Yes,5.0,3611.75,No
CUST-02079,31,Delta,43,Two year,Fiber,100.6,464.32,4,2,0,Yes,Yes,2.0,5913.6,No
CUST-02080,24,Cairo,15,Month-to-month,Fiber,252.6,701.86,6,1,2,No,No,3.0,6472.98,No
CUST-02081,61,Delta,7,Two year,DSL,228.4,377.89,1,2,1,No,Yes,2.0,3873.0,No
CUST-02082,22,Delta,24,Month-to-month,DSL,152.7,482.41,6,2,0,Yes,Yes,5.0,5133.33,No
CUST-02083,35,Giza,9,Month-to-month,DSL,132.0,554.03,4,2,1,No,No,4.0,5743.77,No
CUST-02084,53,Delta,9,Month-to-month,Fiber,225.8,328.04,1,3,1,No,No,2.0,2869.46,Yes
CUST-02085,24,Upper Egypt,3,Two year,Fiber,107.8,407.2,4,4,0,No,No,4.0,5009.64,No
CUST-02086,52,Delta,3,Month-to-month,4G/5G,217.1,434.16,1,3,1,Yes,Yes,2.0,4201.93,Yes
CUST-02087,56,Giza,3,One year,DSL,206.2,461.12,5,0,1,Yes,No,3.0,5894.08,Yes
CUST-02088,53,Giza,61,Month-to-month,DSL,219.3,442.14,2,2,1,No,No,3.0,5074.26,No
CUST-02089,34,Delta,3,Two year,Fiber,266.2,359.6,1,0,0,No,Yes,4.0,5195.84,No
CUST-02090,19,Cairo,9,One year,Fiber,286.0,662.55,6,0,0,Yes,Yes,5.0,8827.62,No
CUST-02091,65,Delta,20,Month-to-month,Fiber,166.0,451.29,4,3,1,No,No,4.0,4959.99,No
CUST-02092,35,Giza,33,Month-to-month,Fiber,228.7,647.41,4,1,1,Yes,Yes,3.0,6885.22,No
CUST-02093,60,Delta,36,Month-to-month,DSL,210.3,582.6,5,1,1,Yes,Yes,4.0,5652.34,No
CUST-02094,28,Cairo,12,Month-to-month,Fiber,387.8,571.04,4,1,0,No,No,5.0,5648.89,No
CUST-02095,26,Cairo,23,One year,Fiber,177.3,578.26,5,3,1,No,No,3.0,7288.38,Yes
CUST-02096,59,Upper Egypt,20,One year,4G/5G,85.0,488.71,4,0,0,Yes,Yes,4.0,5491.15,No
CUST-02097,67,Upper Egypt,22,Month-to-month,Fiber,305.0,384.98,1,2,1,No,No,5.0,4204.14,Yes
CUST-02098,63,Upper Egypt,24,One year,DSL,268.3,671.99,6,1,3,Yes,No,2.0,7286.46,Yes
CUST-02099,57,Upper Egypt,29,Month-to-month,Fiber,338.1,692.67,6,2,1,Yes,No,4.0,7001.1,No
CUST-02100,31,Giza,14,Month-to-month,Fiber,257.9,419.42,2,1,1,Yes,No,4.0,4336.31,Yes
CUST-02101,66,Cairo,47,Month-to-month,Fiber,440.6,540.37,4,3,0,Yes,Yes,5.0,5766.23,No
CUST-02102,53,Cairo,17,Month-to-month,4G/5G,213.0,264.79,1,1,0,Yes,No,4.0,2875.42,No
CUST-02103,27,Giza,72,One year,DSL,324.2,430.55,2,2,1,Yes,Yes,5.0,5756.29,No
CUST-02104,24,Cairo,15,Month-to-month,DSL,182.7,467.38,4,2,1,Yes,Yes,3.0,4901.43,No
CUST-02105,64,Upper Egypt,24,One year,4G/5G,274.3,514.08,3,3,1,Yes,Yes,4.0,5509.35,No
CUST-02106,32,Cairo,20,Month-to-month,Fiber,291.0,649.63,6,3,0,Yes,No,4.0,6480.14,No
CUST-02107,58,Cairo,23,One year,DSL,304.9,245.6,1,3,1,Yes,Yes,3.0,2837.25,No
CUST-02108,25,Cairo,44,Month-to-month,Fiber,299.9,601.65,5,3,2,Yes,Yes,4.0,6058.83,No
CUST-02109,32,Cairo,19,Month-to-month,Fiber,10.0,575.89,4,1,0,Yes,Yes,3.0,5538.04,No
CUST-02110,33,Cairo,8,Month-to-month,4G/5G,223.8,561.99,6,1,0,Yes,No,3.0,6113.98,Yes
CUST-02111,32,Alexandria,14,Month-to-month,Fiber,178.2,580.73,5,1,1,No,Yes,2.0,5534.89,No
CUST-02112,53,Giza,19,Month-to-month,4G/5G,196.0,471.73,6,3,1,Yes,No,3.0,5094.34,No
CUST-02113,66,Alexandria,25,Month-to-month,DSL,204.5,489.11,5,1,1,Yes,No,5.0,4574.63,No
CUST-02114,66,Upper Egypt,12,One year,Fiber,318.0,448.06,2,2,2,Yes,Yes,4.0,5107.82,No
CUST-02115,57,Alexandria,13,Month-to-month,Fiber,248.2,517.58,3,2,0,Yes,No,4.0,4952.93,No
CUST-02116,28,Delta,26,One year,DSL,184.3,492.56,5,1,1,Yes,Yes,2.0,5923.18,No
CUST-02117,68,Giza,26,One year,DSL,97.9,448.66,6,0,1,No,No,4.0,4877.68,No
CUST-02118,46,Cairo,40,Month-to-month,Fiber,368.0,673.32,6,1,1,Yes,Yes,3.0,5873.26,No
CUST-02119,46,Giza,14,One year,DSL,171.7,439.04,4,2,4,No,No,4.0,4660.89,No
CUST-02120,55,Upper Egypt,31,Month-to-month,Fiber,218.2,323.14,1,1,1,No,No,5.0,3732.09,No
CUST-02121,58,Alexandria,20,One year,4G/5G,422.5,478.75,3,4,0,No,Yes,3.0,5375.94,No
CUST-02122,68,Cairo,15,One year,Fiber,174.2,581.48,4,5,3,No,No,3.0,6693.57,No
CUST-02123,48,Giza,20,One year,DSL,205.2,483.6,5,1,3,Yes,Yes,4.0,5283.75,No
CUST-02124,50,Delta,22,Month-to-month,4G/5G,250.9,429.54,2,1,1,Yes,No,3.0,3481.7,No
CUST-02125,57,Alexandria,7,One year,DSL,85.5,352.74,3,3,4,Yes,Yes,4.0,4317.33,No
CUST-02126,31,Alexandria,8,Month-to-month,4G/5G,75.0,435.87,5,3,2,Yes,Yes,1.0,4291.92,Yes
CUST-02127,34,Upper Egypt,34,Month-to-month,4G/5G,186.7,582.62,6,3,3,Yes,No,3.0,5545.36,No
CUST-02128,51,Alexandria,16,Month-to-month,Fiber,189.8,438.12,2,6,0,No,Yes,5.0,4600.07,No
CUST-02129,21,Alexandria,25,Month-to-month,Fiber,228.7,537.51,2,0,4,No,No,4.0,4982.74,Yes
CUST-02130,34,Cairo,33,One year,DSL,142.0,341.48,3,6,1,No,No,4.0,3772.23,No
CUST-02131,56,Cairo,20,Two year,Fiber,269.1,557.55,4,1,1,Yes,No,5.0,7945.97,No
CUST-02132,69,Upper Egypt,32,Month-to-month,DSL,35.9,503.64,5,3,1,No,Yes,5.0,5128.79,No
CUST-02133,45,Alexandria,22,One year,Fiber,223.7,669.32,5,2,2,No,No,3.0,7862.72,No
CUST-02134,39,Giza,23,One year,4G/5G,262.4,484.03,4,4,2,No,No,4.0,5470.36,No
CUST-02135,41,Alexandria,46,Two year,DSL,259.6,585.06,6,1,2,Yes,No,5.0,7930.89,No
CUST-02136,54,Cairo,19,One year,DSL,215.4,363.03,1,2,3,Yes,Yes,4.0,4645.32,Yes
CUST-02137,46,Delta,34,Month-to-month,Fiber,170.6,552.95,4,1,1,Yes,Yes,2.0,5480.56,No
CUST-02138,19,Cairo,6,Month-to-month,4G/5G,212.7,447.68,2,0,1,Yes,Yes,3.0,4522.52,No
CUST-02139,46,Delta,25,One year,DSL,341.1,579.03,4,1,0,Yes,No,4.0,7371.56,No
CUST-02140,39,Alexandria,53,Month-to-month,4G/5G,176.0,627.35,6,4,0,Yes,Yes,2.0,6615.33,No
CUST-02141,55,Cairo,72,Two year,4G/5G,318.0,658.75,6,0,3,Yes,Yes,3.0,8991.02,No
CUST-02142,64,Cairo,7,Two year,Fiber,332.4,659.39,6,2,2,Yes,Yes,3.0,8448.58,No
CUST-02143,69,Delta,16,Two year,Fiber,73.8,419.6,3,2,2,Yes,Yes,4.0,5580.76,No
CUST-02144,50,Cairo,10,Month-to-month,Fiber,218.5,588.23,5,1,1,No,No,5.0,5963.59,No
CUST-02145,37,Cairo,19,One year,DSL,142.0,449.91,3,1,0,Yes,No,4.0,5879.08,No
CUST-02146,41,Delta,38,One year,DSL,94.8,265.74,1,2,1,Yes,No,2.0,3053.22,No
CUST-02147,27,Giza,47,Month-to-month,Fiber,301.3,474.71,2,1,1,Yes,Yes,5.0,5217.01,No
CUST-02148,67,Giza,48,Month-to-month,4G/5G,272.6,523.92,5,2,0,Yes,Yes,3.0,6417.7,No
CUST-02149,62,Cairo,6,Month-to-month,Fiber,253.7,457.66,1,2,0,Yes,Yes,2.0,4635.2,No
CUST-02150,63,Delta,22,Month-to-month,4G/5G,132.3,428.07,4,3,1,Yes,No,2.0,3638.04,No
CUST-02151,35,Cairo,13,Two year,DSL,248.9,408.94,3,3,1,Yes,No,2.0,5097.98,No
CUST-02152,35,Cairo,19,Two year,Fiber,112.1,519.6,3,1,1,Yes,Yes,2.0,6918.96,No
CUST-02153,63,Cairo,15,Month-to-month,Fiber,228.7,653.81,5,2,1,Yes,Yes,4.0,6112.86,No
CUST-02154,46,Cairo,6,Month-to-month,DSL,170.5,293.04,2,5,2,Yes,No,1.0,2212.77,No
CUST-02155,55,Cairo,47,Month-to-month,4G/5G,324.6,374.0,2,3,1,No,Yes,5.0,3414.99,No
CUST-02156,43,Cairo,12,Month-to-month,Fiber,197.3,358.78,1,2,2,Yes,Yes,4.0,3444.41,No
CUST-02157,41,Cairo,14,Month-to-month,DSL,250.8,283.61,1,2,0,Yes,Yes,3.0,3689.82,No
CUST-02158,51,Giza,54,One year,DSL,251.0,234.67,1,1,3,No,Yes,4.0,2698.08,No
CUST-02159,61,Upper Egypt,5,One year,Fiber,223.2,338.38,1,0,3,No,Yes,2.0,4096.01,No
CUST-02160,35,Cairo,29,Two year,DSL,239.5,324.86,4,1,0,Yes,No,3.0,4313.68,No
CUST-02161,60,Cairo,42,Two year,Fiber,257.3,497.51,2,3,0,No,No,4.0,6564.63,No
CUST-02162,30,Upper Egypt,51,Month-to-month,4G/5G,149.3,468.0,3,2,1,Yes,Yes,3.0,5008.11,No
CUST-02163,39,Upper Egypt,28,One year,DSL,266.3,618.71,5,3,0,Yes,No,3.0,6668.92,No
CUST-02164,66,Alexandria,35,Month-to-month,Fiber,307.7,596.37,4,2,0,No,Yes,3.0,6748.26,Yes
CUST-02165,68,Cairo,42,Month-to-month,4G/5G,265.8,331.33,1,2,1,No,Yes,5.0,3853.07,No
CUST-02166,66,Giza,20,Month-to-month,Fiber,198.1,591.57,4,2,1,Yes,Yes,5.0,6410.27,Yes
CUST-02167,34,Cairo,10,Month-to-month,4G/5G,245.7,474.78,4,0,3,Yes,Yes,4.0,4397.93,No
CUST-02168,62,Cairo,56,Month-to-month,DSL,197.3,387.0,4,4,0,Yes,No,3.0,4365.7,No
CUST-02169,67,Giza,32,Month-to-month,Fiber,219.3,645.24,6,3,0,No,Yes,4.0,6939.22,No
CUST-02170,69,Alexandria,22,Month-to-month,DSL,123.1,454.39,4,4,1,Yes,Yes,3.0,4462.26,No
CUST-02171,19,Giza,7,Two year,Fiber,354.2,604.94,5,4,1,No,No,5.0,7491.72,No
CUST-02172,57,Alexandria,2,Month-to-month,4G/5G,404.2,515.98,4,1,1,Yes,Yes,4.0,4635.17,Yes
CUST-02173,70,Cairo,28,Month-to-month,4G/5G,166.6,460.4,4,5,2,No,Yes,5.0,4459.07,No
CUST-02174,58,Giza,2,Two year,DSL,300.8,356.94,1,1,3,No,Yes,3.0,4506.78,No
CUST-02175,30,Delta,22,One year,DSL,361.2,624.26,6,1,0,Yes,Yes,3.0,7318.39,No
CUST-02176,58,Upper Egypt,12,Month-to-month,DSL,143.8,419.66,1,3,3,Yes,Yes,4.0,3787.75,No
CUST-02177,23,Giza,15,Two year,Fiber,35.7,576.1,6,4,2,Yes,No,3.0,7609.81,No
CUST-02178,43,Alexandria,48,Month-to-month,Fiber,366.5,640.56,4,2,1,Yes,Yes,5.0,6328.16,No
CUST-02179,51,Cairo,12,Month-to-month,4G/5G,229.1,372.37,3,5,1,Yes,Yes,5.0,3576.42,Yes
CUST-02180,42,Cairo,23,Month-to-month,Fiber,183.2,506.91,3,1,3,No,No,5.0,5382.42,No
CUST-02181,55,Delta,12,Month-to-month,Fiber,234.3,358.59,1,2,0,Yes,Yes,4.0,3984.15,No
CUST-02182,30,Cairo,27,One year,Fiber,196.8,479.27,3,2,1,Yes,Yes,4.0,5209.91,No
CUST-02183,50,Giza,24,Month-to-month,Fiber,496.4,536.39,1,4,1,Yes,Yes,3.0,4681.71,No
CUST-02184,52,Giza,22,One year,4G/5G,182.2,413.78,3,2,1,Yes,Yes,4.0,4498.9,No
CUST-02185,51,Cairo,42,One year,Fiber,259.5,321.65,1,2,1,Yes,Yes,3.0,3964.47,No
CUST-02186,33,Cairo,5,Two year,Fiber,346.3,363.23,1,3,1,No,Yes,3.0,5228.4,No
CUST-02187,34,Giza,4,Month-to-month,4G/5G,345.9,615.94,5,2,3,No,Yes,5.0,6536.51,No
CUST-02188,31,Upper Egypt,8,Month-to-month,Fiber,328.6,481.41,2,1,2,Yes,Yes,2.0,4843.71,No
CUST-02189,42,Alexandria,24,Two year,4G/5G,191.7,442.08,3,1,0,No,No,3.0,6737.98,No
CUST-02190,49,Giza,30,One year,4G/5G,216.3,431.49,4,1,2,Yes,Yes,4.0,5227.99,No
CUST-02191,37,Cairo,1,Month-to-month,4G/5G,34.3,544.48,4,3,1,No,Yes,4.0,5820.42,Yes
CUST-02192,39,Alexandria,30,Month-to-month,Fiber,223.3,625.4,4,2,0,Yes,Yes,2.0,5906.7,No
CUST-02193,33,Cairo,17,One year,DSL,233.0,425.69,3,0,2,Yes,Yes,3.0,4226.53,No
CUST-02194,29,Alexandria,57,One year,4G/5G,296.8,449.1,4,3,1,No,Yes,3.0,5352.01,No
CUST-02195,52,Delta,28,One year,Fiber,391.6,695.95,4,3,0,Yes,Yes,1.0,8014.01,No
CUST-02196,61,Giza,53,Two year,4G/5G,294.0,429.25,1,3,1,No,Yes,5.0,7085.26,No
CUST-02197,33,Cairo,47,Month-to-month,Fiber,326.4,699.67,6,5,3,No,No,2.0,6643.72,No
CUST-02198,63,Cairo,17,Month-to-month,4G/5G,228.4,627.73,5,3,0,Yes,No,2.0,5662.58,No
CUST-02199,48,Cairo,38,One year,DSL,345.6,434.14,3,2,1,Yes,Yes,4.0,5741.14,No
CUST-02200,26,Giza,17,Two year,Fiber,231.0,439.97,3,2,0,Yes,No,3.0,5473.97,No
CUST-02201,37,Upper Egypt,62,Month-to-month,DSL,332.7,575.06,5,2,1,Yes,Yes,3.0,5897.19,No
CUST-02202,18,Cairo,18,One year,Fiber,302.4,489.51,4,1,0,Yes,No,3.0,6246.49,No
CUST-02203,20,Alexandria,31,Month-to-month,Fiber,265.3,554.77,5,0,2,Yes,No,5.0,5128.45,No
CUST-02204,35,Delta,69,Month-to-month,4G/5G,91.3,429.62,3,0,1,Yes,No,3.0,5189.1,No
CUST-02205,42,Cairo,32,Two year,Fiber,328.4,542.99,3,0,1,Yes,Yes,4.0,7663.6,No
CUST-02206,60,Cairo,15,Month-to-month,4G/5G,264.0,389.34,3,1,2,Yes,No,2.0,3838.21,Yes
CUST-02207,25,Giza,7,Month-to-month,Fiber,293.2,438.93,2,1,0,Yes,Yes,4.0,5251.67,No
CUST-02208,62,Alexandria,5,One year,DSL,258.2,464.53,5,1,1,Yes,No,4.0,5312.88,No
CUST-02209,30,Giza,30,Month-to-month,4G/5G,273.7,552.15,5,3,0,No,Yes,5.0,6075.48,No
CUST-02210,25,Delta,20,Month-to-month,DSL,347.1,319.0,1,2,1,Yes,Yes,2.0,3271.3,No
CUST-02211,55,Upper Egypt,8,One year,4G/5G,187.3,380.76,1,0,1,Yes,Yes,4.0,4187.99,No
CUST-02212,59,Delta,35,Month-to-month,4G/5G,272.1,349.77,1,1,4,No,Yes,5.0,3175.34,No
CUST-02213,50,Upper Egypt,35,One year,DSL,160.0,322.43,2,1,4,Yes,Yes,4.0,4646.02,No
CUST-02214,24,Delta,20,Month-to-month,4G/5G,281.9,340.54,1,3,2,Yes,Yes,3.0,3804.13,No
CUST-02215,24,Delta,55,Month-to-month,Fiber,252.6,461.36,4,1,0,Yes,Yes,4.0,5313.61,No
CUST-02216,38,Delta,4,One year,Fiber,173.2,630.4,6,1,0,Yes,Yes,4.0,7169.49,No
CUST-02217,41,Delta,16,Month-to-month,Fiber,238.4,632.16,5,2,1,No,Yes,3.0,6455.58,No
CUST-02218,70,Delta,32,Two year,4G/5G,178.8,610.69,6,2,0,Yes,Yes,4.0,7935.77,No
CUST-02219,33,Upper Egypt,9,Two year,DSL,196.0,332.57,1,0,1,Yes,No,4.0,5179.54,No
CUST-02220,28,Giza,38,Two year,DSL,261.9,580.31,5,2,0,Yes,Yes,2.0,8138.02,No
CUST-02221,68,Alexandria,45,Month-to-month,4G/5G,254.2,692.47,5,0,2,Yes,No,3.0,7160.25,No
CUST-02222,26,Giza,1,Month-to-month,Fiber,57.2,364.64,3,2,1,Yes,Yes,3.0,3926.02,Yes
CUST-02223,19,Delta,56,Two year,4G/5G,263.3,587.98,5,2,2,Yes,Yes,3.0,7618.49,No
CUST-02224,40,Giza,30,Month-to-month,Fiber,202.7,391.1,1,3,0,Yes,Yes,4.0,4349.92,No
CUST-02225,39,Delta,14,One year,Fiber,192.7,515.64,4,0,4,Yes,Yes,4.0,6500.04,No
CUST-02226,50,Delta,6,Two year,DSL,128.6,454.06,5,4,1,Yes,No,3.0,6046.72,No
CUST-02227,64,Upper Egypt,41,Month-to-month,Fiber,225.9,518.28,3,0,0,No,Yes,5.0,5077.78,No
CUST-02228,67,Cairo,8,Month-to-month,DSL,182.9,366.67,2,1,0,Yes,Yes,4.0,4356.72,No
CUST-02229,33,Delta,30,One year,4G/5G,344.6,328.04,1,1,0,No,No,5.0,3944.49,No
CUST-02230,69,Delta,8,One year,4G/5G,72.6,238.7,2,2,0,No,No,5.0,3119.25,No
CUST-02231,51,Upper Egypt,22,Month-to-month,Fiber,143.2,542.4,5,2,2,Yes,No,2.0,4933.67,Yes
CUST-02232,21,Upper Egypt,40,One year,Fiber,137.2,585.08,6,4,2,No,Yes,3.0,5665.65,No
CUST-02233,67,Alexandria,14,One year,Fiber,253.3,589.4,4,2,0,No,No,3.0,7037.26,No
CUST-02234,25,Alexandria,55,Month-to-month,DSL,335.6,351.7,2,2,2,Yes,Yes,4.0,4664.68,No
CUST-02235,49,Cairo,32,Month-to-month,Fiber,275.3,444.84,2,2,0,Yes,Yes,4.0,4787.68,No
CUST-02236,59,Upper Egypt,9,One year,Fiber,131.5,526.08,6,0,2,Yes,No,4.0,7432.7,No
CUST-02237,31,Cairo,6,One year,4G/5G,191.4,407.39,4,2,1,Yes,No,3.0,4696.39,Yes
CUST-02238,32,Delta,11,Two year,4G/5G,157.2,492.4,5,2,0,Yes,No,5.0,6699.86,No
CUST-02239,43,Delta,21,Month-to-month,4G/5G,275.7,455.99,3,5,1,Yes,Yes,3.0,4466.12,No
CUST-02240,64,Giza,59,Two year,Fiber,189.5,596.93,6,0,2,Yes,No,4.0,7891.9,No
CUST-02241,29,Cairo,66,One year,DSL,102.8,376.93,3,2,1,Yes,Yes,3.0,4888.3,No
CUST-02242,53,Cairo,14,One year,Fiber,282.6,528.83,5,3,0,Yes,No,3.0,6954.81,No
CUST-02243,41,Delta,14,Month-to-month,Fiber,343.7,688.78,6,6,0,Yes,No,4.0,6459.47,No
CUST-02244,23,Giza,36,Month-to-month,Fiber,228.7,475.1,3,1,2,Yes,Yes,5.0,4830.85,No
CUST-02245,55,Cairo,36,Month-to-month,4G/5G,240.8,486.89,5,3,2,No,Yes,4.0,5134.34,No
CUST-02246,62,Delta,50,Month-to-month,DSL,94.4,433.45,4,1,0,No,No,3.0,5123.09,No
CUST-02247,48,Cairo,51,Month-to-month,Fiber,44.7,302.68,3,1,1,Yes,Yes,5.0,2417.06,No
CUST-02248,27,Upper Egypt,11,Two year,Fiber,63.6,426.48,5,3,0,No,No,4.0,5068.14,No
CUST-02249,26,Cairo,5,Month-to-month,4G/5G,226.0,494.18,3,3,2,No,No,4.0,4788.82,No
CUST-02250,40,Cairo,33,Two year,Fiber,202.3,469.49,5,0,1,No,No,5.0,6827.92,No
CUST-02251,44,Cairo,25,Month-to-month,4G/5G,279.2,397.99,1,1,2,No,Yes,4.0,3753.86,No
CUST-02252,47,Giza,3,Two year,Fiber,212.2,586.51,6,5,1,Yes,No,5.0,7935.72,No
CUST-02253,30,Giza,5,Month-to-month,Fiber,318.9,658.71,6,5,1,Yes,No,4.0,7300.54,No
CUST-02254,44,Delta,31,One year,4G/5G,228.7,724.59,6,3,1,No,Yes,5.0,8633.06,No
CUST-02255,33,Giza,19,One year,Fiber,201.0,611.89,6,1,2,No,Yes,4.0,7014.45,No
CUST-02256,54,Giza,32,Two year,DSL,139.7,581.84,5,3,3,Yes,No,4.0,7653.69,Yes
CUST-02257,60,Cairo,8,Month-to-month,Fiber,57.5,520.08,5,6,1,Yes,Yes,3.0,5128.94,No
CUST-02258,52,Cairo,34,Month-to-month,DSL,359.0,626.77,6,3,2,Yes,Yes,3.0,6191.47,No
CUST-02259,18,Upper Egypt,27,Two year,DSL,145.2,541.49,5,3,0,Yes,Yes,4.0,7131.41,No
CUST-02260,70,Cairo,35,Month-to-month,4G/5G,95.3,376.15,2,2,0,Yes,Yes,3.0,3820.01,Yes
CUST-02261,19,Upper Egypt,15,One year,4G/5G,241.7,355.32,1,2,2,Yes,Yes,3.0,3670.97,No
CUST-02262,70,Giza,12,Month-to-month,DSL,96.1,506.04,6,2,0,Yes,Yes,4.0,5392.55,No
CUST-02263,19,Cairo,6,Month-to-month,Fiber,241.6,301.51,1,1,0,Yes,Yes,5.0,2784.24,No
CUST-02264,45,Cairo,17,One year,Fiber,199.7,563.28,6,1,0,Yes,No,4.0,6391.07,No
CUST-02265,23,Cairo,44,One year,DSL,313.1,686.21,6,3,1,Yes,No,4.0,7641.46,No
CUST-02266,23,Delta,52,One year,DSL,305.3,429.48,1,2,3,Yes,Yes,2.0,4817.81,No
CUST-02267,54,Giza,8,Month-to-month,Fiber,329.3,647.26,5,1,1,Yes,Yes,5.0,6410.03,No
CUST-02268,56,Giza,21,One year,4G/5G,248.6,416.9,4,4,1,Yes,Yes,5.0,4612.78,No
CUST-02269,24,Alexandria,59,Two year,Fiber,152.7,420.57,3,2,0,Yes,No,5.0,5823.86,No
CUST-02270,69,Alexandria,65,Month-to-month,Fiber,136.7,466.73,4,3,1,Yes,No,2.0,4826.41,No
CUST-02271,34,Upper Egypt,16,Month-to-month,4G/5G,182.2,403.68,3,1,0,Yes,No,4.0,3472.27,No
CUST-02272,34,Upper Egypt,47,Month-to-month,DSL,409.5,546.95,5,2,1,No,Yes,3.0,5152.66,No
CUST-02273,33,Delta,41,One year,DSL,207.6,437.51,3,3,0,Yes,Yes,4.0,6272.21,No
CUST-02274,42,Delta,39,Month-to-month,Fiber,244.5,401.51,1,4,1,Yes,No,4.0,3854.28,No
CUST-02275,27,Delta,4,One year,Fiber,366.7,631.24,3,5,1,Yes,No,4.0,7679.17,Yes
CUST-02276,40,Giza,13,Month-to-month,DSL,252.9,459.7,4,2,0,Yes,No,3.0,4379.46,Yes
CUST-02277,29,Delta,19,One year,Fiber,162.6,477.81,3,2,2,Yes,No,2.0,5534.7,No
CUST-02278,20,Cairo,19,Two year,DSL,295.7,538.13,4,2,0,Yes,Yes,3.0,6692.12,No
CUST-02279,37,Delta,21,Month-to-month,Fiber,191.4,698.94,6,1,0,No,No,4.0,6111.27,No
CUST-02280,53,Upper Egypt,69,Month-to-month,Fiber,256.0,434.37,3,1,1,Yes,Yes,3.0,4352.24,No
CUST-02281,58,Cairo,17,Month-to-month,Fiber,276.1,642.18,5,4,1,No,Yes,4.0,6514.65,Yes
CUST-02282,36,Delta,28,Month-to-month,Fiber,185.5,648.56,6,4,0,No,No,2.0,6675.76,Yes
CUST-02283,35,Upper Egypt,28,Month-to-month,Fiber,246.8,625.43,5,1,0,Yes,Yes,3.0,6298.37,No
CUST-02284,59,Cairo,21,Two year,4G/5G,374.0,565.4,4,2,0,No,Yes,5.0,7211.38,No
CUST-02285,54,Alexandria,8,Month-to-month,DSL,173.6,655.18,6,2,1,Yes,Yes,4.0,6806.6,No
CUST-02286,62,Upper Egypt,23,Month-to-month,Fiber,348.5,488.44,3,2,1,Yes,Yes,4.0,4581.93,No
CUST-02287,66,Upper Egypt,2,Month-to-month,DSL,176.9,289.95,2,2,1,Yes,Yes,4.0,2646.65,No
CUST-02288,61,Cairo,30,Month-to-month,Fiber,392.2,673.88,6,3,0,Yes,Yes,3.0,6256.39,No
CUST-02289,67,Giza,2,Two year,Fiber,153.0,612.18,6,1,0,Yes,Yes,5.0,7859.66,No
CUST-02290,40,Delta,28,Month-to-month,4G/5G,194.6,345.06,1,3,0,Yes,Yes,4.0,3556.77,No
CUST-02291,38,Cairo,13,Month-to-month,DSL,365.7,388.89,2,2,0,Yes,No,4.0,4157.05,No
CUST-02292,35,Giza,9,Month-to-month,DSL,369.7,470.83,2,1,1,Yes,Yes,4.0,4063.2,No
CUST-02293,30,Cairo,36,Two year,Fiber,303.7,630.2,5,1,1,Yes,No,4.0,8057.7,No
CUST-02294,57,Cairo,15,Two year,Fiber,132.6,395.1,2,1,1,Yes,Yes,2.0,4705.59,No
CUST-02295,55,Alexandria,22,Month-to-month,4G/5G,237.4,437.06,4,3,1,No,No,4.0,4613.24,No
CUST-02296,60,Alexandria,4,One year,DSL,230.1,682.6,6,2,1,Yes,No,5.0,8155.9,Yes
CUST-02297,26,Alexandria,55,One year,DSL,153.0,550.52,6,0,0,No,No,5.0,6421.61,No
CUST-02298,44,Delta,24,One year,4G/5G,292.7,731.27,6,2,1,Yes,Yes,3.0,8730.26,No
CUST-02299,29,Giza,24,Month-to-month,Fiber,160.1,486.61,4,2,0,Yes,No,4.0,4971.13,No
CUST-02300,65,Cairo,31,One year,4G/5G,113.8,508.95,4,3,2,Yes,Yes,3.0,6292.84,Yes
CUST-02301,32,Cairo,1,One year,DSL,84.1,441.02,5,0,0,Yes,No,4.0,5008.97,No
CUST-02302,25,Cairo,58,Month-to-month,Fiber,384.1,596.01,2,3,0,Yes,Yes,3.0,6374.33,No
CUST-02303,48,Cairo,16,Month-to-month,Fiber,184.1,591.58,4,1,0,Yes,Yes,3.0,6246.47,No
CUST-02304,64,Cairo,56,Month-to-month,DSL,185.9,447.38,3,2,1,No,Yes,3.0,4638.52,No
CUST-02305,66,Cairo,16,Month-to-month,Fiber,137.2,527.29,5,4,3,Yes,No,5.0,6059.48,Yes
CUST-02306,23,Cairo,13,Month-to-month,DSL,353.1,624.05,4,0,2,Yes,No,3.0,6167.27,No
CUST-02307,35,Alexandria,29,Two year,DSL,105.8,482.28,3,2,3,Yes,Yes,5.0,7057.17,No
CUST-02308,26,Alexandria,72,Two year,Fiber,121.6,485.34,4,2,1,Yes,Yes,3.0,7691.85,No
CUST-02309,34,Upper Egypt,47,Month-to-month,DSL,201.0,360.28,2,3,2,No,No,3.0,2894.47,Yes
CUST-02310,46,Delta,32,Month-to-month,DSL,228.1,412.64,2,3,2,Yes,No,4.0,4660.53,No
CUST-02311,32,Alexandria,29,One year,Fiber,289.3,516.46,5,3,2,Yes,Yes,2.0,6162.97,No
CUST-02312,21,Cairo,23,Month-to-month,4G/5G,169.2,382.32,1,3,1,No,No,4.0,4023.02,No
CUST-02313,45,Alexandria,54,Month-to-month,Fiber,369.0,711.52,5,1,1,No,Yes,3.0,6772.42,No
CUST-02314,20,Cairo,37,One year,4G/5G,169.8,563.55,6,1,2,No,Yes,3.0,6180.81,No
CUST-02315,30,Giza,6,Month-to-month,Fiber,139.2,447.33,5,1,0,No,Yes,3.0,3983.09,No
CUST-02316,18,Giza,9,Month-to-month,Fiber,130.7,527.98,4,1,0,Yes,No,5.0,6387.34,No
CUST-02317,22,Giza,32,One year,DSL,160.3,438.58,5,0,0,Yes,Yes,3.0,5566.52,No
CUST-02318,41,Cairo,8,One year,Fiber,124.8,255.08,1,1,0,Yes,No,3.0,2545.72,No
CUST-02319,63,Delta,24,Month-to-month,Fiber,297.6,428.47,1,3,0,Yes,Yes,4.0,3976.8,No
CUST-02320,59,Delta,39,One year,Fiber,139.9,695.66,6,0,3,No,No,3.0,7070.73,No
CUST-02321,23,Delta,30,Two year,DSL,218.0,400.82,3,3,2,Yes,Yes,5.0,5888.16,No
CUST-02322,19,Alexandria,7,Month-to-month,DSL,137.3,447.37,3,1,3,Yes,No,3.0,4182.78,Yes
CUST-02323,35,Alexandria,10,One year,Fiber,124.3,378.76,1,1,2,No,Yes,2.0,4511.55,No
CUST-02324,52,Cairo,30,Month-to-month,Fiber,329.6,564.72,5,1,0,Yes,Yes,3.0,5676.86,No
CUST-02325,57,Delta,72,Month-to-month,Fiber,374.2,406.74,1,1,1,Yes,Yes,2.0,4653.58,No
CUST-02326,61,Alexandria,20,Month-to-month,4G/5G,344.2,500.16,2,2,0,No,No,4.0,4922.91,No
CUST-02327,36,Cairo,40,Month-to-month,Fiber,97.6,356.16,2,5,0,Yes,Yes,3.0,3906.57,No
CUST-02328,26,Giza,30,Month-to-month,DSL,110.1,581.88,6,1,5,Yes,Yes,3.0,5459.69,No
CUST-02329,19,Upper Egypt,13,One year,DSL,408.1,627.5,6,3,1,Yes,Yes,4.0,6841.09,No
CUST-02330,25,Alexandria,40,Month-to-month,DSL,207.1,338.37,1,2,0,Yes,Yes,4.0,3361.78,No
CUST-02331,21,Giza,4,Two year,4G/5G,106.3,318.98,1,3,1,Yes,Yes,5.0,4164.6,No
CUST-02332,63,Alexandria,38,Month-to-month,Fiber,327.4,680.76,6,2,1,Yes,Yes,5.0,7006.33,No
CUST-02333,32,Giza,31,Two year,DSL,236.1,512.82,4,2,0,Yes,Yes,4.0,7499.82,No
CUST-02334,61,Giza,14,Month-to-month,Fiber,281.3,503.08,5,0,1,Yes,Yes,4.0,5050.95,No
CUST-02335,47,Cairo,9,Month-to-month,DSL,28.6,336.15,4,2,2,Yes,Yes,2.0,3111.91,Yes
CUST-02336,46,Giza,15,One year,Fiber,200.6,400.74,2,3,1,No,Yes,4.0,4954.86,No
CUST-02337,42,Delta,12,One year,Fiber,315.4,699.35,5,2,0,Yes,No,4.0,8197.96,No
CUST-02338,61,Cairo,18,Month-to-month,Fiber,172.4,335.96,2,0,1,Yes,No,5.0,3524.37,No
CUST-02339,20,Delta,16,Month-to-month,Fiber,341.2,422.73,1,1,2,Yes,Yes,3.0,4758.9,No
CUST-02340,22,Cairo,14,One year,4G/5G,111.5,589.83,6,3,2,No,Yes,3.0,6662.86,No
CUST-02341,40,Delta,4,One year,4G/5G,219.9,462.16,3,4,1,Yes,Yes,3.0,5491.09,No
CUST-02342,38,Alexandria,7,Month-to-month,Fiber,228.7,433.23,1,0,1,No,Yes,5.0,4099.84,No
CUST-02343,46,Alexandria,45,One year,DSL,126.4,343.91,3,3,0,Yes,Yes,4.0,4991.67,No
CUST-02344,57,Alexandria,14,Month-to-month,Fiber,254.4,303.12,1,2,2,No,No,2.0,2457.05,No
CUST-02345,49,Upper Egypt,18,Month-to-month,Fiber,282.7,566.02,3,5,1,Yes,No,4.0,5575.62,Yes
CUST-02346,31,Giza,15,One year,Fiber,238.2,567.67,5,2,1,Yes,No,3.0,7060.43,No
CUST-02347,35,Delta,55,Two year,DSL,207.5,290.08,3,1,2,Yes,Yes,5.0,3705.56,No
CUST-02348,57,Delta,12,Month-to-month,Fiber,151.1,378.07,1,0,1,Yes,Yes,4.0,4209.28,Yes
CUST-02349,28,Cairo,11,Month-to-month,DSL,247.7,671.39,6,3,3,No,Yes,5.0,5517.15,Yes
CUST-02350,44,Cairo,31,Month-to-month,Fiber,220.8,486.07,4,3,2,Yes,Yes,5.0,4413.27,No
CUST-02351,46,Giza,25,One year,Fiber,100.7,408.12,1,2,0,No,Yes,4.0,5006.21,No
CUST-02352,57,Cairo,32,Month-to-month,DSL,329.0,538.65,4,2,2,Yes,No,5.0,6486.12,Yes
CUST-02353,55,Giza,31,Month-to-month,DSL,148.1,487.68,6,1,0,Yes,Yes,4.0,5105.11,No
CUST-02354,42,Giza,41,Month-to-month,4G/5G,103.1,255.46,1,5,2,No,No,3.0,2711.17,Yes
CUST-02355,34,Alexandria,6,Two year,Fiber,176.4,540.91,5,1,2,Yes,No,2.0,7257.07,No
CUST-02356,37,Cairo,29,Month-to-month,DSL,149.7,396.17,3,1,1,Yes,No,3.0,3504.25,Yes
CUST-02357,39,Delta,11,One year,4G/5G,206.8,543.6,5,3,0,Yes,No,4.0,5141.79,No
CUST-02358,29,Giza,3,Month-to-month,DSL,118.2,325.71,1,4,1,Yes,Yes,1.0,3823.92,No
CUST-02359,51,Delta,31,Month-to-month,4G/5G,270.3,679.44,6,1,0,No,No,3.0,7026.62,No
CUST-02360,29,Cairo,29,Month-to-month,4G/5G,354.3,579.64,6,1,0,Yes,No,3.0,5610.07,No
CUST-02361,52,Giza,21,Month-to-month,4G/5G,239.5,432.98,4,4,0,Yes,No,5.0,4583.48,No
CUST-02362,57,Cairo,41,Month-to-month,4G/5G,100.0,381.79,2,2,0,No,No,3.0,4492.02,Yes
CUST-02363,68,Alexandria,11,Month-to-month,DSL,147.8,247.82,1,3,1,Yes,No,3.0,2456.42,No
CUST-02364,24,Giza,34,Month-to-month,DSL,249.9,525.35,5,2,2,No,No,5.0,5352.47,No
CUST-02365,58,Upper Egypt,19,Month-to-month,4G/5G,53.0,525.19,5,0,0,No,Yes,3.0,6166.69,No
CUST-02366,22,Giza,20,Month-to-month,4G/5G,119.0,567.45,5,5,3,No,Yes,3.0,4791.78,Yes
CUST-02367,35,Alexandria,3,Month-to-month,Fiber,81.7,368.22,3,2,1,Yes,Yes,3.0,3834.28,Yes
CUST-02368,27,Cairo,42,Month-to-month,Fiber,240.4,484.16,5,3,0,No,No,4.0,4511.82,No
CUST-02369,26,Alexandria,29,Month-to-month,Fiber,424.6,670.12,5,4,1,Yes,Yes,3.0,7260.8,No
CUST-02370,27,Giza,33,One year,4G/5G,116.5,362.26,3,2,1,Yes,No,3.0,4523.17,No
CUST-02371,20,Giza,10,Two year,Fiber,303.5,633.96,5,2,2,No,Yes,5.0,7852.78,No
CUST-02372,61,Cairo,26,One year,Fiber,179.3,413.24,2,1,1,No,No,4.0,4336.11,No
CUST-02373,21,Cairo,19,Month-to-month,DSL,111.2,428.6,5,3,4,Yes,No,3.0,3789.13,Yes
CUST-02374,39,Cairo,30,Two year,Fiber,370.8,715.67,4,1,2,No,Yes,2.0,9125.1,No
CUST-02375,55,Upper Egypt,25,Two year,4G/5G,424.4,637.2,5,1,2,No,Yes,4.0,8718.57,No
CUST-02376,70,Giza,62,Month-to-month,DSL,267.1,509.93,5,4,0,Yes,No,3.0,4830.81,Yes
CUST-02377,63,Cairo,50,Month-to-month,Fiber,262.6,400.38,1,2,0,Yes,Yes,3.0,3866.45,No
CUST-02378,25,Upper Egypt,17,One year,Fiber,235.6,633.67,5,1,2,No,Yes,3.0,7049.16,No
CUST-02379,70,Cairo,31,Two year,4G/5G,216.7,522.54,5,0,1,Yes,No,4.0,6547.47,Yes
CUST-02380,52,Giza,16,One year,DSL,260.6,446.64,1,1,0,Yes,No,2.0,5046.6,No
CUST-02381,27,Delta,41,One year,Fiber,290.9,376.78,2,6,0,Yes,No,4.0,4349.76,No
CUST-02382,41,Upper Egypt,20,One year,Fiber,379.7,579.37,5,3,0,No,Yes,3.0,7062.98,No
CUST-02383,66,Delta,15,Two year,4G/5G,228.7,346.56,3,2,3,No,No,4.0,4202.74,Yes
CUST-02384,38,Giza,26,Month-to-month,4G/5G,241.5,346.97,1,2,2,Yes,No,4.0,3502.51,No
CUST-02385,27,Upper Egypt,48,Month-to-month,DSL,222.0,605.39,6,2,2,No,No,4.0,6163.36,Yes
CUST-02386,64,Cairo,43,Two year,Fiber,322.2,564.25,4,3,1,Yes,No,4.0,6856.08,No
CUST-02387,68,Upper Egypt,15,Month-to-month,4G/5G,446.0,560.33,3,3,0,Yes,No,5.0,5986.83,No
CUST-02388,69,Delta,59,Month-to-month,DSL,325.3,533.71,4,1,0,Yes,Yes,5.0,5784.81,No
CUST-02389,68,Upper Egypt,10,Month-to-month,Fiber,301.8,499.86,3,4,0,Yes,Yes,2.0,4983.39,Yes
CUST-02390,64,Cairo,13,Month-to-month,4G/5G,311.7,396.96,1,3,1,Yes,No,3.0,3860.52,Yes
CUST-02391,42,Cairo,40,Month-to-month,4G/5G,344.1,539.94,4,2,3,Yes,No,3.0,5072.54,No
CUST-02392,28,Alexandria,3,One year,DSL,447.3,642.48,6,2,0,Yes,No,4.0,7606.36,No
CUST-02393,50,Giza,22,Month-to-month,4G/5G,78.3,532.34,6,3,1,Yes,Yes,3.0,5275.79,No
CUST-02394,29,Alexandria,17,One year,Fiber,284.0,580.72,4,3,1,Yes,No,3.0,6244.48,No
CUST-02395,43,Upper Egypt,61,Month-to-month,DSL,10.0,290.78,1,3,1,Yes,No,3.0,3875.57,No
CUST-02396,52,Alexandria,9,Two year,Fiber,315.6,403.66,2,1,0,Yes,Yes,4.0,5089.58,No
CUST-02397,68,Cairo,10,One year,DSL,279.6,354.83,2,1,3,Yes,No,4.0,4102.49,No
CUST-02398,33,Giza,66,Two year,Fiber,180.8,372.65,1,2,1,No,No,2.0,5564.95,No
CUST-02399,31,Cairo,18,Month-to-month,Fiber,10.0,395.43,1,1,1,No,Yes,3.0,3777.4,No
CUST-02400,56,Cairo,46,Month-to-month,4G/5G,228.7,585.65,5,1,1,Yes,Yes,2.0,5878.33,No
CUST-02401,18,Cairo,15,One year,Fiber,250.1,455.32,3,1,3,Yes,Yes,1.0,4004.98,No
CUST-02402,48,Delta,13,Two year,4G/5G,224.3,564.43,6,1,2,Yes,Yes,4.0,6337.24,No
CUST-02403,57,Delta,48,Month-to-month,Fiber,174.1,415.33,1,2,1,Yes,No,4.0,4335.95,No
CUST-02404,47,Alexandria,72,One year,Fiber,149.3,334.48,1,3,1,Yes,No,4.0,4438.2,No
CUST-02405,38,Giza,50,One year,Fiber,225.3,532.93,5,2,1,Yes,No,5.0,7059.19,No
CUST-02406,61,Alexandria,15,Month-to-month,Fiber,157.8,465.73,2,1,1,Yes,No,2.0,4854.8,Yes
CUST-02407,37,Delta,21,One year,Fiber,302.8,482.03,2,0,1,Yes,No,1.0,4805.86,No
CUST-02408,55,Upper Egypt,10,Month-to-month,Fiber,228.7,479.03,4,0,1,Yes,Yes,2.0,5164.44,Yes
CUST-02409,42,Alexandria,11,Month-to-month,DSL,74.8,449.7,6,3,1,Yes,Yes,1.0,3708.42,Yes
CUST-02410,19,Delta,11,Two year,DSL,245.9,304.22,3,0,1,Yes,Yes,4.0,4379.95,No
CUST-02411,46,Giza,16,Month-to-month,Fiber,267.3,582.33,5,3,1,Yes,Yes,4.0,5547.38,No
CUST-02412,20,Giza,24,One year,Fiber,375.6,564.49,3,1,1,Yes,Yes,4.0,7929.52,No
CUST-02413,67,Upper Egypt,22,One year,Fiber,313.5,741.97,6,1,1,No,No,5.0,8513.8,No
CUST-02414,49,Giza,36,Two year,Fiber,149.1,485.04,3,1,1,Yes,Yes,4.0,6419.94,No
CUST-02415,37,Giza,25,Month-to-month,Fiber,358.3,359.4,1,5,2,No,Yes,3.0,3600.2,No
CUST-02416,43,Cairo,34,Month-to-month,DSL,105.3,409.39,4,4,0,Yes,Yes,3.0,4132.79,No
CUST-02417,50,Giza,37,Month-to-month,DSL,232.5,441.98,2,5,0,No,No,4.0,4193.2,No
CUST-02418,31,Alexandria,15,One year,4G/5G,297.9,395.02,2,2,3,No,Yes,2.0,5382.71,No
CUST-02419,33,Alexandria,19,Month-to-month,4G/5G,361.3,489.58,2,3,0,Yes,No,1.0,4482.63,Yes
CUST-02420,40,Giza,72,One year,DSL,400.0,517.49,3,1,3,Yes,Yes,4.0,5926.42,No
CUST-02421,31,Cairo,14,Month-to-month,Fiber,344.7,467.79,1,0,0,Yes,Yes,4.0,4719.24,No
CUST-02422,58,Upper Egypt,35,Month-to-month,Fiber,217.7,401.44,1,2,2,No,Yes,5.0,4219.47,No
CUST-02423,23,Giza,7,Two year,DSL,282.2,533.85,4,1,1,Yes,Yes,4.0,6609.2,No
CUST-02424,61,Upper Egypt,38,Two year,Fiber,250.2,308.59,1,1,1,Yes,Yes,4.0,4690.26,No
CUST-02425,36,Cairo,12,Month-to-month,Fiber,166.2,661.48,5,1,4,No,Yes,3.0,6160.18,No
CUST-02426,47,Alexandria,23,One year,4G/5G,219.6,514.08,6,8,0,Yes,No,3.0,6162.91,No
CUST-02427,26,Alexandria,6,Month-to-month,Fiber,391.8,516.03,2,2,0,Yes,Yes,3.0,5351.23,No
CUST-02428,38,Delta,21,One year,Fiber,288.2,401.83,1,5,1,No,Yes,5.0,4555.82,No
CUST-02429,57,Cairo,21,Month-to-month,4G/5G,415.3,433.42,2,1,0,No,Yes,4.0,4218.55,No
CUST-02430,32,Upper Egypt,19,Month-to-month,Fiber,132.6,291.74,1,0,1,Yes,No,4.0,3035.81,No
CUST-02431,25,Alexandria,30,Month-to-month,Fiber,195.7,454.59,2,1,2,Yes,Yes,4.0,4943.4,No
CUST-02432,45,Alexandria,45,Month-to-month,Fiber,267.4,715.68,6,3,5,Yes,No,3.0,6553.98,Yes
CUST-02433,26,Giza,10,One year,Fiber,296.8,622.12,5,4,1,Yes,No,5.0,7224.81,Yes
CUST-02434,34,Cairo,19,Month-to-month,4G/5G,219.5,597.5,6,3,0,No,Yes,5.0,5138.79,No
CUST-02435,41,Giza,6,Month-to-month,DSL,302.0,625.26,5,2,1,Yes,Yes,4.0,5790.31,No
CUST-02436,47,Cairo,4,Month-to-month,DSL,301.4,586.33,6,2,2,Yes,No,4.0,4885.26,No
CUST-02437,51,Giza,25,Month-to-month,Fiber,105.1,497.61,4,3,3,No,No,4.0,4172.0,Yes
CUST-02438,53,Alexandria,9,One year,Fiber,297.8,396.97,1,1,1,Yes,No,3.0,4827.41,No
CUST-02439,62,Giza,22,Month-to-month,DSL,326.6,700.0,5,3,1,No,Yes,3.0,8295.48,No
CUST-02440,21,Cairo,25,One year,Fiber,256.7,511.33,4,1,0,Yes,Yes,3.0,6220.2,No
CUST-02441,37,Cairo,4,Two year,Fiber,64.4,640.2,6,1,0,Yes,Yes,3.0,8399.46,No
CUST-02442,18,Cairo,28,Month-to-month,DSL,205.1,424.47,5,4,3,No,Yes,5.0,3870.79,No
CUST-02443,18,Cairo,44,One year,4G/5G,269.4,469.69,4,2,0,Yes,No,4.0,5366.34,No
CUST-02444,29,Alexandria,33,Month-to-month,4G/5G,152.1,515.79,5,7,3,Yes,Yes,4.0,5938.02,Yes
CUST-02445,49,Cairo,10,Month-to-month,4G/5G,312.6,531.6,4,4,1,Yes,Yes,5.0,4963.39,No
CUST-02446,65,Upper Egypt,21,Month-to-month,DSL,295.7,317.26,1,4,5,No,Yes,3.0,1914.6,No
CUST-02447,58,Cairo,23,Month-to-month,4G/5G,242.1,506.53,4,2,1,Yes,No,2.0,5026.64,Yes
CUST-02448,52,Cairo,19,Month-to-month,4G/5G,231.6,415.1,3,3,0,No,Yes,3.0,4026.94,No
CUST-02449,59,Upper Egypt,7,Month-to-month,Fiber,247.4,459.81,1,3,1,No,Yes,3.0,4746.99,No
CUST-02450,27,Cairo,11,Two year,Fiber,229.6,382.24,2,2,2,Yes,Yes,4.0,5650.76,No
CUST-02451,62,Giza,18,Month-to-month,Fiber,114.3,654.38,6,2,1,Yes,Yes,4.0,6601.06,No
CUST-02452,65,Upper Egypt,25,Two year,4G/5G,191.3,529.96,4,3,0,Yes,Yes,5.0,7241.01,No
CUST-02453,23,Upper Egypt,14,Month-to-month,4G/5G,236.5,292.75,1,3,1,No,No,1.0,3086.94,No
CUST-02454,42,Delta,3,One year,4G/5G,357.7,480.73,3,0,2,Yes,No,3.0,6694.77,No
CUST-02455,61,Cairo,14,Month-to-month,Fiber,292.3,625.93,5,4,0,No,No,3.0,7194.04,No
CUST-02456,43,Alexandria,62,Month-to-month,4G/5G,362.5,649.9,4,0,0,No,Yes,4.0,6570.89,No
CUST-02457,62,Upper Egypt,28,Month-to-month,Fiber,103.6,534.05,5,3,1,Yes,Yes,5.0,5866.08,No
CUST-02458,67,Upper Egypt,25,Two year,Fiber,197.9,734.52,4,3,1,Yes,No,2.0,10155.53,No
CUST-02459,43,Cairo,11,Two year,DSL,416.6,420.56,1,2,1,Yes,Yes,3.0,5755.62,No
CUST-02460,21,Giza,15,Month-to-month,4G/5G,163.1,610.88,6,2,1,No,No,3.0,5903.02,No
CUST-02461,36,Cairo,3,One year,4G/5G,161.3,529.94,4,2,1,Yes,Yes,3.0,5908.69,No
CUST-02462,29,Cairo,10,One year,Fiber,205.5,553.58,6,0,3,Yes,Yes,3.0,6278.81,No
CUST-02463,43,Delta,27,One year,Fiber,411.6,570.87,2,2,1,Yes,Yes,4.0,6281.52,No
CUST-02464,49,Cairo,25,Month-to-month,Fiber,169.6,506.68,5,2,0,No,No,5.0,5670.42,No
CUST-02465,42,Giza,13,One year,Fiber,280.2,449.3,1,4,2,Yes,No,4.0,5878.99,Yes
CUST-02466,28,Cairo,19,One year,4G/5G,265.3,323.22,1,0,1,Yes,Yes,3.0,3702.28,No
CUST-02467,33,Giza,22,Month-to-month,Fiber,56.4,547.49,6,0,0,Yes,Yes,3.0,5271.73,No
CUST-02468,54,Cairo,13,Month-to-month,Fiber,228.6,754.35,6,2,0,Yes,No,2.0,6810.47,No
CUST-02469,19,Giza,29,Month-to-month,Fiber,180.2,633.01,6,6,1,Yes,No,5.0,6580.09,No
CUST-02470,29,Cairo,24,Two year,DSL,291.0,301.38,2,2,0,Yes,Yes,5.0,4276.31,No
CUST-02471,65,Upper Egypt,15,Month-to-month,4G/5G,386.5,730.49,6,2,0,Yes,No,2.0,6422.86,Yes
CUST-02472,23,Cairo,7,Month-to-month,Fiber,199.0,303.48,1,2,2,No,No,4.0,4307.29,No
CUST-02473,39,Alexandria,15,Month-to-month,Fiber,199.0,555.46,3,1,1,Yes,Yes,3.0,4613.83,Yes
CUST-02474,28,Cairo,14,Two year,4G/5G,228.7,537.62,3,2,0,Yes,Yes,4.0,6451.57,No
CUST-02475,23,Cairo,13,One year,Fiber,166.0,433.0,5,3,0,No,Yes,3.0,5612.08,No
CUST-02476,40,Cairo,5,Month-to-month,Fiber,109.1,601.64,5,2,1,Yes,No,2.0,6012.07,Yes
CUST-02477,45,Cairo,52,Month-to-month,Fiber,354.0,568.18,3,1,2,No,Yes,5.0,5456.71,No
CUST-02478,27,Cairo,50,One year,4G/5G,225.4,223.88,1,2,4,Yes,No,3.0,2264.98,No
CUST-02479,22,Giza,19,Month-to-month,DSL,255.5,423.6,3,1,1,No,No,3.0,4405.96,Yes
CUST-02480,25,Alexandria,25,Month-to-month,Fiber,430.8,530.15,2,2,0,No,No,4.0,5577.4,No
CUST-02481,52,Cairo,29,Two year,Fiber,103.7,567.65,5,4,2,No,Yes,3.0,6952.48,No
CUST-02482,63,Giza,19,Month-to-month,Fiber,212.4,365.55,1,0,1,Yes,Yes,3.0,4103.83,No
CUST-02483,27,Alexandria,26,Month-to-month,Fiber,118.7,491.09,3,3,1,Yes,No,2.0,5043.97,Yes
CUST-02484,34,Cairo,32,Month-to-month,Fiber,228.7,590.16,4,2,0,No,Yes,1.0,6365.27,No
CUST-02485,36,Giza,24,One year,Fiber,180.2,530.2,4,3,0,Yes,No,2.0,6238.24,No
CUST-02486,37,Cairo,36,One year,Fiber,124.4,549.29,5,5,2,Yes,Yes,3.0,6780.53,No
CUST-02487,30,Cairo,12,Month-to-month,Fiber,295.9,470.59,2,5,1,Yes,No,2.0,4422.0,Yes
CUST-02488,20,Giza,21,One year,Fiber,230.9,439.55,4,1,0,No,Yes,3.0,5546.61,No
CUST-02489,45,Upper Egypt,72,Two year,Fiber,117.4,283.36,1,2,2,No,Yes,3.0,4097.31,No
CUST-02490,36,Upper Egypt,42,One year,4G/5G,122.9,349.88,3,1,1,No,Yes,3.0,4678.3,No
CUST-02491,36,Upper Egypt,24,Month-to-month,Fiber,248.7,659.01,6,2,0,Yes,No,4.0,6842.07,Yes
CUST-02492,32,Giza,10,Month-to-month,4G/5G,79.6,513.08,6,1,1,No,Yes,5.0,4302.49,No
CUST-02493,67,Cairo,22,Two year,4G/5G,250.5,506.45,4,4,1,No,Yes,4.0,6368.51,No
CUST-02494,50,Giza,40,Month-to-month,4G/5G,350.6,571.37,3,0,0,Yes,No,2.0,5745.43,No
CUST-02495,40,Cairo,34,Month-to-month,Fiber,290.0,668.82,6,2,1,Yes,No,4.0,6860.07,No
CUST-02496,28,Cairo,3,Month-to-month,Fiber,173.9,478.68,3,4,1,Yes,No,5.0,5166.65,Yes
CUST-02497,60,Cairo,5,Two year,DSL,254.7,524.2,5,2,1,Yes,Yes,4.0,6873.97,No
CUST-02498,65,Giza,5,Month-to-month,Fiber,117.4,576.45,4,4,0,Yes,Yes,2.0,5263.5,Yes
CUST-02499,19,Giza,29,Month-to-month,Fiber,242.3,478.24,1,0,1,Yes,Yes,2.0,5094.47,Yes
CUST-02500,67,Cairo,5,One year,Fiber,200.6,565.4,5,1,3,Yes,No,3.0,5978.61,No
CUST-02501,55,Delta,9,Month-to-month,DSL,136.5,586.88,6,2,1,Yes,No,4.0,6326.69,Yes
CUST-02502,23,Giza,19,Month-to-month,4G/5G,286.1,698.74,5,2,0,Yes,No,5.0,7633.73,No
CUST-02503,57,Delta,44,Month-to-month,Fiber,52.0,415.94,4,3,1,No,Yes,4.0,4328.61,No
CUST-02504,23,Cairo,30,Month-to-month,4G/5G,123.3,355.76,1,2,1,Yes,No,4.0,3408.33,No
CUST-02505,20,Alexandria,17,Two year,4G/5G,134.1,210.22,1,0,0,Yes,Yes,4.0,2715.29,No
CUST-02506,24,Cairo,37,Month-to-month,Fiber,184.6,641.76,6,5,0,No,Yes,4.0,6019.62,Yes
CUST-02507,42,Giza,72,Two year,Fiber,346.9,529.13,3,3,1,Yes,Yes,4.0,6768.4,No
CUST-02508,50,Cairo,22,Month-to-month,Fiber,297.9,424.31,3,2,2,Yes,No,5.0,4200.34,Yes
CUST-02509,39,Cairo,7,Month-to-month,4G/5G,239.5,570.91,4,2,1,No,Yes,3.0,5266.97,No
CUST-02510,24,Alexandria,9,Month-to-month,DSL,235.2,592.51,6,2,1,Yes,Yes,4.0,5086.43,No
CUST-02511,28,Cairo,9,Month-to-month,DSL,228.9,366.0,3,3,1,No,No,3.0,3393.14,Yes
CUST-02512,63,Cairo,11,Month-to-month,DSL,228.7,537.39,4,2,1,No,No,4.0,5346.76,No
CUST-02513,69,Upper Egypt,16,Month-to-month,Fiber,66.6,535.01,4,1,0,Yes,Yes,3.0,5175.13,No
CUST-02514,57,Cairo,26,Two year,4G/5G,299.4,381.5,3,2,0,No,Yes,2.0,4648.46,No
CUST-02515,23,Alexandria,6,Month-to-month,4G/5G,184.3,316.86,4,0,1,Yes,No,4.0,2139.8,No
CUST-02516,61,Alexandria,7,Two year,DSL,275.3,377.29,2,2,2,No,Yes,5.0,5459.06,No
CUST-02517,54,Cairo,32,Month-to-month,Fiber,275.7,467.51,3,1,0,Yes,Yes,3.0,4758.07,Yes
CUST-02518,45,Giza,14,Month-to-month,Fiber,296.0,591.09,3,2,2,No,No,4.0,5866.95,No
CUST-02519,25,Cairo,10,One year,Fiber,372.5,581.19,4,1,0,Yes,No,4.0,7007.17,No
CUST-02520,70,Delta,18,Month-to-month,Fiber,106.6,462.53,3,2,1,Yes,Yes,3.0,4783.09,No
CUST-02521,41,Cairo,49,Month-to-month,DSL,320.5,441.5,3,0,1,No,No,4.0,4705.73,No
CUST-02522,20,Cairo,35,Month-to-month,4G/5G,224.3,530.19,6,2,3,No,No,3.0,5121.94,No
CUST-02523,29,Cairo,33,Month-to-month,4G/5G,188.5,548.32,5,1,2,Yes,Yes,3.0,5680.73,No
CUST-02524,39,Upper Egypt,61,One year,Fiber,413.0,654.01,6,1,1,Yes,No,4.0,8342.33,No
CUST-02525,21,Delta,26,Month-to-month,Fiber,293.2,495.77,4,2,2,No,No,4.0,5512.92,Yes
CUST-02526,35,Upper Egypt,64,Two year,Fiber,192.5,417.76,3,3,1,Yes,Yes,4.0,5379.34,No
CUST-02527,42,Alexandria,68,Month-to-month,4G/5G,316.2,419.95,3,2,2,Yes,Yes,3.0,4422.95,No
CUST-02528,68,Alexandria,6,Month-to-month,4G/5G,225.9,604.25,6,0,1,Yes,Yes,2.0,5023.35,No
CUST-02529,22,Giza,4,Month-to-month,DSL,191.0,436.04,4,2,0,No,No,5.0,4284.66,Yes
CUST-02530,48,Upper Egypt,9,Month-to-month,DSL,228.7,577.3,6,3,1,No,No,3.0,5499.88,No
CUST-02531,66,Giza,46,Two year,DSL,257.4,506.24,6,2,0,Yes,No,3.0,7121.23,No
CUST-02532,60,Giza,18,Two year,Fiber,174.8,622.56,6,3,0,No,Yes,3.0,8046.57,No
CUST-02533,67,Alexandria,16,Month-to-month,Fiber,244.0,526.24,4,7,1,Yes,Yes,2.0,5368.39,Yes
CUST-02534,27,Alexandria,37,Month-to-month,Fiber,309.8,533.81,3,2,1,Yes,No,3.0,5166.2,No
CUST-02535,60,Cairo,13,Two year,Fiber,239.9,674.89,6,0,1,No,Yes,4.0,8447.71,No
CUST-02536,69,Giza,24,Month-to-month,DSL,407.9,438.59,2,1,4,Yes,No,3.0,3704.25,No
CUST-02537,35,Cairo,32,Month-to-month,Fiber,231.2,383.39,2,2,0,Yes,Yes,5.0,4459.33,No
CUST-02538,44,Delta,10,Month-to-month,DSL,351.4,629.9,6,3,1,Yes,Yes,5.0,6075.54,No
CUST-02539,46,Giza,8,Month-to-month,DSL,317.9,532.56,5,2,1,Yes,No,4.0,4152.87,No
CUST-02540,44,Delta,22,Month-to-month,DSL,367.3,596.85,4,3,1,Yes,No,1.0,5962.57,No
CUST-02541,33,Giza,24,Month-to-month,4G/5G,407.5,580.91,4,2,2,No,Yes,5.0,5339.18,No
CUST-02542,69,Delta,35,Two year,Fiber,71.5,436.53,3,4,0,Yes,Yes,3.0,5949.81,No
CUST-02543,68,Cairo,9,Month-to-month,DSL,253.9,521.02,6,2,0,Yes,No,5.0,4813.64,No
CUST-02544,38,Upper Egypt,12,Two year,Fiber,219.9,456.1,3,1,1,Yes,Yes,3.0,5898.78,No
CUST-02545,60,Giza,67,One year,DSL,228.7,435.44,3,2,4,No,No,3.0,3795.13,No
CUST-02546,39,Cairo,41,Month-to-month,DSL,194.2,289.48,1,2,2,Yes,No,4.0,3019.36,No
CUST-02547,60,Cairo,19,Month-to-month,Fiber,181.1,358.89,1,1,2,No,Yes,3.0,3100.39,No
CUST-02548,48,Cairo,45,Month-to-month,Fiber,131.0,303.34,2,3,1,Yes,No,2.0,2553.79,No
CUST-02549,42,Giza,9,Two year,DSL,238.8,320.96,2,2,0,Yes,Yes,1.0,4474.42,Yes
CUST-02550,24,Delta,17,Month-to-month,DSL,314.1,379.22,2,3,0,Yes,No,5.0,3981.12,Yes
CUST-02551,52,Upper Egypt,24,Two year,DSL,185.6,576.61,5,3,1,Yes,Yes,2.0,7266.22,No
CUST-02552,35,Alexandria,16,One year,Fiber,228.7,432.16,4,0,0,Yes,Yes,2.0,4788.78,No
CUST-02553,29,Alexandria,16,One year,DSL,167.2,226.1,1,4,1,No,Yes,4.0,3252.98,No
CUST-02554,28,Giza,34,Month-to-month,DSL,140.5,333.99,4,2,1,Yes,Yes,2.0,3160.53,No
CUST-02555,70,Delta,41,One year,Fiber,208.7,392.22,1,3,0,Yes,No,2.0,5458.74,No
CUST-02556,23,Delta,15,One year,DSL,260.9,549.38,4,2,0,Yes,Yes,1.0,6905.27,No
CUST-02557,60,Cairo,6,One year,DSL,343.2,370.23,1,1,0,Yes,Yes,4.0,5167.58,No
CUST-02558,63,Upper Egypt,5,Month-to-month,4G/5G,122.7,333.38,1,3,2,No,No,2.0,3541.02,Yes
CUST-02559,19,Giza,2,One year,Fiber,228.7,544.6,5,2,0,Yes,Yes,4.0,6200.26,No
CUST-02560,49,Delta,60,Month-to-month,Fiber,336.0,443.01,1,2,0,No,Yes,3.0,4710.19,No
CUST-02561,48,Upper Egypt,34,One year,4G/5G,123.9,534.6,6,5,1,No,Yes,4.0,6328.89,No
CUST-02562,37,Delta,29,Month-to-month,4G/5G,344.0,499.02,3,3,2,No,No,3.0,5232.98,Yes
CUST-02563,53,Cairo,13,Month-to-month,Fiber,190.5,615.02,5,2,2,Yes,Yes,3.0,5856.83,No
CUST-02564,39,Alexandria,13,One year,4G/5G,294.0,405.67,2,3,1,No,Yes,3.0,4671.52,No
CUST-02565,41,Cairo,42,Month-to-month,Fiber,210.4,530.05,3,3,0,No,No,3.0,6157.39,No
CUST-02566,40,Delta,4,One year,4G/5G,271.3,624.09,6,0,1,Yes,Yes,2.0,6972.41,No
CUST-02567,60,Cairo,15,One year,Fiber,374.8,452.48,1,0,0,Yes,No,5.0,5297.96,No
CUST-02568,51,Delta,46,One year,Fiber,219.1,592.25,3,2,2,No,Yes,3.0,6769.72,No
CUST-02569,38,Upper Egypt,15,One year,4G/5G,319.7,403.84,1,2,1,Yes,Yes,1.0,5092.39,No
CUST-02570,67,Cairo,33,Month-to-month,Fiber,254.7,460.58,3,0,1,Yes,Yes,4.0,4780.5,No
CUST-02571,60,Giza,20,Month-to-month,4G/5G,159.3,564.09,6,2,2,No,Yes,3.0,5626.21,Yes
CUST-02572,67,Alexandria,1,One year,DSL,216.9,515.44,4,2,0,No,Yes,3.0,6165.38,Yes
CUST-02573,56,Giza,19,Month-to-month,Fiber,211.3,542.63,3,1,1,Yes,Yes,3.0,4327.23,No
CUST-02574,38,Cairo,22,Month-to-month,4G/5G,102.9,457.11,4,1,3,Yes,Yes,5.0,4007.59,No
CUST-02575,58,Cairo,18,Month-to-month,DSL,271.3,294.11,2,0,2,Yes,No,3.0,2757.42,No
CUST-02576,35,Giza,7,Month-to-month,4G/5G,289.2,312.64,1,0,1,Yes,No,4.0,3322.93,No
CUST-02577,32,Alexandria,18,Two year,4G/5G,303.1,545.12,4,1,0,Yes,Yes,4.0,6770.22,No
CUST-02578,41,Alexandria,3,Month-to-month,Fiber,358.7,683.22,5,2,1,No,Yes,2.0,6013.12,No
CUST-02579,69,Cairo,15,Month-to-month,Fiber,315.9,525.29,2,1,1,No,No,4.0,5071.15,No
CUST-02580,48,Giza,35,Two year,Fiber,175.7,250.01,1,0,1,No,Yes,3.0,4031.9,No
CUST-02581,38,Giza,58,Two year,DSL,194.9,506.99,4,2,2,No,No,2.0,5608.4,No
CUST-02582,42,Cairo,52,Month-to-month,Fiber,305.5,599.57,3,6,1,No,No,2.0,4738.79,Yes
CUST-02583,33,Delta,8,Two year,Fiber,228.7,539.08,6,3,3,Yes,Yes,4.0,7568.65,No
CUST-02584,52,Cairo,5,Month-to-month,4G/5G,228.4,451.5,3,1,1,Yes,Yes,5.0,3862.35,No
CUST-02585,36,Alexandria,24,One year,Fiber,151.3,504.16,3,0,0,Yes,No,3.0,5864.56,No
CUST-02586,47,Upper Egypt,21,Month-to-month,DSL,182.2,376.62,4,2,0,Yes,Yes,4.0,3274.83,No
CUST-02587,37,Alexandria,31,Month-to-month,Fiber,282.5,649.86,6,2,1,No,No,4.0,6321.58,No
CUST-02588,34,Alexandria,12,Month-to-month,Fiber,54.4,566.49,5,3,0,Yes,No,3.0,5541.11,Yes
CUST-02589,69,Cairo,21,One year,Fiber,19.4,438.62,4,2,1,Yes,Yes,5.0,6077.47,No
CUST-02590,36,Cairo,21,Month-to-month,Fiber,292.4,606.11,5,1,4,Yes,No,5.0,6102.53,Yes
CUST-02591,21,Cairo,15,Month-to-month,DSL,182.0,521.3,5,4,1,Yes,Yes,3.0,4516.96,No
CUST-02592,38,Delta,4,One year,Fiber,272.2,499.09,4,3,2,No,No,5.0,4991.09,No
CUST-02593,46,Delta,34,Month-to-month,4G/5G,371.9,392.64,2,2,0,Yes,Yes,3.0,4309.99,No
CUST-02594,23,Cairo,24,Two year,Fiber,138.8,333.52,1,3,1,Yes,Yes,2.0,4108.44,No
CUST-02595,34,Cairo,36,Month-to-month,Fiber,79.7,542.49,4,3,1,No,No,4.0,5072.33,No
CUST-02596,26,Giza,42,Month-to-month,4G/5G,205.1,574.87,5,4,0,Yes,No,4.0,6443.9,Yes
CUST-02597,44,Alexandria,19,Month-to-month,4G/5G,168.4,503.85,3,1,1,Yes,No,3.0,4160.62,No
CUST-02598,56,Alexandria,35,Month-to-month,Fiber,227.7,514.61,3,0,1,No,No,4.0,5046.96,No
CUST-02599,69,Delta,59,Month-to-month,4G/5G,278.4,572.39,3,3,0,Yes,No,4.0,6256.4,Yes
CUST-02600,38,Upper Egypt,71,Month-to-month,Fiber,259.4,562.19,4,1,2,Yes,Yes,5.0,5285.97,No
CUST-02601,63,Cairo,26,One year,DSL,234.2,542.88,5,2,2,Yes,No,4.0,6957.83,No
CUST-02602,29,Alexandria,27,Month-to-month,Fiber,325.2,550.77,3,6,1,Yes,Yes,5.0,5134.92,Yes
CUST-02603,59,Alexandria,26,Month-to-month,4G/5G,290.4,495.8,4,2,4,Yes,Yes,3.0,4578.96,Yes
CUST-02604,47,Cairo,31,One year,4G/5G,213.7,403.51,3,2,3,No,Yes,3.0,4334.63,No
CUST-02605,58,Upper Egypt,41,Month-to-month,4G/5G,287.2,369.62,2,2,0,Yes,No,3.0,2671.6,No
CUST-02606,58,Cairo,25,One year,4G/5G,90.9,478.97,5,2,0,No,Yes,3.0,5578.57,No
CUST-02607,46,Delta,69,Two year,Fiber,325.7,697.67,4,3,0,Yes,Yes,2.0,9568.46,No
CUST-02608,31,Delta,62,Month-to-month,DSL,232.0,573.34,4,3,2,No,Yes,4.0,5330.92,No
CUST-02609,45,Upper Egypt,22,One year,Fiber,121.9,378.3,2,3,0,No,Yes,4.0,4414.54,No
CUST-02610,61,Giza,22,Two year,Fiber,192.5,620.02,6,1,1,Yes,No,4.0,7835.46,No
CUST-02611,69,Giza,14,Month-to-month,Fiber,323.4,519.81,5,2,1,Yes,Yes,5.0,5476.62,No
CUST-02612,67,Delta,32,Two year,4G/5G,160.9,481.46,5,3,0,No,No,4.0,6166.76,No
CUST-02613,27,Delta,16,Month-to-month,DSL,267.0,496.93,5,0,0,Yes,No,3.0,4981.68,Yes
CUST-02614,49,Giza,14,One year,Fiber,309.1,498.27,3,1,4,No,No,2.0,5466.81,No
CUST-02615,23,Delta,31,Month-to-month,4G/5G,232.2,476.9,4,2,1,Yes,Yes,4.0,4603.27,No
CUST-02616,53,Cairo,8,Month-to-month,4G/5G,152.2,379.64,2,1,0,No,No,4.0,4673.79,No
CUST-02617,70,Alexandria,41,Two year,Fiber,224.2,642.84,5,3,0,Yes,Yes,5.0,8166.22,No
CUST-02618,20,Upper Egypt,32,Month-to-month,DSL,103.2,219.17,1,2,2,Yes,Yes,2.0,2487.77,No
CUST-02619,52,Cairo,60,Two year,DSL,186.0,534.72,4,0,1,Yes,Yes,4.0,7767.4,No
CUST-02620,68,Giza,26,One year,DSL,130.3,343.54,2,3,2,Yes,Yes,5.0,4142.95,No
CUST-02621,62,Upper Egypt,36,Two year,Fiber,225.8,594.65,4,3,0,Yes,Yes,2.0,7788.63,No
CUST-02622,38,Delta,39,Two year,DSL,115.8,294.81,2,2,2,Yes,Yes,2.0,4072.95,No
CUST-02623,23,Upper Egypt,49,One year,Fiber,237.5,690.31,6,1,1,No,No,2.0,7924.61,No
CUST-02624,66,Giza,24,Two year,DSL,332.0,371.09,1,2,0,Yes,No,4.0,4217.93,Yes
CUST-02625,66,Upper Egypt,14,One year,Fiber,337.6,724.01,5,1,2,Yes,Yes,3.0,8164.6,No
CUST-02626,48,Cairo,27,Month-to-month,Fiber,117.9,595.7,5,3,0,No,Yes,4.0,6771.4,No
CUST-02627,69,Giza,41,One year,Fiber,170.1,681.57,6,1,0,No,No,3.0,8389.13,No
CUST-02628,18,Giza,45,Month-to-month,DSL,306.7,362.47,2,2,1,No,Yes,5.0,3952.42,Yes
CUST-02629,50,Delta,4,Month-to-month,Fiber,293.4,692.25,5,4,1,Yes,Yes,4.0,7059.81,Yes
CUST-02630,20,Upper Egypt,72,Month-to-month,Fiber,174.6,291.17,1,2,1,No,No,3.0,3160.39,No
CUST-02631,67,Delta,14,Month-to-month,Fiber,186.2,554.25,5,1,1,Yes,Yes,3.0,5411.0,Yes
CUST-02632,54,Alexandria,36,Month-to-month,4G/5G,237.4,470.69,3,1,0,Yes,Yes,4.0,4711.56,No
CUST-02633,66,Giza,53,Month-to-month,Fiber,65.0,476.3,5,4,0,No,Yes,2.0,5098.07,Yes
CUST-02634,47,Giza,20,One year,Fiber,277.3,569.59,5,3,2,Yes,Yes,5.0,6483.73,No
CUST-02635,22,Giza,46,One year,Fiber,327.5,478.69,3,1,1,Yes,Yes,3.0,5627.79,No
CUST-02636,19,Cairo,4,Two year,DSL,195.0,424.92,3,5,0,Yes,No,4.0,6038.53,No
CUST-02637,35,Giza,48,Two year,Fiber,102.3,545.12,5,3,0,Yes,Yes,3.0,7195.66,No
CUST-02638,57,Delta,44,Two year,Fiber,357.1,758.72,6,1,0,Yes,Yes,3.0,10183.15,No
CUST-02639,26,Delta,29,One year,4G/5G,249.7,563.34,3,2,0,No,No,3.0,7031.01,No
CUST-02640,63,Delta,42,Month-to-month,4G/5G,293.8,656.52,6,2,4,No,No,5.0,6320.51,No
CUST-02641,30,Giza,64,Two year,DSL,111.1,344.09,3,2,2,No,No,3.0,4496.91,No
CUST-02642,44,Alexandria,54,Month-to-month,Fiber,111.4,632.6,6,0,2,Yes,Yes,5.0,5797.25,No
CUST-02643,28,Cairo,21,Month-to-month,4G/5G,267.3,472.3,4,3,3,Yes,Yes,4.0,4052.34,Yes
CUST-02644,42,Giza,26,Month-to-month,4G/5G,322.5,594.04,5,4,1,No,No,3.0,6104.32,No
CUST-02645,41,Giza,19,One year,DSL,128.4,624.2,5,5,1,Yes,No,2.0,7461.8,No
CUST-02646,18,Cairo,17,One year,4G/5G,220.8,547.75,5,4,0,Yes,No,5.0,6218.16,No
CUST-02647,48,Cairo,39,Month-to-month,4G/5G,87.1,579.76,6,3,1,Yes,No,3.0,5939.96,No
CUST-02648,59,Delta,19,One year,4G/5G,166.9,419.52,3,1,2,Yes,No,4.0,5044.57,No
CUST-02649,67,Giza,39,Month-to-month,Fiber,206.9,571.08,5,2,2,Yes,Yes,5.0,6161.31,No
CUST-02650,35,Giza,20,Month-to-month,4G/5G,274.0,605.57,5,1,1,Yes,No,4.0,6962.58,Yes
CUST-02651,64,Cairo,23,Month-to-month,DSL,40.5,330.48,4,0,0,Yes,Yes,4.0,3786.99,No
CUST-02652,64,Alexandria,11,Month-to-month,DSL,348.8,398.42,2,4,1,Yes,Yes,5.0,3773.33,No
CUST-02653,70,Giza,38,One year,Fiber,214.7,411.91,3,4,1,Yes,Yes,4.0,5390.84,No
CUST-02654,37,Giza,4,Month-to-month,Fiber,346.5,566.61,2,1,2,Yes,Yes,2.0,4814.64,Yes
CUST-02655,63,Alexandria,49,Month-to-month,4G/5G,292.9,420.59,1,3,1,Yes,Yes,5.0,5481.37,No
CUST-02656,47,Cairo,72,Month-to-month,DSL,306.7,569.3,6,2,0,No,Yes,3.0,5376.77,No
CUST-02657,21,Upper Egypt,23,One year,Fiber,411.8,569.42,5,2,3,Yes,Yes,5.0,6835.43,No
CUST-02658,32,Cairo,23,Two year,DSL,159.7,472.64,4,1,0,No,No,4.0,6334.38,No
CUST-02659,53,Giza,5,One year,Fiber,242.2,494.63,3,3,1,Yes,Yes,4.0,5718.24,No
CUST-02660,26,Cairo,15,One year,DSL,140.8,396.93,1,2,1,Yes,Yes,3.0,4477.84,No
CUST-02661,41,Alexandria,42,Two year,DSL,220.8,491.0,3,1,1,No,No,2.0,7010.49,No
CUST-02662,59,Cairo,46,Month-to-month,DSL,294.8,421.96,2,3,0,Yes,Yes,4.0,4754.45,No
CUST-02663,25,Upper Egypt,26,Month-to-month,Fiber,331.5,556.9,4,2,1,Yes,Yes,5.0,5574.04,Yes
CUST-02664,44,Giza,40,Month-to-month,Fiber,195.6,464.94,3,1,1,Yes,No,3.0,5471.32,No
CUST-02665,29,Alexandria,11,Month-to-month,Fiber,121.6,632.81,6,4,1,Yes,No,3.0,6064.72,No
CUST-02666,46,Cairo,30,Month-to-month,DSL,236.6,604.43,6,4,2,No,No,1.0,6018.2,Yes
CUST-02667,30,Cairo,57,Month-to-month,4G/5G,153.3,439.33,4,3,2,No,No,3.0,3833.99,No
CUST-02668,69,Giza,34,Month-to-month,4G/5G,178.0,522.61,6,0,1,Yes,Yes,2.0,4542.52,No
CUST-02669,22,Alexandria,63,Month-to-month,DSL,290.5,491.43,2,2,0,Yes,Yes,4.0,5554.13,No
CUST-02670,69,Giza,64,Month-to-month,Fiber,273.7,400.87,1,1,1,Yes,Yes,4.0,4430.78,No
CUST-02671,59,Upper Egypt,31,Month-to-month,Fiber,305.1,599.26,4,2,1,Yes,Yes,4.0,6950.11,No
CUST-02672,63,Delta,1,Two year,4G/5G,199.7,283.71,1,5,2,Yes,No,5.0,3428.28,No
CUST-02673,63,Upper Egypt,45,One year,DSL,320.8,692.05,6,4,1,Yes,No,4.0,8555.37,No
CUST-02674,27,Cairo,7,Month-to-month,Fiber,231.3,440.1,1,2,0,No,No,4.0,4363.71,Yes
CUST-02675,67,Delta,1,Month-to-month,DSL,204.4,576.01,6,4,1,No,No,4.0,5998.14,Yes
CUST-02676,49,Alexandria,3,Month-to-month,DSL,131.1,501.38,5,1,0,Yes,No,3.0,5293.85,Yes
CUST-02677,68,Alexandria,47,Month-to-month,Fiber,41.9,381.6,2,3,1,Yes,Yes,5.0,4094.37,No
CUST-02678,64,Upper Egypt,32,Month-to-month,Fiber,89.2,499.31,4,5,3,No,No,3.0,4440.34,No
CUST-02679,48,Alexandria,26,Month-to-month,DSL,249.4,510.45,4,1,2,Yes,No,4.0,4875.2,No
CUST-02680,37,Upper Egypt,34,Two year,Fiber,148.3,592.08,5,0,2,Yes,No,5.0,7258.34,No
CUST-02681,24,Delta,3,Two year,Fiber,81.9,426.46,3,2,0,Yes,Yes,2.0,5661.34,No
CUST-02682,23,Cairo,19,One year,4G/5G,192.3,428.79,4,1,3,Yes,Yes,2.0,3527.7,No
CUST-02683,38,Delta,13,One year,4G/5G,228.7,460.57,3,6,0,Yes,Yes,2.0,5158.78,No
CUST-02684,60,Giza,25,One year,Fiber,267.4,437.86,1,3,3,Yes,Yes,5.0,5570.9,No
CUST-02685,44,Upper Egypt,25,One year,Fiber,227.4,638.38,5,2,0,Yes,No,3.0,7962.02,No
CUST-02686,43,Delta,33,Two year,DSL,224.5,432.5,2,5,2,No,No,2.0,4797.17,No
CUST-02687,30,Cairo,36,One year,Fiber,181.5,496.99,2,0,1,Yes,No,4.0,6268.34,No
CUST-02688,47,Cairo,4,One year,4G/5G,287.1,457.67,2,4,0,No,Yes,1.0,4748.97,No
CUST-02689,51,Cairo,19,One year,DSL,214.1,476.66,4,4,0,Yes,Yes,2.0,5461.51,No
CUST-02690,70,Giza,22,One year,Fiber,223.1,618.68,5,2,0,Yes,Yes,5.0,7833.42,Yes
CUST-02691,56,Cairo,7,Month-to-month,4G/5G,323.4,566.3,5,0,1,No,Yes,2.0,4956.79,No
CUST-02692,50,Delta,6,Month-to-month,Fiber,301.3,618.44,4,1,1,Yes,Yes,3.0,6600.75,Yes
CUST-02693,66,Alexandria,3,Month-to-month,DSL,213.4,483.88,3,3,2,Yes,Yes,4.0,4779.72,No
CUST-02694,40,Delta,5,Month-to-month,4G/5G,200.6,663.5,6,1,3,Yes,Yes,4.0,6463.62,Yes
CUST-02695,67,Cairo,40,Month-to-month,Fiber,199.9,511.55,3,6,1,Yes,Yes,3.0,5612.84,No
CUST-02696,37,Giza,4,Month-to-month,Fiber,48.1,300.04,1,0,1,Yes,Yes,4.0,3449.06,No
CUST-02697,24,Cairo,5,Month-to-month,4G/5G,328.7,580.34,5,2,2,No,No,5.0,6018.39,Yes
CUST-02698,40,Upper Egypt,24,Two year,Fiber,168.4,625.19,6,2,2,No,No,2.0,7586.41,Yes
CUST-02699,24,Cairo,30,Month-to-month,Fiber,306.9,426.47,2,3,2,Yes,No,3.0,3681.83,Yes
CUST-02700,24,Cairo,22,Month-to-month,Fiber,233.7,453.93,2,3,0,Yes,Yes,3.0,4471.75,No
CUST-02701,64,Cairo,9,Month-to-month,Fiber,355.3,386.19,3,1,0,Yes,Yes,4.0,4193.19,Yes
CUST-02702,60,Delta,6,Month-to-month,DSL,277.7,405.87,3,6,0,Yes,Yes,4.0,3570.47,No
CUST-02703,29,Cairo,23,One year,Fiber,312.1,472.34,2,4,1,Yes,No,3.0,5845.31,No
CUST-02704,62,Alexandria,20,One year,Fiber,176.7,499.74,1,0,4,Yes,No,2.0,5665.6,No
CUST-02705,21,Delta,16,Month-to-month,Fiber,114.3,393.68,2,1,3,Yes,No,4.0,3543.05,Yes
CUST-02706,33,Delta,39,Month-to-month,DSL,243.3,369.72,2,0,0,Yes,Yes,4.0,4003.22,No
CUST-02707,55,Cairo,19,Month-to-month,4G/5G,57.5,285.99,2,2,1,Yes,No,3.0,2941.15,No
CUST-02708,34,Cairo,6,One year,DSL,187.9,440.97,2,2,0,Yes,No,3.0,5442.87,No
CUST-02709,56,Giza,16,Two year,DSL,123.0,496.98,6,4,0,Yes,Yes,3.0,6858.26,No
CUST-02710,64,Cairo,32,Two year,4G/5G,154.4,480.49,2,2,1,No,Yes,5.0,7748.63,No
CUST-02711,21,Delta,18,Month-to-month,Fiber,283.6,582.08,5,2,0,No,Yes,3.0,5854.32,Yes
CUST-02712,19,Giza,32,One year,Fiber,277.7,617.31,4,4,1,Yes,Yes,5.0,7133.46,No
CUST-02713,67,Giza,37,One year,Fiber,215.4,483.74,3,3,1,Yes,Yes,5.0,5083.83,No
CUST-02714,45,Cairo,19,Two year,Fiber,258.8,582.41,5,1,2,Yes,No,4.0,6849.94,No
CUST-02715,44,Alexandria,22,Month-to-month,4G/5G,181.3,379.44,1,0,4,Yes,Yes,3.0,3160.7,No
CUST-02716,42,Cairo,17,Month-to-month,Fiber,228.7,758.46,5,3,0,Yes,No,4.0,7814.43,No
CUST-02717,40,Alexandria,32,Month-to-month,4G/5G,257.1,452.48,3,2,0,Yes,Yes,3.0,4457.56,No
CUST-02718,54,Cairo,17,Month-to-month,Fiber,176.9,580.88,5,0,0,Yes,No,5.0,6105.07,Yes
CUST-02719,48,Upper Egypt,30,One year,Fiber,308.8,664.64,6,0,2,Yes,Yes,4.0,7437.76,No
CUST-02720,26,Delta,26,Month-to-month,Fiber,341.6,657.14,5,5,2,No,No,3.0,6525.76,No
CUST-02721,51,Cairo,3,Month-to-month,Fiber,160.3,295.72,1,2,0,Yes,Yes,5.0,3575.48,Yes
CUST-02722,53,Cairo,31,Two year,Fiber,102.3,460.75,6,3,0,Yes,Yes,3.0,5964.16,No
CUST-02723,24,Giza,24,Month-to-month,DSL,120.2,382.8,5,3,0,No,No,4.0,4218.73,Yes
CUST-02724,37,Cairo,50,Two year,DSL,169.7,272.33,1,4,1,Yes,Yes,4.0,3670.49,No
CUST-02725,59,Cairo,7,One year,4G/5G,225.1,336.7,2,9,1,No,No,4.0,3498.64,No
CUST-02726,50,Upper Egypt,26,Two year,4G/5G,83.4,555.22,6,3,1,No,Yes,3.0,7448.26,No
CUST-02727,25,Alexandria,15,One year,DSL,192.4,539.91,6,3,1,Yes,Yes,4.0,6570.92,No
CUST-02728,20,Cairo,3,Month-to-month,4G/5G,211.3,406.44,3,1,2,Yes,No,3.0,4126.32,Yes
CUST-02729,48,Alexandria,2,Month-to-month,Fiber,259.2,632.82,6,2,1,No,Yes,5.0,6663.22,No
CUST-02730,42,Cairo,57,Two year,Fiber,285.1,566.52,3,2,2,Yes,No,3.0,7283.2,No
CUST-02731,68,Upper Egypt,26,Month-to-month,Fiber,266.1,684.07,6,4,1,Yes,Yes,5.0,6754.11,No
CUST-02732,45,Cairo,18,Month-to-month,DSL,391.3,619.76,4,1,1,Yes,No,5.0,6062.8,Yes
CUST-02733,67,Delta,5,One year,DSL,328.5,515.5,4,1,2,No,No,4.0,6115.2,No
CUST-02734,29,Delta,55,Month-to-month,DSL,250.0,209.94,1,2,1,Yes,Yes,3.0,2317.64,No
CUST-02735,41,Cairo,12,Month-to-month,4G/5G,142.7,526.8,6,4,2,No,Yes,5.0,5247.51,No
CUST-02736,25,Cairo,27,Month-to-month,Fiber,169.2,420.63,2,1,0,Yes,No,4.0,4067.81,No
CUST-02737,48,Giza,23,Month-to-month,4G/5G,101.4,361.85,2,0,2,Yes,Yes,1.0,2919.48,No
CUST-02738,27,Upper Egypt,72,One year,DSL,243.8,390.41,3,1,3,No,No,3.0,4294.95,No
CUST-02739,44,Alexandria,21,Month-to-month,DSL,259.8,494.97,5,0,1,Yes,No,4.0,5145.36,Yes
CUST-02740,36,Alexandria,14,Month-to-month,Fiber,310.4,599.5,5,2,0,Yes,Yes,4.0,5982.02,Yes
CUST-02741,27,Delta,26,Month-to-month,Fiber,254.1,548.6,4,3,0,No,Yes,4.0,5362.78,Yes
CUST-02742,23,Delta,28,One year,Fiber,324.9,690.75,6,2,0,Yes,No,5.0,8630.17,No
CUST-02743,45,Giza,72,Month-to-month,4G/5G,326.7,538.76,5,3,1,Yes,No,4.0,6278.86,No
CUST-02744,68,Giza,21,Month-to-month,DSL,137.5,285.78,1,3,0,Yes,Yes,1.0,2637.28,No
CUST-02745,28,Delta,7,One year,Fiber,183.4,597.72,5,2,2,No,No,4.0,6409.47,No
CUST-02746,39,Cairo,16,Month-to-month,4G/5G,229.0,390.98,2,1,1,Yes,Yes,5.0,4464.84,No
CUST-02747,29,Delta,26,One year,DSL,166.5,410.25,4,0,2,Yes,No,4.0,4884.54,No
CUST-02748,60,Cairo,30,Month-to-month,4G/5G,208.1,536.01,4,2,0,No,Yes,4.0,5404.58,No
CUST-02749,39,Cairo,4,Month-to-month,DSL,257.1,500.5,3,1,1,No,Yes,3.0,5302.69,Yes
CUST-02750,69,Delta,15,Month-to-month,DSL,218.9,388.54,3,0,0,Yes,Yes,4.0,3913.57,No
CUST-02751,30,Giza,69,Two year,DSL,230.0,327.84,2,2,0,Yes,Yes,3.0,4855.16,Yes
CUST-02752,22,Cairo,10,Month-to-month,DSL,145.2,355.79,2,3,4,No,Yes,4.0,3372.29,No
CUST-02753,48,Cairo,39,Month-to-month,Fiber,275.6,610.34,6,2,0,No,Yes,4.0,7687.79,Yes
CUST-02754,52,Alexandria,17,Month-to-month,Fiber,269.0,437.01,3,0,1,No,No,4.0,4334.95,No
CUST-02755,70,Delta,22,Month-to-month,4G/5G,161.4,390.64,3,0,4,Yes,Yes,4.0,4107.92,No
CUST-02756,64,Cairo,5,One year,DSL,113.6,500.19,5,7,1,No,No,4.0,5774.38,No
CUST-02757,64,Cairo,18,Two year,DSL,340.7,356.05,2,1,0,No,Yes,5.0,5136.02,No
CUST-02758,51,Giza,26,Month-to-month,DSL,387.3,421.16,2,5,0,No,No,4.0,4303.83,Yes
CUST-02759,37,Upper Egypt,21,Month-to-month,DSL,251.1,259.91,2,1,0,No,Yes,5.0,3295.72,No
CUST-02760,40,Cairo,19,Month-to-month,Fiber,197.4,403.95,1,3,0,Yes,Yes,3.0,4072.95,No
CUST-02761,25,Upper Egypt,33,Two year,Fiber,228.7,607.41,3,1,0,No,No,3.0,8212.02,No
CUST-02762,40,Upper Egypt,6,Month-to-month,Fiber,272.3,348.44,1,3,2,Yes,Yes,4.0,3071.23,No
CUST-02763,37,Cairo,27,Month-to-month,Fiber,211.0,509.62,3,0,1,Yes,Yes,4.0,4766.55,No
CUST-02764,19,Delta,2,Two year,Fiber,317.1,569.07,4,3,1,Yes,Yes,4.0,6485.0,No
CUST-02765,28,Delta,47,Two year,4G/5G,157.1,375.55,2,1,0,Yes,Yes,3.0,5326.47,No
CUST-02766,46,Giza,19,Month-to-month,Fiber,167.8,400.25,2,0,2,Yes,Yes,4.0,3669.3,No
CUST-02767,37,Giza,38,Month-to-month,4G/5G,262.7,503.14,4,2,1,Yes,No,3.0,6027.4,No
CUST-02768,70,Delta,1,One year,4G/5G,240.3,465.48,4,2,2,Yes,Yes,4.0,5163.12,No
CUST-02769,43,Delta,34,Two year,Fiber,287.4,564.09,5,3,2,No,Yes,4.0,7890.69,No
CUST-02770,68,Delta,11,Month-to-month,DSL,337.4,683.68,6,1,2,Yes,Yes,3.0,7009.19,No
CUST-02771,53,Upper Egypt,22,Month-to-month,Fiber,90.3,291.96,2,3,0,Yes,Yes,3.0,2972.02,No
CUST-02772,20,Giza,34,Month-to-month,4G/5G,233.5,397.7,2,1,1,Yes,Yes,4.0,3780.98,No
CUST-02773,28,Delta,20,Month-to-month,DSL,401.1,533.89,4,2,1,No,Yes,4.0,5256.6,No
CUST-02774,55,Upper Egypt,32,Month-to-month,Fiber,176.3,414.42,2,3,1,Yes,Yes,2.0,4609.65,Yes
CUST-02775,46,Cairo,17,One year,Fiber,165.7,614.52,5,1,1,Yes,No,4.0,8265.29,No
CUST-02776,33,Cairo,50,Month-to-month,4G/5G,28.3,245.37,1,1,1,Yes,Yes,5.0,2290.97,No
CUST-02777,45,Giza,19,Month-to-month,Fiber,239.2,531.79,3,1,1,Yes,Yes,4.0,5299.02,No
CUST-02778,65,Delta,20,Two year,4G/5G,282.3,746.48,6,2,1,Yes,No,4.0,9364.04,Yes
CUST-02779,38,Cairo,20,Month-to-month,Fiber,282.1,613.81,5,1,0,Yes,Yes,3.0,5922.53,Yes
CUST-02780,20,Delta,22,Month-to-month,DSL,136.7,325.17,4,2,0,Yes,Yes,4.0,4241.72,No
CUST-02781,34,Cairo,7,Two year,Fiber,229.2,374.26,1,2,0,Yes,No,3.0,4599.48,No
CUST-02782,67,Giza,9,Month-to-month,Fiber,249.9,596.74,5,2,2,Yes,No,4.0,5027.11,Yes
CUST-02783,58,Alexandria,41,Two year,Fiber,234.7,516.29,3,3,0,No,Yes,4.0,7059.25,No
CUST-02784,62,Cairo,38,Month-to-month,Fiber,131.5,510.28,6,1,1,No,Yes,3.0,5277.07,No
CUST-02785,66,Upper Egypt,36,Month-to-month,4G/5G,237.0,582.89,5,2,1,No,No,2.0,5506.38,Yes
CUST-02786,24,Cairo,30,One year,DSL,156.7,531.36,6,2,1,No,Yes,4.0,6057.17,No
CUST-02787,32,Upper Egypt,14,Month-to-month,Fiber,61.5,362.53,1,3,3,Yes,No,4.0,3555.45,Yes
CUST-02788,21,Cairo,13,Month-to-month,DSL,291.3,577.19,6,1,0,Yes,Yes,4.0,5180.0,No
CUST-02789,18,Upper Egypt,21,Month-to-month,Fiber,242.6,654.93,5,5,3,No,Yes,2.0,6284.93,No
CUST-02790,62,Alexandria,46,One year,DSL,283.3,299.55,2,3,1,Yes,Yes,3.0,3592.48,No
CUST-02791,67,Cairo,25,Month-to-month,4G/5G,181.9,600.1,6,6,2,Yes,No,3.0,6406.09,Yes
CUST-02792,26,Cairo,9,One year,4G/5G,286.4,475.38,4,6,2,No,No,3.0,5590.54,Yes
CUST-02793,56,Cairo,5,One year,4G/5G,228.7,515.51,4,0,0,Yes,No,3.0,6010.9,No
CUST-02794,46,Alexandria,38,Month-to-month,Fiber,387.9,866.99,6,2,0,Yes,Yes,2.0,8361.67,No
CUST-02795,21,Delta,56,Month-to-month,Fiber,303.2,523.01,4,1,1,Yes,No,5.0,4605.18,No
CUST-02796,66,Giza,4,Month-to-month,4G/5G,264.6,500.07,4,2,0,Yes,No,5.0,5044.78,No
CUST-02797,64,Giza,39,One year,Fiber,105.8,547.3,6,1,0,Yes,Yes,4.0,6597.11,No
CUST-02798,48,Alexandria,29,Month-to-month,Fiber,220.4,581.87,5,5,0,Yes,Yes,3.0,5854.46,No
CUST-02799,55,Alexandria,11,One year,Fiber,102.0,490.5,4,1,3,Yes,Yes,5.0,5602.17,No
CUST-02800,39,Delta,25,Month-to-month,4G/5G,156.3,548.99,6,3,0,No,No,5.0,6306.31,No
CUST-02801,60,Giza,8,Month-to-month,DSL,406.0,735.96,6,3,1,Yes,Yes,3.0,6947.6,Yes
CUST-02802,41,Delta,18,One year,4G/5G,137.9,535.95,4,2,2,No,Yes,4.0,5875.72,Yes
CUST-02803,70,Upper Egypt,22,Month-to-month,Fiber,19.2,250.21,1,3,0,No,Yes,3.0,1942.83,No
CUST-02804,21,Giza,49,Month-to-month,Fiber,303.2,675.13,5,2,2,Yes,No,3.0,6403.55,No
CUST-02805,27,Cairo,17,One year,Fiber,169.4,387.98,2,2,1,Yes,Yes,3.0,4130.21,No
CUST-02806,69,Cairo,12,One year,4G/5G,299.1,466.05,4,2,0,No,No,4.0,4973.02,No
CUST-02807,33,Alexandria,28,Month-to-month,Fiber,124.7,412.9,3,6,2,Yes,No,4.0,3984.45,No
CUST-02808,34,Giza,32,Month-to-month,4G/5G,191.7,368.76,3,0,0,Yes,Yes,4.0,4443.78,No
CUST-02809,59,Upper Egypt,12,Month-to-month,DSL,337.6,675.06,6,1,0,Yes,Yes,5.0,7199.36,No
CUST-02810,28,Alexandria,9,One year,4G/5G,111.0,303.99,2,4,0,No,Yes,3.0,3137.06,No
CUST-02811,45,Alexandria,9,Month-to-month,4G/5G,214.8,407.46,1,2,1,No,No,5.0,4175.32,Yes
CUST-02812,33,Delta,49,One year,DSL,256.2,490.11,4,0,1,Yes,No,2.0,6023.86,Yes
CUST-02813,28,Cairo,31,One year,DSL,165.3,425.61,4,2,2,Yes,No,4.0,5338.94,No
CUST-02814,69,Delta,17,Two year,Fiber,251.8,638.06,6,5,0,Yes,Yes,5.0,9169.64,No
CUST-02815,28,Cairo,44,Month-to-month,4G/5G,231.4,439.33,1,3,0,Yes,Yes,4.0,4125.78,No
CUST-02816,22,Alexandria,12,Month-to-month,4G/5G,278.1,636.25,6,4,1,Yes,Yes,3.0,5756.66,Yes
CUST-02817,53,Upper Egypt,20,Month-to-month,DSL,395.8,617.66,6,1,0,No,Yes,4.0,5903.17,No
CUST-02818,63,Delta,8,Month-to-month,Fiber,470.8,575.83,2,2,2,Yes,No,5.0,5794.64,No
CUST-02819,24,Delta,43,Month-to-month,4G/5G,271.7,610.45,5,1,0,Yes,No,3.0,4943.99,No
CUST-02820,55,Giza,11,Two year,4G/5G,220.1,559.28,6,0,2,Yes,Yes,4.0,7051.91,No
CUST-02821,46,Delta,11,Month-to-month,DSL,269.7,322.77,1,3,1,Yes,No,5.0,2574.03,Yes
CUST-02822,61,Alexandria,28,Month-to-month,4G/5G,209.1,234.98,1,3,2,No,Yes,3.0,2378.36,Yes
CUST-02823,24,Alexandria,2,Month-to-month,DSL,87.1,416.27,4,2,0,Yes,Yes,5.0,5237.84,No
CUST-02824,69,Cairo,6,Two year,Fiber,225.8,563.09,4,4,2,Yes,No,5.0,7662.79,No
CUST-02825,50,Cairo,35,Month-to-month,Fiber,327.4,719.04,6,1,2,No,No,5.0,6553.42,No
CUST-02826,62,Alexandria,9,One year,Fiber,98.2,552.33,6,2,1,Yes,No,5.0,6386.95,No
CUST-02827,37,Cairo,72,Two year,DSL,141.4,233.11,1,3,0,No,No,2.0,3028.77,No
CUST-02828,67,Delta,24,Month-to-month,DSL,177.6,576.1,6,0,1,No,Yes,2.0,6154.89,No
CUST-02829,51,Delta,4,One year,Fiber,263.5,738.91,6,3,0,No,No,3.0,7604.1,No
CUST-02830,24,Upper Egypt,57,Month-to-month,Fiber,443.9,633.76,4,1,0,Yes,No,3.0,6259.31,No
CUST-02831,66,Cairo,24,Month-to-month,DSL,157.2,359.03,3,1,5,Yes,Yes,4.0,2987.03,Yes
CUST-02832,60,Upper Egypt,18,Month-to-month,4G/5G,238.2,563.88,4,1,2,Yes,Yes,4.0,4719.99,Yes
CUST-02833,33,Cairo,24,Month-to-month,4G/5G,230.5,514.7,4,4,2,Yes,No,4.0,5803.91,No
CUST-02834,46,Giza,4,One year,Fiber,202.9,491.93,3,1,1,Yes,No,3.0,5004.17,No
CUST-02835,38,Delta,21,Two year,4G/5G,225.7,384.64,1,2,0,Yes,Yes,3.0,4607.92,No
CUST-02836,46,Cairo,10,Month-to-month,Fiber,188.2,581.21,5,2,0,No,Yes,5.0,6608.11,No
CUST-02837,69,Cairo,20,One year,Fiber,476.9,479.87,2,1,0,Yes,Yes,3.0,5708.13,No
CUST-02838,65,Cairo,15,Month-to-month,DSL,297.5,379.54,2,2,1,Yes,Yes,2.0,3608.48,Yes
CUST-02839,29,Giza,23,Month-to-month,Fiber,188.9,537.97,3,1,1,Yes,No,4.0,5088.97,No
CUST-02840,69,Delta,17,One year,4G/5G,336.5,486.98,1,3,0,Yes,Yes,4.0,5897.1,No
CUST-02841,41,Cairo,14,Month-to-month,Fiber,253.1,434.15,3,4,1,Yes,Yes,3.0,4080.51,No
CUST-02842,55,Cairo,9,One year,Fiber,235.2,749.43,6,0,0,Yes,Yes,5.0,8568.0,No
CUST-02843,58,Alexandria,4,Month-to-month,DSL,213.6,501.0,5,3,0,Yes,No,4.0,4398.68,No
CUST-02844,43,Cairo,3,One year,Fiber,207.5,374.97,1,3,1,No,No,5.0,4562.82,Yes
CUST-02845,42,Delta,6,Month-to-month,Fiber,120.2,489.17,2,0,1,Yes,No,4.0,4559.96,No
CUST-02846,42,Upper Egypt,33,Month-to-month,Fiber,79.4,467.63,4,4,0,No,Yes,5.0,4730.88,No
CUST-02847,63,Delta,8,One year,Fiber,263.4,654.99,6,5,0,Yes,Yes,3.0,7965.11,No
CUST-02848,38,Upper Egypt,12,Month-to-month,4G/5G,212.7,410.48,3,4,0,Yes,Yes,2.0,3834.5,No
CUST-02849,32,Giza,12,Month-to-month,Fiber,309.0,689.49,6,5,2,Yes,No,4.0,6584.18,Yes
CUST-02850,37,Delta,15,Two year,DSL,149.9,294.11,1,3,1,Yes,No,4.0,4718.68,No
CUST-02851,28,Cairo,29,Month-to-month,DSL,131.2,507.06,6,1,4,Yes,Yes,4.0,4983.73,No
CUST-02852,38,Cairo,16,Month-to-month,DSL,299.9,413.72,1,0,1,Yes,Yes,3.0,3849.48,No
CUST-02853,24,Alexandria,38,Month-to-month,DSL,203.4,476.2,5,3,1,No,No,4.0,4373.48,Yes
CUST-02854,22,Cairo,6,One year,DSL,307.0,364.08,1,2,0,Yes,No,2.0,4237.12,No
CUST-02855,56,Upper Egypt,35,One year,4G/5G,233.0,620.0,6,3,2,Yes,No,3.0,7563.12,No
CUST-02856,22,Delta,53,Two year,Fiber,399.0,570.02,2,2,0,Yes,Yes,3.0,7353.25,No
CUST-02857,48,Upper Egypt,21,Month-to-month,4G/5G,298.0,434.03,3,0,1,Yes,No,4.0,4368.03,No
CUST-02858,59,Cairo,8,Month-to-month,Fiber,266.9,592.9,4,5,0,No,Yes,3.0,5552.56,Yes
CUST-02859,56,Giza,30,Month-to-month,DSL,302.0,467.92,1,3,1,Yes,No,2.0,4406.22,Yes
CUST-02860,41,Delta,21,Month-to-month,DSL,228.7,383.78,4,2,0,Yes,Yes,4.0,3362.34,No
CUST-02861,28,Cairo,26,One year,Fiber,82.1,331.68,2,4,1,No,Yes,4.0,4186.03,No
CUST-02862,67,Alexandria,38,Month-to-month,Fiber,262.5,619.36,3,1,0,Yes,Yes,4.0,6344.89,No
CUST-02863,62,Alexandria,15,One year,Fiber,404.7,496.42,2,3,2,Yes,Yes,3.0,6350.97,No
CUST-02864,50,Upper Egypt,13,One year,Fiber,23.9,585.31,6,3,3,Yes,No,4.0,6706.85,No
CUST-02865,22,Delta,72,One year,DSL,272.2,415.17,3,0,1,No,No,5.0,4993.0,No
CUST-02866,19,Cairo,30,Month-to-month,Fiber,91.8,640.88,5,1,1,Yes,No,4.0,6992.69,No
CUST-02867,34,Giza,43,Month-to-month,4G/5G,227.9,252.86,1,2,0,Yes,No,1.0,2796.2,Yes
CUST-02868,26,Alexandria,37,Two year,4G/5G,237.2,633.15,5,3,1,Yes,Yes,4.0,8362.34,No
CUST-02869,63,Cairo,43,One year,Fiber,297.2,436.68,3,4,0,Yes,No,3.0,5344.7,No
CUST-02870,28,Giza,27,Month-to-month,Fiber,248.9,468.41,4,2,0,Yes,No,1.0,4637.54,Yes
CUST-02871,32,Cairo,40,One year,Fiber,353.6,644.59,6,2,2,No,No,2.0,7011.67,No
CUST-02872,69,Cairo,12,Two year,4G/5G,335.0,595.26,5,1,3,Yes,Yes,4.0,7440.0,No
CUST-02873,61,Giza,4,Month-to-month,Fiber,212.3,446.39,3,4,0,Yes,Yes,4.0,4387.43,No
CUST-02874,29,Cairo,10,Two year,Fiber,328.5,432.28,2,3,1,Yes,No,4.0,5793.3,No
CUST-02875,38,Alexandria,19,Month-to-month,4G/5G,201.8,555.69,6,1,1,Yes,No,3.0,5906.59,No
CUST-02876,45,Cairo,17,Two year,DSL,186.4,295.75,2,7,2,Yes,Yes,5.0,4378.65,No
CUST-02877,53,Delta,21,Month-to-month,Fiber,121.6,289.9,1,1,2,Yes,Yes,2.0,2976.51,No
CUST-02878,67,Cairo,11,Month-to-month,4G/5G,348.1,455.19,2,2,0,No,Yes,3.0,3747.93,No
CUST-02879,64,Upper Egypt,2,Month-to-month,4G/5G,203.0,297.16,1,3,1,Yes,No,3.0,2703.74,No
CUST-02880,69,Cairo,15,One year,DSL,12.1,298.0,5,1,1,Yes,Yes,2.0,2644.47,No
CUST-02881,20,Alexandria,6,Two year,Fiber,278.8,673.89,6,3,0,Yes,No,3.0,9135.05,No
CUST-02882,30,Giza,20,Month-to-month,DSL,190.9,443.77,3,3,1,Yes,Yes,5.0,4467.51,No
CUST-02883,47,Cairo,28,Month-to-month,Fiber,203.1,521.85,4,3,0,Yes,Yes,3.0,5166.28,No
CUST-02884,20,Giza,15,Month-to-month,DSL,208.9,505.05,6,4,0,Yes,Yes,4.0,4781.72,No
CUST-02885,36,Delta,7,Month-to-month,Fiber,199.7,686.87,6,0,0,No,Yes,4.0,7320.89,Yes
CUST-02886,26,Upper Egypt,22,One year,DSL,475.5,325.2,1,1,2,Yes,Yes,3.0,3832.02,No
CUST-02887,67,Cairo,72,Month-to-month,4G/5G,379.6,381.6,1,0,0,Yes,No,2.0,4008.35,No
CUST-02888,21,Cairo,30,Two year,4G/5G,292.9,475.11,3,1,0,Yes,Yes,4.0,6423.78,No
CUST-02889,25,Delta,32,Two year,4G/5G,251.7,465.01,2,1,1,Yes,Yes,1.0,6002.24,No
CUST-02890,28,Alexandria,14,Month-to-month,Fiber,331.6,452.78,1,3,0,No,No,3.0,4455.45,Yes
CUST-02891,25,Cairo,10,Month-to-month,Fiber,251.9,403.85,1,4,1,Yes,Yes,4.0,4586.23,No
CUST-02892,48,Delta,44,Two year,DSL,303.4,606.49,5,1,1,Yes,Yes,4.0,8540.54,No
CUST-02893,37,Giza,1,Two year,Fiber,280.2,392.8,2,2,0,No,No,3.0,5157.48,No
CUST-02894,66,Alexandria,11,One year,Fiber,241.6,583.69,3,1,0,Yes,Yes,3.0,6497.1,No
CUST-02895,31,Giza,61,Month-to-month,4G/5G,314.6,205.98,1,1,1,Yes,Yes,3.0,2488.21,No
CUST-02896,46,Giza,19,Month-to-month,Fiber,192.2,611.56,4,3,1,No,Yes,3.0,5659.43,No
CUST-02897,52,Cairo,4,One year,Fiber,235.3,558.13,5,3,3,Yes,Yes,4.0,6945.99,No
CUST-02898,51,Delta,28,Month-to-month,DSL,141.9,459.81,4,0,1,Yes,Yes,4.0,5338.86,No
CUST-02899,60,Cairo,15,One year,4G/5G,152.2,447.52,2,3,0,Yes,No,3.0,5655.43,No
CUST-02900,28,Delta,3,One year,DSL,10.0,254.65,1,4,2,Yes,Yes,4.0,2453.53,No
CUST-02901,44,Delta,25,Month-to-month,Fiber,271.1,528.5,3,2,0,Yes,No,4.0,5150.44,No
CUST-02902,60,Delta,22,Month-to-month,DSL,295.8,600.07,5,1,3,No,No,2.0,5464.86,Yes
CUST-02903,63,Cairo,21,Month-to-month,4G/5G,327.7,298.12,1,0,2,Yes,Yes,2.0,2445.64,No
CUST-02904,50,Cairo,30,Two year,Fiber,130.8,491.55,5,7,3,No,Yes,4.0,6136.77,No
CUST-02905,52,Giza,7,Month-to-month,DSL,269.6,612.37,6,2,0,Yes,Yes,2.0,6000.09,No
CUST-02906,63,Alexandria,26,Month-to-month,DSL,229.9,461.51,4,3,3,Yes,Yes,3.0,4595.62,No
CUST-02907,51,Upper Egypt,23,Two year,DSL,296.4,590.42,6,4,1,Yes,No,3.0,8171.71,No
CUST-02908,68,Giza,43,One year,Fiber,171.4,483.22,2,0,1,Yes,Yes,2.0,5684.83,No
CUST-02909,24,Upper Egypt,11,Month-to-month,4G/5G,199.7,559.23,4,1,0,Yes,Yes,2.0,5283.23,Yes
CUST-02910,36,Cairo,48,Two year,Fiber,90.2,498.63,5,1,0,Yes,Yes,2.0,6012.18,No
CUST-02911,23,Giza,37,Month-to-month,Fiber,165.5,602.21,5,2,0,Yes,No,2.0,6107.01,Yes
CUST-02912,22,Cairo,19,Two year,Fiber,230.3,516.47,5,2,0,Yes,Yes,4.0,6625.84,No
CUST-02913,43,Delta,21,Two year,Fiber,245.7,355.99,2,2,2,Yes,Yes,4.0,4543.14,No
CUST-02914,29,Cairo,1,Month-to-month,Fiber,78.3,550.64,6,5,1,Yes,Yes,3.0,5013.64,No
CUST-02915,39,Cairo,21,Month-to-month,4G/5G,184.0,541.99,5,2,2,Yes,No,2.0,4865.49,Yes
CUST-02916,41,Delta,35,Month-to-month,4G/5G,244.4,311.96,1,1,1,Yes,Yes,5.0,3687.42,Yes
CUST-02917,50,Alexandria,17,One year,Fiber,356.7,620.37,4,2,3,Yes,Yes,4.0,7046.7,No
CUST-02918,68,Cairo,43,One year,4G/5G,153.9,587.66,6,1,0,No,No,3.0,7756.23,No
CUST-02919,63,Cairo,29,Month-to-month,4G/5G,274.1,420.44,1,2,0,Yes,No,5.0,3946.73,No
CUST-02920,38,Giza,72,Two year,Fiber,179.5,668.2,6,1,0,Yes,Yes,4.0,9551.51,No
CUST-02921,35,Cairo,12,Month-to-month,DSL,189.9,290.04,2,3,0,Yes,No,4.0,2842.46,No
CUST-02922,58,Cairo,33,One year,4G/5G,151.0,416.92,2,1,0,Yes,Yes,2.0,4972.65,No
CUST-02923,24,Alexandria,6,One year,4G/5G,136.0,369.28,3,1,1,Yes,No,2.0,4447.59,No
CUST-02924,46,Cairo,18,Month-to-month,DSL,187.3,533.79,5,2,1,No,No,2.0,5577.93,No
CUST-02925,40,Alexandria,30,Month-to-month,4G/5G,324.3,351.17,1,3,0,Yes,Yes,5.0,4286.28,No
CUST-02926,27,Giza,34,One year,DSL,162.1,409.4,2,1,2,No,Yes,3.0,5268.71,No
CUST-02927,50,Cairo,16,One year,Fiber,148.0,611.47,5,3,2,No,Yes,4.0,6973.55,No
CUST-02928,34,Cairo,46,Month-to-month,Fiber,248.8,406.46,2,2,3,No,Yes,4.0,4840.03,No
CUST-02929,27,Cairo,53,One year,DSL,230.5,396.35,3,1,1,Yes,Yes,3.0,5122.42,No
CUST-02930,52,Cairo,12,Month-to-month,Fiber,223.9,724.88,4,3,2,Yes,No,3.0,5530.58,Yes
CUST-02931,27,Cairo,18,Month-to-month,Fiber,252.9,376.73,2,2,0,No,Yes,3.0,3852.84,No
CUST-02932,53,Upper Egypt,17,Two year,Fiber,139.1,308.28,1,2,2,No,Yes,4.0,3862.58,No
CUST-02933,26,Delta,14,Month-to-month,4G/5G,149.1,439.75,4,2,4,Yes,Yes,4.0,3786.94,Yes
CUST-02934,41,Giza,51,One year,DSL,318.8,277.39,1,3,0,Yes,Yes,3.0,3892.27,No
CUST-02935,60,Alexandria,50,One year,Fiber,216.9,429.45,3,3,0,Yes,Yes,1.0,5294.21,No
CUST-02936,30,Alexandria,17,Month-to-month,Fiber,283.7,561.82,4,2,1,Yes,No,4.0,5081.3,No
CUST-02937,58,Delta,32,Month-to-month,Fiber,340.2,670.47,5,2,2,Yes,Yes,2.0,7053.97,No
CUST-02938,56,Cairo,43,Month-to-month,Fiber,306.1,598.7,6,2,1,Yes,Yes,4.0,5442.55,No
CUST-02939,65,Cairo,25,Month-to-month,DSL,106.7,507.97,6,1,2,No,Yes,3.0,4292.95,No
CUST-02940,26,Cairo,16,One year,Fiber,219.5,334.2,1,2,0,Yes,Yes,4.0,3663.0,No
CUST-02941,55,Cairo,11,Month-to-month,4G/5G,323.7,423.62,3,5,1,Yes,Yes,4.0,4422.01,No
CUST-02942,67,Cairo,35,Two year,Fiber,277.0,455.05,1,2,1,No,Yes,4.0,6221.3,No
CUST-02943,58,Upper Egypt,6,Month-to-month,Fiber,228.7,566.61,5,0,1,Yes,Yes,3.0,5089.96,No
CUST-02944,27,Upper Egypt,17,Month-to-month,4G/5G,82.4,210.98,1,3,1,Yes,Yes,4.0,1993.97,Yes
CUST-02945,61,Cairo,14,Two year,Fiber,174.5,629.72,5,2,6,No,Yes,4.0,7629.11,Yes
CUST-02946,23,Giza,6,Month-to-month,Fiber,236.2,453.59,1,2,3,Yes,No,5.0,3876.77,Yes
CUST-02947,49,Giza,19,One year,Fiber,101.7,346.71,1,3,0,No,No,3.0,4587.23,No
CUST-02948,44,Giza,18,One year,DSL,301.4,557.8,6,2,2,Yes,Yes,4.0,7188.76,No
CUST-02949,46,Alexandria,9,Two year,Fiber,219.4,418.11,2,4,1,Yes,Yes,3.0,5305.09,No
CUST-02950,45,Cairo,49,Month-to-month,4G/5G,228.7,348.67,3,2,3,Yes,Yes,3.0,3586.58,No
CUST-02951,19,Delta,35,Month-to-month,DSL,179.0,450.31,4,2,4,Yes,Yes,4.0,4340.73,No
CUST-02952,44,Upper Egypt,21,Two year,4G/5G,204.2,591.98,5,1,0,Yes,No,5.0,8490.37,No
CUST-02953,67,Alexandria,38,Month-to-month,DSL,218.3,576.57,6,4,0,Yes,No,4.0,6762.19,No
CUST-02954,41,Alexandria,45,One year,4G/5G,357.8,500.76,3,1,0,No,Yes,3.0,5934.7,No
CUST-02955,32,Alexandria,51,One year,DSL,282.1,463.96,4,2,0,Yes,Yes,4.0,5805.16,No
CUST-02956,70,Giza,12,One year,Fiber,107.1,647.27,6,0,0,Yes,Yes,4.0,8049.5,No
CUST-02957,23,Cairo,38,One year,DSL,95.9,276.71,1,1,0,No,Yes,5.0,3848.7,No
CUST-02958,43,Alexandria,18,Two year,Fiber,206.0,307.17,3,0,1,Yes,Yes,4.0,3715.39,No
CUST-02959,45,Cairo,24,Month-to-month,Fiber,241.4,343.73,2,1,0,No,No,3.0,2745.42,No
CUST-02960,43,Delta,12,One year,DSL,319.3,598.1,6,0,0,Yes,Yes,5.0,6919.94,No
CUST-02961,66,Giza,21,One year,Fiber,385.7,659.95,4,3,0,Yes,No,4.0,7998.94,No
CUST-02962,40,Giza,39,Month-to-month,DSL,390.6,597.59,4,3,3,Yes,No,4.0,5613.25,No
CUST-02963,69,Giza,59,Two year,Fiber,190.2,464.23,2,2,2,No,Yes,4.0,5716.18,No
CUST-02964,21,Upper Egypt,19,Month-to-month,Fiber,314.1,681.07,6,1,0,No,Yes,5.0,6590.92,Yes
CUST-02965,56,Cairo,9,Month-to-month,Fiber,268.3,477.53,1,1,3,No,Yes,4.0,5340.68,Yes
CUST-02966,49,Cairo,65,Two year,Fiber,131.8,415.36,3,7,3,Yes,No,3.0,4923.02,No
CUST-02967,30,Cairo,11,Two year,Fiber,60.1,519.08,5,4,0,Yes,No,4.0,6693.64,No
CUST-02968,30,Alexandria,4,Month-to-month,Fiber,243.0,584.18,6,4,1,Yes,No,3.0,5377.84,Yes
CUST-02969,56,Upper Egypt,13,One year,DSL,95.4,292.27,2,2,0,Yes,Yes,4.0,4544.32,No
CUST-02970,51,Cairo,1,Month-to-month,Fiber,153.4,415.89,3,1,2,Yes,No,4.0,3337.28,No
CUST-02971,50,Upper Egypt,43,Month-to-month,4G/5G,168.4,403.56,1,1,1,Yes,Yes,3.0,3761.18,No
CUST-02972,20,Cairo,11,Month-to-month,4G/5G,249.7,588.64,4,4,0,No,No,3.0,5816.01,Yes
CUST-02973,49,Alexandria,7,Two year,Fiber,345.3,484.68,2,2,0,Yes,No,3.0,6382.11,No
CUST-02974,70,Cairo,23,Month-to-month,Fiber,231.1,573.52,4,3,1,Yes,No,2.0,6030.61,No
CUST-02975,18,Giza,59,Month-to-month,Fiber,181.5,330.74,1,2,1,Yes,Yes,5.0,4131.72,No
CUST-02976,42,Alexandria,29,One year,Fiber,43.8,282.14,3,1,2,Yes,Yes,4.0,3113.57,No
CUST-02977,44,Alexandria,6,Month-to-month,DSL,271.3,391.14,3,1,1,Yes,No,3.0,3954.95,No
CUST-02978,65,Cairo,72,Month-to-month,DSL,232.6,514.51,4,4,2,Yes,Yes,4.0,5200.79,No
CUST-02979,32,Delta,27,Month-to-month,DSL,180.5,367.7,2,3,0,No,Yes,3.0,3593.52,No
CUST-02980,43,Upper Egypt,40,One year,Fiber,334.9,455.72,2,5,1,Yes,No,3.0,5920.59,No
CUST-02981,56,Giza,5,One year,DSL,122.8,527.35,5,1,0,Yes,No,4.0,6390.81,No
CUST-02982,21,Alexandria,72,One year,Fiber,168.4,608.08,6,2,0,Yes,No,5.0,8319.55,No
CUST-02983,60,Delta,15,Month-to-month,4G/5G,207.9,326.23,2,1,2,Yes,Yes,4.0,3445.58,Yes
CUST-02984,61,Cairo,4,Month-to-month,4G/5G,179.4,473.85,3,2,2,Yes,No,3.0,4895.37,Yes
CUST-02985,56,Upper Egypt,25,One year,Fiber,279.6,367.59,1,3,0,Yes,No,3.0,3272.88,No
CUST-02986,52,Cairo,40,Month-to-month,4G/5G,271.8,414.73,1,2,1,Yes,Yes,4.0,4325.48,No
CUST-02987,57,Delta,32,Month-to-month,4G/5G,324.6,378.47,3,5,0,No,Yes,4.0,4200.67,No
CUST-02988,59,Cairo,32,Month-to-month,DSL,275.2,513.25,5,1,0,Yes,No,5.0,5583.79,No
CUST-02989,65,Cairo,30,Month-to-month,Fiber,219.6,631.3,5,1,1,Yes,Yes,4.0,6958.74,No
CUST-02990,40,Alexandria,23,Month-to-month,4G/5G,199.4,577.94,5,1,4,Yes,Yes,4.0,5707.32,Yes
CUST-02991,42,Alexandria,5,Two year,Fiber,271.0,385.81,1,1,1,No,Yes,5.0,4579.05,No
CUST-02992,51,Delta,18,Month-to-month,Fiber,212.9,391.69,1,2,2,No,No,2.0,3943.66,No
CUST-02993,28,Upper Egypt,16,One year,DSL,234.3,371.72,2,1,3,No,Yes,5.0,4734.96,No
CUST-02994,63,Cairo,51,Month-to-month,Fiber,275.9,372.93,2,4,1,Yes,Yes,4.0,3676.47,No
CUST-02995,58,Cairo,43,One year,Fiber,242.5,532.14,4,4,1,Yes,Yes,5.0,6317.77,No
CUST-02996,51,Giza,14,One year,4G/5G,257.8,530.46,4,2,2,Yes,Yes,2.0,6353.49,No
CUST-02997,33,Giza,36,Two year,Fiber,158.8,438.19,2,4,0,Yes,Yes,4.0,5956.22,No
CUST-02998,36,Giza,20,Month-to-month,DSL,351.5,569.98,5,3,0,Yes,Yes,4.0,6233.85,No
CUST-02999,41,Delta,4,One year,DSL,130.4,459.19,5,1,0,Yes,Yes,4.0,5590.18,Yes
CUST-03000,53,Delta,1,Month-to-month,Fiber,269.5,379.02,2,2,1,No,Yes,4.0,2777.75,No
