CustomerID,Age,Region,TenureMonths,ContractType,InternetType,MonthlyUsageGB,MonthlyChargeEGP,NumServices,SupportCalls6M,LatePayments12M,PaperlessBilling,AutoPay,SatisfactionScore,Future12MRevenueEGP,Churn,TenureGroups,SupportCallsPerTenure,LatePaymentRate,UsagePerService,ChargePerService,EstimatedAnnualCharge,EstimatedTotalCharge,HighValueCustomer,SupportSatisfactionInteraction
CUST-00001,22,Alexandria,23,Month-to-month,DSL,317.9,580.48,5,5,0,Yes,Yes,5.0,6287.08,Yes,2 Years,0.22,0.0,63.58,116.1,6965.76,13351.04,1,0.0
CUST-00002,59,Upper Egypt,9,Month-to-month,4G/5G,359.3,434.36,1,1,1,No,Yes,4.0,4619.91,No,<= Year,0.11,8.333333333333332,359.3,434.36,5212.32,3909.2400000000002,0,1.0
CUST-00003,52,Giza,21,Month-to-month,DSL,176.9,391.35,3,5,1,Yes,Yes,5.0,4512.25,No,2 Years,0.24,8.333333333333332,58.97,130.45,4696.200000000001,8218.35,0,0.0
CUST-00004,41,Giza,12,Month-to-month,DSL,312.5,420.4,3,2,1,No,Yes,5.0,3809.65,No,<= Year,0.17,8.333333333333332,104.17,140.13,5044.799999999999,5044.799999999999,0,0.0
CUST-00005,40,Delta,21,Month-to-month,4G/5G,191.6,462.73,3,4,0,No,Yes,3.0,4731.09,No,2 Years,0.19,0.0,63.87,154.24,5552.76,9717.33,0,8.0
CUST-00006,63,Giza,14,One year,4G/5G,283.6,444.27,3,2,0,No,Yes,4.0,5089.9,No,2 Years,0.14,0.0,94.53,148.09,5331.24,6219.78,0,2.0
CUST-00007,22,Delta,21,Month-to-month,Fiber,348.0,420.33,1,2,3,Yes,Yes,2.0,3920.17,Yes,2 Years,0.1,25.0,348.0,420.33,5043.96,8826.93,0,6.0
CUST-00008,54,Giza,54,One year,Fiber,158.5,440.98,4,2,0,Yes,No,3.0,6792.27,No,5 Years,0.04,0.0,39.62,110.24,5291.76,23812.920000000002,0,4.0
CUST-00009,28,Cairo,37,Two year,DSL,63.0,247.01,1,3,0,Yes,Yes,4.0,3994.31,No,4 Years,0.08,0.0,63.0,247.01,2964.12,9139.369999999999,0,3.0
CUST-00010,22,Delta,19,One year,4G/5G,396.3,354.51,1,0,1,Yes,No,4.0,3973.85,No,2 Years,0.0,8.333333333333332,396.3,354.51,4254.12,6735.69,0,0.0
CUST-00011,45,Cairo,49,Month-to-month,DSL,273.9,487.28,4,0,0,Yes,No,4.0,5012.26,Yes,5 Years,0.0,0.0,68.47,121.82,5847.36,23876.719999999998,1,0.0
CUST-00012,69,Cairo,28,One year,Fiber,220.4,594.01,6,2,1,Yes,No,5.0,6977.46,No,3 Years,0.07,8.333333333333332,36.73,99.0,7128.12,16632.28,1,0.0
CUST-00013,56,Alexandria,47,Month-to-month,DSL,215.4,520.8,5,2,1,Yes,Yes,3.0,5305.41,Yes,4 Years,0.04,8.333333333333332,43.08,104.16,6249.599999999999,24477.6,1,4.0
CUST-00014,58,Delta,6,Month-to-month,Fiber,41.3,470.19,3,1,1,Yes,No,5.0,4045.24,No,<= Year,0.17,8.333333333333332,13.77,156.73,5642.28,2821.14,0,0.0
CUST-00015,56,Upper Egypt,9,Month-to-month,Fiber,248.8,466.77,3,3,1,Yes,Yes,4.0,4779.61,No,<= Year,0.33,8.333333333333332,82.93,155.59,5601.24,4200.93,0,3.0
CUST-00016,59,Cairo,25,Two year,Fiber,182.2,422.92,3,1,0,Yes,Yes,2.0,4610.16,No,3 Years,0.04,0.0,60.73,140.97,5075.04,10573.0,0,3.0
CUST-00017,45,Cairo,19,One year,Fiber,234.7,427.18,1,2,0,Yes,Yes,3.0,4400.93,No,2 Years,0.11,0.0,234.7,427.18,5126.16,8116.42,0,4.0
CUST-00018,24,Upper Egypt,21,Two year,DSL,232.7,523.67,4,2,0,Yes,No,4.0,7861.11,No,2 Years,0.1,0.0,58.18,130.92,6284.039999999999,10997.07,1,2.0
CUST-00019,62,Cairo,32,One year,Fiber,228.7,322.12,1,2,2,Yes,Yes,3.0,3671.12,No,3 Years,0.06,16.666666666666664,228.7,322.12,3865.44,10307.84,0,4.0
CUST-00020,41,Cairo,25,Month-to-month,Fiber,274.1,593.56,5,4,0,No,Yes,2.0,6482.5,No,3 Years,0.16,0.0,54.82,118.71,7122.719999999999,14838.999999999998,1,12.0
CUST-00021,44,Cairo,39,Two year,DSL,247.0,389.23,3,3,0,Yes,No,2.0,4848.02,No,4 Years,0.08,0.0,82.33,129.74,4670.76,15179.970000000001,0,9.0
CUST-00022,37,Alexandria,38,Two year,Fiber,259.1,485.22,3,9,0,No,Yes,3.0,5539.92,No,4 Years,0.24,0.0,86.37,161.74,5822.64,18438.36,1,18.0
CUST-00023,27,Upper Egypt,10,Month-to-month,Fiber,213.5,482.87,3,1,1,No,No,3.0,4236.89,No,<= Year,0.1,8.333333333333332,71.17,160.96,5794.4400000000005,4828.7,0,2.0
CUST-00024,67,Delta,2,Two year,Fiber,234.4,289.17,1,3,1,Yes,Yes,5.0,5128.5,No,<= Year,1.5,8.333333333333332,234.4,289.17,3470.04,578.34,0,0.0
CUST-00025,59,Delta,9,Two year,Fiber,245.6,389.24,2,3,2,Yes,No,1.0,4147.87,Yes,<= Year,0.33,16.666666666666664,122.8,194.62,4670.88,3503.16,0,12.0
CUST-00026,52,Cairo,8,Month-to-month,DSL,254.7,440.58,2,2,2,No,Yes,4.0,5083.23,No,<= Year,0.25,16.666666666666664,127.35,220.29,5286.96,3524.64,0,2.0
CUST-00027,39,Giza,22,Month-to-month,Fiber,272.8,685.07,6,4,4,No,Yes,4.0,6597.64,Yes,2 Years,0.18,33.33333333333333,45.47,114.18,8220.84,15071.54,1,4.0
CUST-00028,61,Giza,22,Month-to-month,Fiber,255.4,459.55,1,0,1,Yes,Yes,2.0,4525.36,No,2 Years,0.0,8.333333333333332,255.4,459.55,5514.6,10110.1,0,0.0
CUST-00029,46,Cairo,18,One year,Fiber,396.5,501.52,1,3,1,No,Yes,3.0,5550.31,No,2 Years,0.17,8.333333333333332,396.5,501.52,6018.24,9027.36,1,6.0
CUST-00030,41,Cairo,29,Month-to-month,Fiber,164.7,395.39,2,1,3,No,Yes,3.0,3380.26,Yes,3 Years,0.03,25.0,82.35,197.7,4744.68,11466.31,0,2.0
CUST-00031,41,Cairo,72,Month-to-month,Fiber,196.3,463.22,3,4,3,No,Yes,3.0,4889.6,No,6 Years,0.06,25.0,65.43,154.41,5558.64,33351.840000000004,0,8.0
CUST-00032,30,Cairo,18,One year,Fiber,382.4,658.46,4,4,0,Yes,Yes,4.0,8431.1,No,2 Years,0.22,0.0,95.6,164.62,7901.52,11852.28,1,4.0
CUST-00033,22,Alexandria,26,Two year,Fiber,216.1,528.84,3,2,0,Yes,Yes,4.0,7138.23,Yes,3 Years,0.08,0.0,72.03,176.28,6346.08,13749.84,1,2.0
CUST-00034,47,Delta,21,Two year,Fiber,313.8,633.57,4,1,0,Yes,Yes,3.0,8584.76,Yes,2 Years,0.05,0.0,78.45,158.39,7602.84,13304.970000000001,1,2.0
CUST-00035,65,Cairo,13,One year,4G/5G,242.2,511.29,4,2,0,Yes,Yes,2.0,5800.84,No,2 Years,0.15,0.0,60.55,127.82,6135.4800000000005,6646.77,1,6.0
CUST-00036,21,Giza,32,Month-to-month,Fiber,209.5,437.45,2,3,0,Yes,No,4.0,5552.43,No,3 Years,0.09,0.0,104.75,218.72,5249.4,13998.4,0,3.0
CUST-00037,63,Delta,17,Month-to-month,Fiber,318.8,402.07,1,3,0,Yes,Yes,3.0,4195.78,No,2 Years,0.18,0.0,318.8,402.07,4824.84,6835.19,0,6.0
CUST-00038,61,Delta,11,One year,DSL,276.7,542.19,5,2,1,No,No,3.0,7225.84,No,<= Year,0.18,8.333333333333332,55.34,108.44,6506.280000000001,5964.09,1,4.0
CUST-00039,32,Delta,12,Month-to-month,Fiber,91.9,567.23,6,2,1,Yes,Yes,4.0,5154.9,No,<= Year,0.17,8.333333333333332,15.32,94.54,6806.76,6806.76,1,2.0
CUST-00040,51,Giza,40,One year,4G/5G,245.6,344.22,1,2,0,Yes,Yes,3.0,4302.55,No,4 Years,0.05,0.0,245.6,344.22,4130.64,13768.800000000001,0,4.0
CUST-00041,26,Delta,31,Two year,Fiber,140.4,614.57,6,2,2,Yes,Yes,4.0,8426.99,No,3 Years,0.06,16.666666666666664,23.4,102.43,7374.84,19051.670000000002,1,2.0
CUST-00042,58,Cairo,14,One year,Fiber,344.4,675.64,6,5,1,No,Yes,5.0,8055.16,No,2 Years,0.36,8.333333333333332,57.4,112.61,8107.68,9458.96,1,0.0
CUST-00043,55,Giza,29,One year,4G/5G,387.8,665.89,5,3,1,No,No,4.0,8109.17,No,3 Years,0.1,8.333333333333332,77.56,133.18,7990.68,19310.81,1,3.0
CUST-00044,36,Cairo,21,One year,Fiber,398.7,533.93,4,6,1,Yes,Yes,5.0,5987.69,No,2 Years,0.29,8.333333333333332,99.68,133.48,6407.16,11212.529999999999,1,0.0
CUST-00045,21,Giza,26,Two year,Fiber,262.2,523.19,3,2,1,Yes,No,4.0,6696.89,No,3 Years,0.08,8.333333333333332,87.4,174.4,6278.280000000001,13602.940000000002,1,2.0
CUST-00046,69,Giza,13,Month-to-month,DSL,188.5,405.92,4,3,0,Yes,No,4.0,3790.53,No,2 Years,0.23,0.0,47.12,101.48,4871.04,5276.96,0,3.0
CUST-00047,41,Cairo,9,Month-to-month,4G/5G,259.0,306.77,1,1,1,Yes,Yes,4.0,3097.9,No,<= Year,0.11,8.333333333333332,259.0,306.77,3681.24,2760.93,0,1.0
CUST-00048,65,Delta,17,Month-to-month,Fiber,145.4,363.34,2,3,3,No,No,4.0,3421.12,No,2 Years,0.18,25.0,72.7,181.67,4360.08,6176.78,0,3.0
CUST-00049,53,Cairo,10,One year,DSL,441.1,523.51,3,2,1,No,Yes,4.0,5937.15,No,<= Year,0.2,8.333333333333332,147.03,174.5,6282.12,5235.1,1,2.0
CUST-00050,59,Cairo,9,Month-to-month,Fiber,337.5,464.08,4,2,2,Yes,No,4.0,4793.32,Yes,<= Year,0.22,16.666666666666664,84.38,116.02,5568.96,4176.72,0,2.0
CUST-00051,58,Cairo,6,Month-to-month,DSL,257.4,382.09,2,2,0,Yes,Yes,2.0,3287.07,No,<= Year,0.33,0.0,128.7,191.04,4585.08,2292.54,0,6.0
CUST-00052,28,Giza,2,One year,Fiber,319.7,529.0,3,0,2,Yes,Yes,2.0,4969.97,No,<= Year,0.0,16.666666666666664,106.57,176.33,6348.0,1058.0,1,0.0
CUST-00053,37,Cairo,15,Month-to-month,DSL,185.7,457.22,5,1,3,Yes,Yes,4.0,4117.41,Yes,2 Years,0.07,25.0,37.14,91.44,5486.64,6858.3,0,1.0
CUST-00054,42,Giza,45,One year,Fiber,130.3,629.53,6,2,5,Yes,No,2.0,7954.67,No,4 Years,0.04,41.66666666666667,21.72,104.92,7554.36,28328.85,1,6.0
CUST-00055,44,Cairo,38,Month-to-month,DSL,30.8,384.98,5,3,2,Yes,Yes,4.0,4142.85,No,4 Years,0.08,16.666666666666664,6.16,77.0,4619.76,14629.240000000002,0,3.0
CUST-00056,20,Delta,60,Month-to-month,Fiber,237.5,382.83,1,1,1,No,No,5.0,3802.51,No,5 Years,0.02,8.333333333333332,237.5,382.83,4593.96,22969.8,0,0.0
CUST-00057,46,Upper Egypt,9,Month-to-month,DSL,211.3,396.48,4,3,3,Yes,No,3.0,3896.29,Yes,<= Year,0.33,25.0,52.82,99.12,4757.76,3568.32,0,6.0
CUST-00058,26,Giza,33,Month-to-month,DSL,276.7,547.93,3,0,2,Yes,Yes,5.0,5433.24,No,3 Years,0.0,16.666666666666664,92.23,182.64,6575.16,18081.69,1,0.0
CUST-00059,57,Alexandria,19,Two year,4G/5G,231.2,555.22,4,3,2,Yes,No,4.0,7318.63,No,2 Years,0.16,16.666666666666664,57.8,138.8,6662.64,10549.18,1,3.0
CUST-00060,54,Upper Egypt,12,Two year,4G/5G,272.6,592.16,5,0,0,No,Yes,4.0,8166.52,No,<= Year,0.0,0.0,54.52,118.43,7105.92,7105.92,1,0.0
CUST-00061,66,Upper Egypt,41,One year,Fiber,303.0,412.6,2,6,0,No,No,4.0,5266.26,No,4 Years,0.15,0.0,151.5,206.3,4951.200000000001,16916.600000000002,0,6.0
CUST-00062,57,Alexandria,19,One year,DSL,98.6,407.31,4,1,3,No,Yes,3.0,4683.68,No,2 Years,0.05,25.0,24.65,101.83,4887.72,7738.89,0,2.0
CUST-00063,37,Upper Egypt,4,One year,Fiber,308.2,674.24,6,2,1,Yes,No,2.0,8354.31,Yes,<= Year,0.5,8.333333333333332,51.37,112.37,8090.88,2696.96,1,6.0
CUST-00064,69,Upper Egypt,37,Two year,4G/5G,193.4,506.8,4,0,1,Yes,No,2.0,6812.71,No,4 Years,0.0,8.333333333333332,48.35,126.7,6081.6,18751.600000000002,1,0.0
CUST-00065,39,Delta,28,Month-to-month,DSL,276.6,512.02,4,2,0,No,Yes,3.0,5260.2,No,3 Years,0.07,0.0,69.15,128.0,6144.24,14336.56,1,4.0
CUST-00066,35,Giza,23,Month-to-month,Fiber,322.0,704.73,6,3,2,No,No,5.0,6930.25,No,2 Years,0.13,16.666666666666664,53.67,117.46,8456.76,16208.79,1,0.0
CUST-00067,65,Cairo,8,One year,Fiber,322.6,436.42,1,2,1,Yes,No,2.0,4768.18,No,<= Year,0.25,8.333333333333332,322.6,436.42,5237.04,3491.36,0,6.0
CUST-00068,37,Cairo,25,Two year,4G/5G,241.6,447.48,3,1,1,Yes,No,2.0,5209.0,No,3 Years,0.04,8.333333333333332,80.53,149.16,5369.76,11187.0,0,3.0
CUST-00069,22,Giza,55,Month-to-month,4G/5G,246.1,477.34,3,0,1,Yes,No,3.0,5184.58,No,5 Years,0.0,8.333333333333332,82.03,159.11,5728.08,26253.699999999997,0,0.0
CUST-00070,42,Giza,27,Month-to-month,4G/5G,310.3,337.82,1,5,2,Yes,No,3.0,3911.43,No,3 Years,0.19,16.666666666666664,310.3,337.82,4053.84,9121.14,0,10.0
CUST-00071,60,Giza,5,Month-to-month,DSL,94.9,307.57,3,0,2,Yes,Yes,4.0,3216.36,No,<= Year,0.0,16.666666666666664,31.63,102.52,3690.84,1537.85,0,0.0
CUST-00072,28,Alexandria,28,Month-to-month,Fiber,144.4,726.49,6,3,0,Yes,No,3.0,7434.61,No,3 Years,0.11,0.0,24.07,121.08,8717.880000000001,20341.72,1,6.0
CUST-00073,42,Alexandria,27,One year,4G/5G,204.9,575.73,5,4,2,Yes,No,3.0,6270.04,No,3 Years,0.15,16.666666666666664,40.98,115.15,6908.76,15544.710000000001,1,8.0
CUST-00074,24,Delta,35,Month-to-month,DSL,110.0,361.15,1,3,0,Yes,Yes,3.0,3527.11,No,3 Years,0.09,0.0,110.0,361.15,4333.799999999999,12640.25,0,6.0
CUST-00075,54,Cairo,27,Two year,DSL,205.5,558.0,6,2,2,Yes,Yes,3.0,6561.98,No,3 Years,0.07,16.666666666666664,34.25,93.0,6696.0,15066.0,1,4.0
CUST-00076,43,Cairo,9,One year,DSL,200.6,648.83,5,0,1,Yes,Yes,3.0,7391.5,No,<= Year,0.0,8.333333333333332,40.12,129.77,7785.960000000001,5839.47,1,0.0
CUST-00077,35,Delta,22,Month-to-month,DSL,237.8,589.76,6,1,2,Yes,No,3.0,6112.57,No,2 Years,0.05,16.666666666666664,39.63,98.29,7077.12,12974.72,1,2.0
CUST-00078,30,Delta,17,One year,DSL,224.9,368.48,1,6,3,Yes,No,5.0,4027.64,No,2 Years,0.35,25.0,224.9,368.48,4421.76,6264.16,0,0.0
CUST-00079,47,Upper Egypt,24,One year,DSL,228.7,620.78,6,1,0,Yes,No,3.0,7328.79,No,2 Years,0.04,0.0,38.12,103.46,7449.36,14898.72,1,2.0
CUST-00080,53,Upper Egypt,42,Month-to-month,4G/5G,281.6,371.07,1,1,1,Yes,Yes,3.0,4139.3,No,4 Years,0.02,8.333333333333332,281.6,371.07,4452.84,15584.94,0,2.0
CUST-00081,67,Upper Egypt,12,Month-to-month,4G/5G,223.6,333.63,1,2,2,Yes,Yes,4.0,3606.48,No,<= Year,0.17,16.666666666666664,223.6,333.63,4003.56,4003.56,0,2.0
CUST-00082,41,Cairo,66,Two year,Fiber,200.0,453.9,3,4,2,Yes,Yes,4.0,5373.49,No,6 Years,0.06,16.666666666666664,66.67,151.3,5446.799999999999,29957.399999999998,0,4.0
CUST-00083,26,Giza,28,Month-to-month,Fiber,225.7,654.69,5,3,0,Yes,No,1.0,6133.36,No,3 Years,0.11,0.0,45.14,130.94,7856.280000000001,18331.32,1,12.0
CUST-00084,62,Cairo,38,Month-to-month,DSL,227.3,580.89,6,4,4,Yes,No,4.0,5214.92,No,4 Years,0.11,33.33333333333333,37.88,96.82,6970.68,22073.82,1,4.0
CUST-00085,51,Alexandria,34,Month-to-month,Fiber,456.7,604.22,4,4,0,No,No,4.0,5750.94,Yes,3 Years,0.12,0.0,114.18,151.06,7250.64,20543.48,1,4.0
CUST-00086,55,Upper Egypt,28,Month-to-month,DSL,98.8,307.26,1,1,1,No,Yes,4.0,3063.63,No,3 Years,0.04,8.333333333333332,98.8,307.26,3687.12,8603.279999999999,0,1.0
CUST-00087,23,Giza,31,One year,4G/5G,146.6,663.51,6,1,1,Yes,No,3.0,6903.03,No,3 Years,0.03,8.333333333333332,24.43,110.58,7962.12,20568.81,1,2.0
CUST-00088,34,Alexandria,1,Month-to-month,Fiber,133.4,423.87,2,3,1,Yes,No,4.0,4027.01,No,,3.0,8.333333333333332,66.7,211.94,5086.4400000000005,423.87,0,3.0
CUST-00089,58,Cairo,34,One year,Fiber,254.2,528.51,5,4,1,Yes,No,4.0,6367.3,No,3 Years,0.12,8.333333333333332,50.84,105.7,6342.12,17969.34,1,4.0
CUST-00090,62,Cairo,10,Month-to-month,4G/5G,250.7,387.64,2,1,3,No,No,3.0,3148.93,No,<= Year,0.1,25.0,125.35,193.82,4651.68,3876.3999999999996,0,2.0
CUST-00091,41,Cairo,20,Two year,4G/5G,178.4,486.41,4,4,2,Yes,Yes,4.0,6073.69,No,2 Years,0.2,16.666666666666664,44.6,121.6,5836.92,9728.2,1,4.0
CUST-00092,60,Cairo,27,Month-to-month,Fiber,310.7,413.73,1,2,0,Yes,No,4.0,4336.31,No,3 Years,0.07,0.0,310.7,413.73,4964.76,11170.710000000001,0,2.0
CUST-00093,62,Upper Egypt,44,Two year,Fiber,263.3,742.55,6,4,0,Yes,Yes,3.0,9780.99,No,4 Years,0.09,0.0,43.88,123.76,8910.599999999999,32672.199999999997,1,8.0
CUST-00094,38,Giza,10,Two year,Fiber,314.4,476.98,1,1,2,Yes,No,5.0,5467.17,No,<= Year,0.1,16.666666666666664,314.4,476.98,5723.76,4769.8,0,0.0
CUST-00095,65,Delta,15,Month-to-month,Fiber,338.3,690.59,6,2,0,Yes,No,4.0,7174.02,Yes,2 Years,0.13,0.0,56.38,115.1,8287.08,10358.85,1,2.0
CUST-00096,33,Delta,17,One year,DSL,38.2,643.17,6,3,0,Yes,No,2.0,7825.93,Yes,2 Years,0.18,0.0,6.37,107.2,7718.039999999999,10933.89,1,9.0
CUST-00097,30,Cairo,24,Month-to-month,Fiber,291.7,386.66,1,3,1,Yes,Yes,5.0,3705.06,No,2 Years,0.12,8.333333333333332,291.7,386.66,4639.92,9279.84,0,0.0
CUST-00098,54,Cairo,17,Two year,Fiber,113.9,543.56,5,0,6,Yes,No,3.0,7263.67,No,2 Years,0.0,50.0,22.78,108.71,6522.719999999999,9240.519999999999,1,0.0
CUST-00099,51,Delta,31,One year,DSL,252.4,365.85,3,3,2,Yes,Yes,4.0,4606.89,No,3 Years,0.1,16.666666666666664,84.13,121.95,4390.200000000001,11341.35,0,3.0
CUST-00100,25,Cairo,4,Month-to-month,DSL,223.4,274.15,2,1,0,No,No,4.0,3046.14,Yes,<= Year,0.25,0.0,111.7,137.07,3289.7999999999997,1096.6,0,1.0
CUST-00101,62,Upper Egypt,19,Month-to-month,DSL,227.3,296.46,2,2,3,Yes,No,1.0,2957.27,Yes,2 Years,0.11,25.0,113.65,148.23,3557.5199999999995,5632.74,0,8.0
CUST-00102,28,Cairo,58,Month-to-month,Fiber,121.6,451.95,2,2,3,Yes,Yes,4.0,4075.38,No,5 Years,0.03,25.0,60.8,225.98,5423.4,26213.1,0,2.0
CUST-00103,60,Alexandria,17,One year,Fiber,322.7,733.43,6,2,1,Yes,No,3.0,8338.99,No,2 Years,0.12,8.333333333333332,53.78,122.24,8801.16,12468.31,1,4.0
CUST-00104,18,Delta,28,One year,Fiber,228.7,289.67,1,2,1,Yes,No,3.0,3825.4,No,3 Years,0.07,8.333333333333332,228.7,289.67,3476.04,8110.76,0,4.0
CUST-00105,60,Cairo,39,Month-to-month,4G/5G,297.5,483.56,3,1,1,No,No,3.0,4502.13,Yes,4 Years,0.03,8.333333333333332,99.17,161.19,5802.72,18858.84,0,2.0
CUST-00106,59,Cairo,28,Month-to-month,Fiber,101.1,487.79,3,3,2,Yes,Yes,4.0,4667.07,No,3 Years,0.11,16.666666666666664,33.7,162.6,5853.4800000000005,13658.12,1,3.0
CUST-00107,59,Upper Egypt,69,Month-to-month,DSL,228.4,304.95,3,1,3,Yes,No,3.0,3409.83,No,6 Years,0.01,25.0,76.13,101.65,3659.3999999999996,21041.55,0,2.0
CUST-00108,53,Cairo,23,One year,DSL,392.4,521.58,2,0,0,No,No,5.0,6537.88,No,2 Years,0.0,0.0,196.2,260.79,6258.960000000001,11996.34,1,0.0
CUST-00109,42,Giza,32,Month-to-month,4G/5G,442.5,646.06,4,1,0,No,No,2.0,6376.52,No,3 Years,0.03,0.0,110.62,161.51,7752.719999999999,20673.92,1,3.0
CUST-00110,55,Giza,25,Month-to-month,Fiber,84.3,646.62,6,0,2,No,Yes,4.0,6325.5,No,3 Years,0.0,16.666666666666664,14.05,107.77,7759.4400000000005,16165.5,1,0.0
CUST-00111,32,Cairo,51,Two year,Fiber,166.6,644.42,5,4,1,Yes,No,4.0,8438.65,No,5 Years,0.08,8.333333333333332,33.32,128.88,7733.039999999999,32865.42,1,4.0
CUST-00112,59,Delta,16,Month-to-month,4G/5G,183.0,267.24,2,0,1,Yes,Yes,4.0,3185.12,No,2 Years,0.0,8.333333333333332,91.5,133.62,3206.88,4275.84,0,0.0
CUST-00113,47,Delta,72,One year,Fiber,433.0,722.5,6,2,1,No,No,4.0,9670.34,No,6 Years,0.03,8.333333333333332,72.17,120.42,8670.0,52020.0,1,2.0
CUST-00114,42,Giza,13,Month-to-month,DSL,223.9,484.27,3,2,3,Yes,Yes,3.0,4669.5,No,2 Years,0.15,25.0,74.63,161.42,5811.24,6295.51,0,4.0
CUST-00115,44,Delta,62,Month-to-month,Fiber,326.7,473.77,2,1,3,No,Yes,3.0,5261.37,No,6 Years,0.02,25.0,163.35,236.88,5685.24,29373.739999999998,0,2.0
CUST-00116,48,Cairo,9,One year,4G/5G,257.0,613.5,5,2,1,Yes,Yes,2.0,6828.73,No,<= Year,0.22,8.333333333333332,51.4,122.7,7362.0,5521.5,1,6.0
CUST-00117,19,Cairo,33,Month-to-month,DSL,122.1,621.04,6,0,0,No,No,3.0,5911.2,No,3 Years,0.0,0.0,20.35,103.51,7452.48,20494.32,1,0.0
CUST-00118,25,Alexandria,21,Month-to-month,Fiber,62.6,412.49,2,2,1,Yes,No,2.0,3671.26,No,2 Years,0.1,8.333333333333332,31.3,206.24,4949.88,8662.29,0,6.0
CUST-00119,31,Upper Egypt,39,Two year,4G/5G,174.8,362.26,2,2,2,No,No,2.0,4262.73,No,4 Years,0.05,16.666666666666664,87.4,181.13,4347.12,14128.14,0,6.0
CUST-00120,24,Cairo,29,Two year,DSL,438.5,638.3,5,2,2,No,Yes,5.0,8178.9,No,3 Years,0.07,16.666666666666664,87.7,127.66,7659.599999999999,18510.699999999997,1,0.0
CUST-00121,41,Cairo,37,One year,DSL,253.2,334.31,3,2,1,No,Yes,2.0,4414.71,No,4 Years,0.05,8.333333333333332,84.4,111.44,4011.7200000000003,12369.47,0,6.0
CUST-00122,53,Giza,9,Month-to-month,Fiber,324.9,665.43,5,5,4,No,Yes,5.0,6724.74,No,<= Year,0.56,33.33333333333333,64.98,133.09,7985.16,5988.87,1,0.0
CUST-00123,52,Delta,5,Month-to-month,Fiber,102.4,485.13,3,4,0,No,No,2.0,4496.44,Yes,<= Year,0.8,0.0,34.13,161.71,5821.5599999999995,2425.65,1,12.0
CUST-00124,42,Cairo,8,Month-to-month,DSL,200.7,304.58,1,1,0,Yes,Yes,2.0,2905.1,Yes,<= Year,0.12,0.0,200.7,304.58,3654.96,2436.64,0,3.0
CUST-00125,63,Giza,7,Two year,Fiber,300.1,582.92,3,2,1,Yes,No,2.0,7368.93,No,<= Year,0.29,8.333333333333332,100.03,194.31,6995.039999999999,4080.4399999999996,1,6.0
CUST-00126,47,Delta,9,One year,4G/5G,131.8,595.41,6,0,0,No,Yes,2.0,7026.53,No,<= Year,0.0,0.0,21.97,99.24,7144.92,5358.69,1,0.0
CUST-00127,22,Giza,13,Month-to-month,Fiber,224.2,663.29,6,2,1,No,No,4.0,6757.46,No,2 Years,0.15,8.333333333333332,37.37,110.55,7959.48,8622.77,1,2.0
CUST-00128,58,Cairo,13,Two year,DSL,150.8,488.09,3,0,0,Yes,Yes,4.0,6296.75,No,2 Years,0.0,0.0,50.27,162.7,5857.08,6345.17,1,0.0
CUST-00129,48,Cairo,22,Month-to-month,Fiber,304.4,577.98,5,4,1,Yes,Yes,3.0,5569.73,No,2 Years,0.18,8.333333333333332,60.88,115.6,6935.76,12715.560000000001,1,8.0
CUST-00130,51,Giza,11,One year,DSL,265.9,397.6,1,4,0,No,Yes,5.0,5549.5,No,<= Year,0.36,0.0,265.9,397.6,4771.200000000001,4373.6,0,0.0
CUST-00131,47,Giza,12,Month-to-month,Fiber,291.5,532.98,2,2,0,Yes,Yes,3.0,5163.37,No,<= Year,0.17,0.0,145.75,266.49,6395.76,6395.76,1,4.0
CUST-00132,47,Upper Egypt,18,Month-to-month,Fiber,308.4,678.68,5,0,1,Yes,Yes,4.0,6403.89,No,2 Years,0.0,8.333333333333332,61.68,135.74,8144.16,12216.24,1,0.0
CUST-00133,22,Alexandria,42,Two year,Fiber,209.5,352.37,1,2,1,Yes,No,3.0,4709.03,No,4 Years,0.05,8.333333333333332,209.5,352.37,4228.4400000000005,14799.54,0,4.0
CUST-00134,47,Delta,15,Two year,DSL,320.3,580.56,5,3,3,No,No,3.0,7295.54,No,2 Years,0.2,25.0,64.06,116.11,6966.719999999999,8708.4,1,6.0
CUST-00135,60,Upper Egypt,21,Month-to-month,Fiber,176.9,592.99,6,6,0,Yes,Yes,3.0,5202.0,Yes,2 Years,0.29,0.0,29.48,98.83,7115.88,12452.79,1,12.0
CUST-00136,34,Giza,23,Month-to-month,4G/5G,286.3,332.88,1,2,0,Yes,No,4.0,3351.13,No,2 Years,0.09,0.0,286.3,332.88,3994.56,7656.24,0,2.0
CUST-00137,49,Giza,10,One year,Fiber,52.6,487.22,4,3,0,Yes,Yes,4.0,6054.86,No,<= Year,0.3,0.0,13.15,121.8,5846.64,4872.200000000001,1,3.0
CUST-00138,19,Upper Egypt,17,Month-to-month,DSL,162.8,343.28,3,0,2,Yes,No,5.0,4400.08,No,2 Years,0.0,16.666666666666664,54.27,114.43,4119.36,5835.759999999999,0,0.0
CUST-00139,36,Cairo,12,One year,DSL,438.4,538.77,4,3,0,No,Yes,3.0,6139.3,No,<= Year,0.25,0.0,109.6,134.69,6465.24,6465.24,1,6.0
CUST-00140,41,Delta,40,One year,Fiber,285.0,617.69,6,0,2,Yes,Yes,4.0,7631.69,No,4 Years,0.0,16.666666666666664,47.5,102.95,7412.280000000001,24707.600000000002,1,0.0
CUST-00141,70,Delta,38,Month-to-month,Fiber,285.0,439.22,1,3,2,Yes,No,4.0,4501.73,No,4 Years,0.08,16.666666666666664,285.0,439.22,5270.64,16690.36,0,3.0
CUST-00142,29,Cairo,11,Month-to-month,Fiber,155.8,664.14,5,4,1,Yes,Yes,4.0,7013.36,Yes,<= Year,0.36,8.333333333333332,31.16,132.83,7969.68,7305.54,1,4.0
CUST-00143,32,Giza,20,Month-to-month,DSL,131.5,445.81,2,2,2,Yes,Yes,3.0,4034.29,Yes,2 Years,0.1,16.666666666666664,65.75,222.9,5349.72,8916.2,0,4.0
CUST-00144,39,Cairo,32,Two year,4G/5G,206.2,441.52,4,3,3,No,No,2.0,6026.55,No,3 Years,0.09,25.0,51.55,110.38,5298.24,14128.64,0,9.0
CUST-00145,70,Cairo,27,Month-to-month,Fiber,224.0,442.92,3,3,0,No,No,4.0,5231.7,Yes,3 Years,0.11,0.0,74.67,147.64,5315.04,11958.84,0,3.0
CUST-00146,63,Giza,29,One year,DSL,402.3,535.13,4,1,1,Yes,No,4.0,7051.3,No,3 Years,0.03,8.333333333333332,100.58,133.78,6421.5599999999995,15518.77,1,1.0
CUST-00147,19,Cairo,10,Month-to-month,DSL,321.7,607.48,5,1,2,Yes,No,3.0,6418.31,Yes,<= Year,0.1,16.666666666666664,64.34,121.5,7289.76,6074.8,1,2.0
CUST-00148,30,Delta,60,One year,DSL,239.8,471.07,4,1,0,No,Yes,4.0,6019.51,No,5 Years,0.02,0.0,59.95,117.77,5652.84,28264.2,0,1.0
CUST-00149,61,Upper Egypt,13,Month-to-month,DSL,235.9,478.91,3,4,1,Yes,No,5.0,5110.85,No,2 Years,0.31,8.333333333333332,78.63,159.64,5746.92,6225.83,0,0.0
CUST-00150,21,Delta,13,Month-to-month,4G/5G,298.2,568.86,4,1,0,Yes,No,3.0,5440.76,No,2 Years,0.08,0.0,74.55,142.22,6826.32,7395.18,1,2.0
CUST-00151,63,Cairo,7,One year,DSL,111.3,336.34,4,0,1,No,Yes,2.0,2888.56,No,<= Year,0.0,8.333333333333332,27.82,84.08,4036.08,2354.3799999999997,0,0.0
CUST-00152,32,Cairo,19,One year,4G/5G,57.1,286.01,1,4,3,No,Yes,2.0,3296.32,No,2 Years,0.21,25.0,57.1,286.01,3432.12,5434.19,0,12.0
CUST-00153,66,Cairo,45,Month-to-month,Fiber,296.9,510.94,4,6,3,Yes,No,3.0,4875.0,Yes,4 Years,0.13,25.0,74.22,127.74,6131.28,22992.3,1,12.0
CUST-00154,33,Cairo,27,Month-to-month,4G/5G,236.5,430.04,3,2,0,Yes,No,3.0,4833.53,Yes,3 Years,0.07,0.0,78.83,143.35,5160.4800000000005,11611.08,0,4.0
CUST-00155,41,Upper Egypt,20,Two year,4G/5G,111.9,281.12,1,2,0,Yes,Yes,3.0,4236.27,No,2 Years,0.1,0.0,111.9,281.12,3373.44,5622.4,0,4.0
CUST-00156,53,Giza,36,Month-to-month,4G/5G,228.7,482.77,4,3,0,No,No,3.0,4460.71,Yes,3 Years,0.08,0.0,57.18,120.69,5793.24,17379.72,0,6.0
CUST-00157,24,Cairo,45,Month-to-month,Fiber,310.4,582.58,4,2,0,Yes,Yes,3.0,6970.59,No,4 Years,0.04,0.0,77.6,145.65,6990.960000000001,26216.100000000002,1,4.0
CUST-00158,47,Delta,38,Month-to-month,Fiber,183.1,525.15,5,2,0,Yes,Yes,4.0,5600.11,No,4 Years,0.05,0.0,36.62,105.03,6301.799999999999,19955.7,1,2.0
CUST-00159,44,Giza,3,Month-to-month,Fiber,266.0,627.58,3,3,1,Yes,No,3.0,5451.3,Yes,<= Year,1.0,8.333333333333332,88.67,209.19,7530.960000000001,1882.7400000000002,1,6.0
CUST-00160,59,Cairo,36,One year,DSL,206.3,475.43,5,2,0,Yes,Yes,5.0,5428.03,No,3 Years,0.06,0.0,41.26,95.09,5705.16,17115.48,0,0.0
CUST-00161,70,Cairo,30,One year,Fiber,226.9,458.25,2,1,2,Yes,Yes,4.0,4459.07,No,3 Years,0.03,16.666666666666664,113.45,229.12,5499.0,13747.5,0,1.0
CUST-00162,53,Alexandria,11,Month-to-month,DSL,176.7,495.02,4,1,0,No,No,4.0,5352.04,Yes,<= Year,0.09,0.0,44.18,123.76,5940.24,5445.219999999999,1,1.0
CUST-00163,39,Delta,30,One year,Fiber,228.7,670.18,6,2,3,Yes,Yes,3.0,7412.53,No,3 Years,0.07,25.0,38.12,111.7,8042.16,20105.399999999998,1,4.0
CUST-00164,39,Cairo,45,Month-to-month,Fiber,281.9,523.87,4,2,2,Yes,No,3.0,4790.25,No,4 Years,0.04,16.666666666666664,70.47,130.97,6286.4400000000005,23574.15,1,4.0
CUST-00165,40,Upper Egypt,14,One year,Fiber,205.2,546.9,5,1,2,Yes,No,4.0,6069.21,No,2 Years,0.07,16.666666666666664,41.04,109.38,6562.799999999999,7656.599999999999,1,1.0
CUST-00166,61,Delta,39,Month-to-month,Fiber,200.0,521.27,3,2,0,Yes,No,3.0,5178.82,No,4 Years,0.05,0.0,66.67,173.76,6255.24,20329.53,1,4.0
CUST-00167,35,Delta,27,Month-to-month,Fiber,284.7,686.78,5,1,2,Yes,No,3.0,6862.31,Yes,3 Years,0.04,16.666666666666664,56.94,137.36,8241.36,18543.059999999998,1,2.0
CUST-00168,26,Cairo,1,One year,4G/5G,290.7,643.69,6,3,1,Yes,No,3.0,6665.77,No,,3.0,8.333333333333332,48.45,107.28,7724.280000000001,643.69,1,6.0
CUST-00169,35,Cairo,21,Month-to-month,DSL,127.6,477.14,6,6,1,Yes,No,3.0,4229.63,No,2 Years,0.29,8.333333333333332,21.27,79.52,5725.68,10019.94,0,12.0
CUST-00170,19,Upper Egypt,26,Month-to-month,4G/5G,227.4,623.08,6,3,5,Yes,No,2.0,5831.25,No,3 Years,0.12,41.66666666666667,37.9,103.85,7476.960000000001,16200.080000000002,1,9.0
CUST-00171,23,Cairo,17,Month-to-month,4G/5G,182.9,468.9,2,2,1,Yes,Yes,5.0,4506.6,No,2 Years,0.12,8.333333333333332,91.45,234.45,5626.799999999999,7971.299999999999,0,0.0
CUST-00172,22,Alexandria,28,One year,Fiber,231.2,608.63,6,1,0,Yes,No,1.0,7347.4,No,3 Years,0.04,0.0,38.53,101.44,7303.5599999999995,17041.64,1,4.0
CUST-00173,58,Delta,19,Month-to-month,DSL,359.1,455.07,3,2,1,No,Yes,2.0,4190.58,Yes,2 Years,0.11,8.333333333333332,119.7,151.69,5460.84,8646.33,0,6.0
CUST-00174,56,Cairo,72,One year,DSL,262.3,603.96,6,3,1,No,Yes,4.0,8101.34,No,6 Years,0.04,8.333333333333332,43.72,100.66,7247.52,43485.12,1,3.0
CUST-00175,54,Delta,16,One year,Fiber,424.8,522.36,1,4,1,Yes,No,3.0,6206.16,No,2 Years,0.25,8.333333333333332,424.8,522.36,6268.32,8357.76,1,8.0
CUST-00176,42,Upper Egypt,11,One year,DSL,249.8,566.88,6,3,1,Yes,Yes,3.0,7141.17,No,<= Year,0.27,8.333333333333332,41.63,94.48,6802.5599999999995,6235.68,1,6.0
CUST-00177,56,Delta,38,Month-to-month,DSL,215.0,389.43,2,2,2,Yes,Yes,4.0,4188.03,No,4 Years,0.05,16.666666666666664,107.5,194.72,4673.16,14798.34,0,2.0
CUST-00178,26,Giza,18,One year,DSL,228.2,444.32,2,3,1,Yes,No,5.0,5662.2,No,2 Years,0.17,8.333333333333332,114.1,222.16,5331.84,7997.76,0,0.0
CUST-00179,65,Upper Egypt,20,Month-to-month,DSL,242.8,401.87,4,1,0,No,Yes,3.0,3762.93,No,2 Years,0.05,0.0,60.7,100.47,4822.4400000000005,8037.4,0,2.0
CUST-00180,44,Alexandria,19,Two year,Fiber,259.1,492.42,4,4,1,Yes,No,4.0,6985.73,No,2 Years,0.21,8.333333333333332,64.78,123.1,5909.04,9355.98,1,4.0
CUST-00181,67,Delta,37,One year,4G/5G,140.7,309.41,1,3,2,Yes,No,2.0,3732.2,No,4 Years,0.08,16.666666666666664,140.7,309.41,3712.92,11448.17,0,9.0
CUST-00182,26,Delta,9,Month-to-month,Fiber,209.0,599.43,4,3,1,Yes,No,3.0,5366.47,Yes,<= Year,0.33,8.333333333333332,52.25,149.86,7193.16,5394.87,1,6.0
CUST-00183,44,Delta,39,One year,4G/5G,228.7,562.02,5,1,0,No,Yes,4.0,5905.05,No,4 Years,0.03,0.0,45.74,112.4,6744.24,21918.78,1,1.0
CUST-00184,54,Cairo,31,Month-to-month,Fiber,322.7,592.53,3,2,1,Yes,Yes,5.0,6064.08,No,3 Years,0.06,8.333333333333332,107.57,197.51,7110.36,18368.43,1,0.0
CUST-00185,44,Cairo,66,Month-to-month,DSL,56.7,319.01,4,3,1,Yes,Yes,2.0,4054.44,No,6 Years,0.05,8.333333333333332,14.18,79.75,3828.12,21054.66,0,9.0
CUST-00186,41,Cairo,25,Month-to-month,DSL,228.7,612.87,6,3,1,Yes,No,2.0,5513.25,No,3 Years,0.12,8.333333333333332,38.12,102.14,7354.4400000000005,15321.75,1,9.0
CUST-00187,26,Giza,9,One year,Fiber,93.4,234.99,2,3,0,Yes,Yes,4.0,2592.28,No,<= Year,0.33,0.0,46.7,117.5,2819.88,2114.91,0,3.0
CUST-00188,38,Giza,25,One year,Fiber,268.9,531.25,2,0,3,Yes,Yes,4.0,5995.15,No,3 Years,0.0,25.0,134.45,265.62,6375.0,13281.25,1,0.0
CUST-00189,30,Alexandria,27,Two year,Fiber,194.1,715.23,6,0,0,Yes,Yes,3.0,9796.6,No,3 Years,0.0,0.0,32.35,119.2,8582.76,19311.21,1,0.0
CUST-00190,33,Giza,48,Month-to-month,DSL,66.5,233.28,1,2,1,Yes,No,2.0,1656.96,No,4 Years,0.04,8.333333333333332,66.5,233.28,2799.36,11197.44,0,6.0
CUST-00191,54,Delta,9,One year,4G/5G,314.8,308.68,2,2,1,Yes,Yes,3.0,3374.28,No,<= Year,0.22,8.333333333333332,157.4,154.34,3704.16,2778.12,0,4.0
CUST-00192,51,Upper Egypt,5,One year,Fiber,10.0,348.39,2,3,0,Yes,Yes,4.0,3822.25,No,<= Year,0.6,0.0,5.0,174.2,4180.68,1741.9499999999998,0,3.0
CUST-00193,50,Cairo,25,One year,DSL,227.2,593.81,5,2,1,No,Yes,3.0,7216.1,No,3 Years,0.08,8.333333333333332,45.44,118.76,7125.719999999999,14845.249999999998,1,4.0
CUST-00194,37,Delta,68,Month-to-month,4G/5G,292.2,394.88,1,0,2,No,Yes,5.0,4171.84,No,6 Years,0.0,16.666666666666664,292.2,394.88,4738.5599999999995,26851.84,0,0.0
CUST-00195,68,Alexandria,34,Month-to-month,Fiber,353.9,647.25,3,3,3,Yes,No,3.0,6012.32,Yes,3 Years,0.09,25.0,117.97,215.75,7767.0,22006.5,1,6.0
CUST-00196,22,Alexandria,36,One year,4G/5G,85.1,387.1,3,0,2,No,Yes,4.0,4585.46,No,3 Years,0.0,16.666666666666664,28.37,129.03,4645.200000000001,13935.6,0,0.0
CUST-00197,36,Cairo,7,Month-to-month,Fiber,183.6,482.48,1,1,1,No,Yes,4.0,5124.17,No,<= Year,0.14,8.333333333333332,183.6,482.48,5789.76,3377.36,0,1.0
CUST-00198,24,Delta,22,Month-to-month,Fiber,327.5,314.29,1,4,1,No,Yes,3.0,3696.47,Yes,2 Years,0.18,8.333333333333332,327.5,314.29,3771.4800000000005,6914.38,0,8.0
CUST-00199,35,Upper Egypt,49,Month-to-month,Fiber,333.6,496.06,3,4,3,Yes,No,4.0,5369.18,No,5 Years,0.08,25.0,111.2,165.35,5952.72,24306.94,1,4.0
CUST-00200,68,Delta,27,Month-to-month,Fiber,345.3,360.99,1,2,1,Yes,No,2.0,3832.78,No,3 Years,0.07,8.333333333333332,345.3,360.99,4331.88,9746.73,0,6.0
CUST-00201,37,Upper Egypt,5,Month-to-month,DSL,460.5,716.52,6,3,1,Yes,No,3.0,7494.42,No,<= Year,0.6,8.333333333333332,76.75,119.42,8598.24,3582.6,1,6.0
CUST-00202,66,Upper Egypt,22,Month-to-month,4G/5G,184.2,374.39,3,1,1,Yes,No,3.0,3335.1,Yes,2 Years,0.05,8.333333333333332,61.4,124.8,4492.68,8236.58,0,2.0
CUST-00203,44,Giza,33,One year,Fiber,263.5,456.52,1,2,1,Yes,Yes,4.0,5709.05,No,3 Years,0.06,8.333333333333332,263.5,456.52,5478.24,15065.16,0,2.0
CUST-00204,55,Alexandria,20,Two year,4G/5G,198.9,539.33,4,3,1,Yes,No,4.0,8107.72,No,2 Years,0.15,8.333333333333332,49.72,134.83,6471.960000000001,10786.6,1,3.0
CUST-00205,42,Giza,10,Month-to-month,Fiber,52.2,550.78,5,0,0,No,No,3.0,4618.74,Yes,<= Year,0.0,0.0,10.44,110.16,6609.36,5507.799999999999,1,0.0
CUST-00206,32,Upper Egypt,39,Month-to-month,Fiber,221.9,544.08,4,1,3,No,No,2.0,4907.19,Yes,4 Years,0.03,25.0,55.48,136.02,6528.960000000001,21219.120000000003,1,3.0
CUST-00207,58,Cairo,16,One year,4G/5G,50.5,387.24,4,1,2,Yes,Yes,4.0,4101.9,No,2 Years,0.06,16.666666666666664,12.62,96.81,4646.88,6195.84,0,1.0
CUST-00208,69,Giza,29,Month-to-month,4G/5G,183.1,363.58,1,1,2,Yes,No,2.0,3638.05,No,3 Years,0.03,16.666666666666664,183.1,363.58,4362.96,10543.82,0,3.0
CUST-00209,31,Upper Egypt,22,Two year,DSL,97.9,455.05,5,4,2,Yes,No,5.0,6636.1,No,2 Years,0.18,16.666666666666664,19.58,91.01,5460.6,10011.1,0,0.0
CUST-00210,59,Cairo,15,One year,Fiber,269.5,720.29,6,2,1,No,Yes,3.0,8581.7,No,2 Years,0.13,8.333333333333332,44.92,120.05,8643.48,10804.349999999999,1,4.0
CUST-00211,31,Delta,72,Month-to-month,Fiber,159.9,553.79,3,1,0,Yes,Yes,2.0,5605.65,Yes,6 Years,0.01,0.0,53.3,184.6,6645.48,39872.88,1,3.0
CUST-00212,55,Giza,14,Month-to-month,Fiber,69.3,309.97,1,2,0,No,No,2.0,3376.83,No,2 Years,0.14,0.0,69.3,309.97,3719.6400000000003,4339.58,0,6.0
CUST-00213,59,Upper Egypt,23,Month-to-month,4G/5G,307.9,505.24,2,1,3,No,Yes,4.0,4733.68,Yes,2 Years,0.04,25.0,153.95,252.62,6062.88,11620.52,1,1.0
CUST-00214,41,Upper Egypt,22,One year,Fiber,175.7,542.81,4,2,0,Yes,Yes,4.0,6640.3,No,2 Years,0.09,0.0,43.92,135.7,6513.719999999999,11941.82,1,2.0
CUST-00215,57,Cairo,25,Month-to-month,DSL,191.1,496.05,4,1,1,No,No,3.0,5186.39,No,3 Years,0.04,8.333333333333332,47.78,124.01,5952.6,12401.25,1,2.0
CUST-00216,32,Delta,69,Two year,Fiber,142.0,556.85,6,6,2,Yes,Yes,3.0,8123.25,No,6 Years,0.09,16.666666666666664,23.67,92.81,6682.200000000001,38422.65,1,12.0
CUST-00217,22,Giza,33,One year,DSL,333.4,424.53,3,1,3,Yes,Yes,2.0,5015.94,Yes,3 Years,0.03,25.0,111.13,141.51,5094.36,14009.49,0,3.0
CUST-00218,23,Alexandria,15,Two year,Fiber,254.3,633.89,6,1,0,No,Yes,3.0,8323.85,No,2 Years,0.07,0.0,42.38,105.65,7606.68,9508.35,1,2.0
CUST-00219,41,Alexandria,56,Two year,DSL,174.8,421.06,2,1,2,Yes,No,5.0,6650.75,No,5 Years,0.02,16.666666666666664,87.4,210.53,5052.72,23579.36,0,0.0
CUST-00220,65,Delta,37,Month-to-month,DSL,57.7,393.24,4,2,0,Yes,Yes,5.0,3385.5,No,4 Years,0.05,0.0,14.42,98.31,4718.88,14549.880000000001,0,0.0
CUST-00221,24,Cairo,15,Month-to-month,4G/5G,228.7,633.42,4,3,2,Yes,No,3.0,6002.41,Yes,2 Years,0.2,16.666666666666664,57.18,158.35,7601.039999999999,9501.3,1,6.0
CUST-00222,42,Cairo,50,Two year,4G/5G,408.1,466.51,2,6,0,Yes,Yes,4.0,6058.46,No,5 Years,0.12,0.0,204.05,233.26,5598.12,23325.5,0,6.0
CUST-00223,55,Delta,7,Month-to-month,DSL,359.9,452.72,3,3,0,Yes,Yes,4.0,4485.16,Yes,<= Year,0.43,0.0,119.97,150.91,5432.64,3169.04,0,3.0
CUST-00224,28,Alexandria,8,Month-to-month,Fiber,166.7,502.98,5,5,1,Yes,Yes,2.0,5079.68,Yes,<= Year,0.62,8.333333333333332,33.34,100.6,6035.76,4023.84,1,15.0
CUST-00225,56,Giza,4,Month-to-month,4G/5G,184.9,390.86,4,1,1,Yes,Yes,2.0,4179.72,No,<= Year,0.25,8.333333333333332,46.22,97.72,4690.32,1563.44,0,3.0
CUST-00226,34,Cairo,2,Month-to-month,4G/5G,266.1,508.06,4,2,0,Yes,Yes,1.0,4611.29,No,<= Year,1.0,0.0,66.53,127.02,6096.72,1016.12,1,8.0
CUST-00227,60,Giza,48,Two year,4G/5G,149.6,466.99,4,2,0,Yes,Yes,4.0,6689.18,No,4 Years,0.04,0.0,37.4,116.75,5603.88,22415.52,0,2.0
CUST-00228,48,Upper Egypt,25,Month-to-month,DSL,141.0,450.82,5,3,1,Yes,Yes,5.0,4240.75,No,3 Years,0.12,8.333333333333332,28.2,90.16,5409.84,11270.5,0,0.0
CUST-00229,46,Cairo,5,One year,Fiber,361.3,720.85,6,2,1,Yes,Yes,5.0,7880.01,No,<= Year,0.4,8.333333333333332,60.22,120.14,8650.2,3604.25,1,0.0
CUST-00230,27,Giza,21,Two year,4G/5G,225.0,564.11,3,5,2,No,No,4.0,7296.93,No,2 Years,0.24,16.666666666666664,75.0,188.04,6769.32,11846.31,1,5.0
CUST-00231,42,Upper Egypt,40,Month-to-month,Fiber,129.2,541.8,3,2,1,Yes,No,3.0,5312.92,No,4 Years,0.05,8.333333333333332,43.07,180.6,6501.599999999999,21672.0,1,4.0
CUST-00232,63,Cairo,12,One year,Fiber,315.7,694.65,6,1,1,Yes,Yes,3.0,8706.36,No,<= Year,0.08,8.333333333333332,52.62,115.78,8335.8,8335.8,1,2.0
CUST-00233,19,Delta,17,Month-to-month,Fiber,178.3,479.35,3,0,2,No,Yes,5.0,5729.5,No,2 Years,0.0,16.666666666666664,59.43,159.78,5752.200000000001,8148.950000000001,0,0.0
CUST-00234,58,Cairo,72,Month-to-month,DSL,51.9,553.31,6,3,0,Yes,Yes,4.0,5585.09,No,6 Years,0.04,0.0,8.65,92.22,6639.719999999999,39838.31999999999,1,3.0
CUST-00235,44,Upper Egypt,18,Month-to-month,Fiber,228.7,635.49,6,0,1,Yes,Yes,4.0,5443.04,No,2 Years,0.0,8.333333333333332,38.12,105.92,7625.88,11438.82,1,0.0
CUST-00236,56,Delta,5,Month-to-month,DSL,183.5,548.43,5,3,0,Yes,Yes,2.0,4703.08,No,<= Year,0.6,0.0,36.7,109.69,6581.16,2742.1499999999996,1,9.0
CUST-00237,53,Upper Egypt,14,Month-to-month,DSL,249.8,553.39,5,2,0,Yes,No,4.0,5193.65,No,2 Years,0.14,0.0,49.96,110.68,6640.68,7747.46,1,2.0
CUST-00238,40,Cairo,5,Month-to-month,DSL,245.5,596.75,6,1,2,Yes,Yes,3.0,5743.83,Yes,<= Year,0.2,16.666666666666664,40.92,99.46,7161.0,2983.75,1,2.0
CUST-00239,34,Alexandria,35,Month-to-month,Fiber,340.5,446.83,2,1,0,No,No,4.0,4559.75,No,3 Years,0.03,0.0,170.25,223.42,5361.96,15639.05,0,1.0
CUST-00240,51,Delta,10,Month-to-month,4G/5G,208.7,466.81,3,3,1,Yes,No,4.0,4153.03,No,<= Year,0.3,8.333333333333332,69.57,155.6,5601.72,4668.1,0,3.0
CUST-00241,25,Cairo,10,One year,Fiber,188.1,409.65,4,1,0,No,Yes,2.0,5634.62,No,<= Year,0.1,0.0,47.02,102.41,4915.799999999999,4096.5,0,3.0
CUST-00242,48,Cairo,72,Month-to-month,Fiber,342.1,497.13,2,2,1,No,Yes,3.0,5451.45,No,6 Years,0.03,8.333333333333332,171.05,248.56,5965.5599999999995,35793.36,1,4.0
CUST-00243,23,Cairo,8,One year,Fiber,318.1,469.77,4,3,1,Yes,Yes,3.0,6270.57,No,<= Year,0.38,8.333333333333332,79.53,117.44,5637.24,3758.16,0,6.0
CUST-00244,52,Upper Egypt,6,Two year,Fiber,210.8,557.3,4,2,2,No,No,3.0,6214.57,No,<= Year,0.33,16.666666666666664,52.7,139.32,6687.599999999999,3343.7999999999997,1,4.0
CUST-00245,51,Delta,9,One year,DSL,256.3,431.15,4,0,0,Yes,No,4.0,5641.06,No,<= Year,0.0,0.0,64.08,107.79,5173.799999999999,3880.35,0,0.0
CUST-00246,22,Alexandria,41,One year,Fiber,187.2,604.02,4,1,1,No,Yes,3.0,7091.28,No,4 Years,0.02,8.333333333333332,46.8,151.0,7248.24,24764.82,1,2.0
CUST-00247,58,Delta,32,One year,4G/5G,125.4,310.16,1,3,1,Yes,Yes,2.0,3542.26,No,3 Years,0.09,8.333333333333332,125.4,310.16,3721.92,9925.12,0,9.0
CUST-00248,40,Alexandria,14,One year,Fiber,427.8,570.23,3,1,0,Yes,Yes,4.0,6833.17,No,2 Years,0.07,0.0,142.6,190.08,6842.76,7983.22,1,1.0
CUST-00249,59,Giza,13,Two year,4G/5G,181.2,623.78,6,3,1,Yes,Yes,4.0,7755.05,No,2 Years,0.23,8.333333333333332,30.2,103.96,7485.36,8109.139999999999,1,3.0
CUST-00250,20,Giza,30,Two year,DSL,256.5,327.56,2,2,1,Yes,No,4.0,4393.63,No,3 Years,0.07,8.333333333333332,128.25,163.78,3930.7200000000003,9826.8,0,2.0
CUST-00251,27,Alexandria,26,Month-to-month,Fiber,93.6,504.88,3,2,2,No,Yes,1.0,5161.56,No,3 Years,0.08,16.666666666666664,31.2,168.29,6058.5599999999995,13126.88,1,8.0
CUST-00252,44,Cairo,19,One year,DSL,228.7,538.33,4,3,2,Yes,Yes,5.0,5484.04,No,2 Years,0.16,16.666666666666664,57.18,134.58,6459.960000000001,10228.27,1,0.0
CUST-00253,27,Upper Egypt,32,One year,Fiber,121.5,478.47,4,4,2,No,No,3.0,6270.95,No,3 Years,0.12,16.666666666666664,30.38,119.62,5741.64,15311.04,0,8.0
CUST-00254,35,Delta,8,Month-to-month,4G/5G,381.0,399.17,2,2,0,Yes,Yes,5.0,4352.83,No,<= Year,0.25,0.0,190.5,199.58,4790.04,3193.36,0,0.0
CUST-00255,53,Giza,11,Month-to-month,4G/5G,391.8,383.33,1,1,0,No,Yes,4.0,3913.34,No,<= Year,0.09,0.0,391.8,383.33,4599.96,4216.63,0,1.0
CUST-00256,25,Alexandria,34,One year,DSL,280.9,540.82,5,1,0,Yes,Yes,3.0,6931.51,No,3 Years,0.03,0.0,56.18,108.16,6489.84,18387.88,1,2.0
CUST-00257,53,Cairo,27,One year,Fiber,240.3,491.67,4,2,0,Yes,No,4.0,6244.74,No,3 Years,0.07,0.0,60.08,122.92,5900.04,13275.09,1,2.0
CUST-00258,23,Upper Egypt,22,Month-to-month,4G/5G,213.1,585.86,6,4,1,Yes,No,4.0,5597.72,No,2 Years,0.18,8.333333333333332,35.52,97.64,7030.32,12888.92,1,4.0
CUST-00259,27,Upper Egypt,72,Month-to-month,DSL,225.7,548.24,6,3,1,No,No,3.0,5283.73,No,6 Years,0.04,8.333333333333332,37.62,91.37,6578.88,39473.28,1,6.0
CUST-00260,49,Upper Egypt,37,Month-to-month,DSL,266.8,310.27,1,0,0,No,Yes,3.0,4003.95,No,4 Years,0.0,0.0,266.8,310.27,3723.24,11479.99,0,0.0
CUST-00261,60,Giza,14,One year,Fiber,238.1,484.79,3,1,2,Yes,No,5.0,5072.81,No,2 Years,0.07,16.666666666666664,79.37,161.6,5817.4800000000005,6787.06,0,0.0
CUST-00262,27,Cairo,11,Two year,Fiber,318.4,662.82,5,1,1,No,Yes,3.0,8378.38,No,<= Year,0.09,8.333333333333332,63.68,132.56,7953.84,7291.02,1,2.0
CUST-00263,33,Cairo,28,Two year,DSL,147.4,332.71,2,3,0,Yes,Yes,3.0,3897.57,Yes,3 Years,0.11,0.0,73.7,166.36,3992.5199999999995,9315.88,0,6.0
CUST-00264,67,Cairo,48,Month-to-month,DSL,367.5,436.77,2,2,1,Yes,Yes,3.0,4687.71,No,4 Years,0.04,8.333333333333332,183.75,218.38,5241.24,20964.96,0,4.0
CUST-00265,70,Cairo,4,Month-to-month,4G/5G,192.0,341.63,1,2,1,Yes,Yes,3.0,3314.0,Yes,<= Year,0.5,8.333333333333332,192.0,341.63,4099.5599999999995,1366.52,0,4.0
CUST-00266,48,Cairo,27,One year,DSL,162.9,436.17,4,2,0,Yes,Yes,3.0,4732.72,No,3 Years,0.07,0.0,40.72,109.04,5234.04,11776.59,0,4.0
CUST-00267,41,Upper Egypt,17,One year,DSL,262.6,467.41,3,1,0,Yes,No,5.0,5366.29,No,2 Years,0.06,0.0,87.53,155.8,5608.92,7945.97,0,0.0
CUST-00268,36,Cairo,25,Month-to-month,DSL,268.4,446.07,6,3,1,Yes,No,5.0,4620.18,No,3 Years,0.12,8.333333333333332,44.73,74.34,5352.84,11151.75,0,0.0
CUST-00269,50,Cairo,6,Month-to-month,4G/5G,73.7,538.27,6,3,0,Yes,No,4.0,5516.52,No,<= Year,0.5,0.0,12.28,89.71,6459.24,3229.62,1,3.0
CUST-00270,49,Delta,48,Month-to-month,Fiber,186.7,334.56,1,4,0,Yes,Yes,3.0,2739.75,No,4 Years,0.08,0.0,186.7,334.56,4014.7200000000003,16058.880000000001,0,8.0
CUST-00271,33,Alexandria,56,One year,4G/5G,34.5,549.68,6,2,0,Yes,Yes,3.0,6402.96,No,5 Years,0.04,0.0,5.75,91.61,6596.16,30782.079999999998,1,4.0
CUST-00272,19,Delta,35,One year,Fiber,169.2,324.4,1,2,5,Yes,No,3.0,3646.46,No,3 Years,0.06,41.66666666666667,169.2,324.4,3892.7999999999997,11354.0,0,4.0
CUST-00273,26,Alexandria,64,Month-to-month,DSL,173.1,535.95,5,1,2,Yes,Yes,5.0,6080.94,No,6 Years,0.02,16.666666666666664,34.62,107.19,6431.400000000001,34300.8,1,0.0
CUST-00274,68,Upper Egypt,16,Two year,4G/5G,256.8,667.47,6,3,1,Yes,Yes,4.0,9007.65,No,2 Years,0.19,8.333333333333332,42.8,111.24,8009.64,10679.52,1,3.0
CUST-00275,40,Alexandria,26,One year,4G/5G,159.1,349.34,3,2,1,Yes,Yes,4.0,4085.79,No,3 Years,0.08,8.333333333333332,53.03,116.45,4192.08,9082.84,0,2.0
CUST-00276,43,Alexandria,35,Two year,Fiber,180.4,375.85,1,2,1,Yes,No,4.0,5535.16,No,3 Years,0.06,8.333333333333332,180.4,375.85,4510.200000000001,13154.75,0,2.0
CUST-00277,42,Delta,29,Month-to-month,DSL,347.3,281.54,1,1,1,No,Yes,3.0,2778.47,No,3 Years,0.03,8.333333333333332,347.3,281.54,3378.4800000000005,8164.660000000001,0,2.0
CUST-00278,59,Giza,18,Month-to-month,Fiber,415.8,589.38,3,1,2,Yes,No,4.0,4321.49,No,2 Years,0.06,16.666666666666664,138.6,196.46,7072.5599999999995,10608.84,1,1.0
CUST-00279,21,Giza,19,Two year,Fiber,147.1,600.25,6,1,1,Yes,Yes,2.0,8294.46,No,2 Years,0.05,8.333333333333332,24.52,100.04,7203.0,11404.75,1,3.0
CUST-00280,22,Giza,53,Two year,4G/5G,321.7,443.03,3,0,0,No,Yes,5.0,6399.92,No,5 Years,0.0,0.0,107.23,147.68,5316.36,23480.59,0,0.0
CUST-00281,32,Cairo,21,Two year,4G/5G,264.9,371.59,3,2,0,No,No,3.0,5067.05,No,2 Years,0.1,0.0,88.3,123.86,4459.08,7803.389999999999,0,4.0
CUST-00282,43,Delta,46,One year,Fiber,73.5,317.86,1,1,2,Yes,Yes,3.0,3859.2,No,4 Years,0.02,16.666666666666664,73.5,317.86,3814.32,14621.560000000001,0,2.0
CUST-00283,53,Cairo,21,Month-to-month,4G/5G,158.8,416.65,4,4,1,No,Yes,4.0,4361.08,No,2 Years,0.19,8.333333333333332,39.7,104.16,4999.799999999999,8749.65,0,4.0
CUST-00284,44,Cairo,46,Month-to-month,Fiber,10.0,272.2,2,2,2,Yes,No,3.0,2821.12,Yes,4 Years,0.04,16.666666666666664,5.0,136.1,3266.3999999999996,12521.199999999999,0,4.0
CUST-00285,41,Cairo,23,Month-to-month,4G/5G,228.7,583.69,5,2,1,Yes,Yes,3.0,5588.27,No,2 Years,0.09,8.333333333333332,45.74,116.74,7004.280000000001,13424.87,1,4.0
CUST-00286,67,Delta,33,Two year,4G/5G,133.1,578.88,5,5,0,Yes,Yes,1.0,7175.55,No,3 Years,0.15,0.0,26.62,115.78,6946.5599999999995,19103.04,1,20.0
CUST-00287,26,Giza,13,Month-to-month,4G/5G,242.1,588.68,5,2,3,Yes,Yes,3.0,5549.64,No,2 Years,0.15,25.0,48.42,117.74,7064.16,7652.839999999999,1,4.0
CUST-00288,48,Delta,26,One year,4G/5G,461.4,516.62,4,3,0,No,Yes,4.0,5880.93,No,3 Years,0.12,0.0,115.35,129.16,6199.4400000000005,13432.12,1,3.0
CUST-00289,46,Delta,13,Two year,4G/5G,373.4,554.36,4,2,2,Yes,Yes,3.0,6509.33,No,2 Years,0.15,16.666666666666664,93.35,138.59,6652.32,7206.68,1,4.0
CUST-00290,43,Cairo,16,Two year,Fiber,161.0,428.6,3,1,1,Yes,No,4.0,5770.33,No,2 Years,0.06,8.333333333333332,53.67,142.87,5143.200000000001,6857.6,0,1.0
CUST-00291,60,Delta,17,Two year,Fiber,139.2,560.4,5,2,0,Yes,No,3.0,7759.77,No,2 Years,0.12,0.0,27.84,112.08,6724.799999999999,9526.8,1,4.0
CUST-00292,32,Cairo,19,One year,Fiber,228.7,664.52,5,3,0,Yes,Yes,5.0,7632.55,No,2 Years,0.16,0.0,45.74,132.9,7974.24,12625.88,1,0.0
CUST-00293,68,Cairo,42,Month-to-month,4G/5G,139.6,338.99,2,2,2,Yes,Yes,3.0,3142.9,No,4 Years,0.05,16.666666666666664,69.8,169.5,4067.88,14237.58,0,4.0
CUST-00294,35,Delta,15,Two year,Fiber,319.2,450.14,2,2,5,Yes,Yes,3.0,4669.59,No,2 Years,0.13,41.66666666666667,159.6,225.07,5401.68,6752.099999999999,0,4.0
CUST-00295,46,Upper Egypt,24,Month-to-month,4G/5G,476.2,619.69,5,1,2,No,No,2.0,5288.0,Yes,2 Years,0.04,16.666666666666664,95.24,123.94,7436.280000000001,14872.560000000001,1,3.0
CUST-00296,45,Cairo,46,Month-to-month,Fiber,290.8,549.16,3,2,0,Yes,Yes,3.0,5034.87,No,4 Years,0.04,0.0,96.93,183.05,6589.92,25261.359999999997,1,4.0
CUST-00297,63,Alexandria,33,Two year,4G/5G,336.6,475.02,2,2,2,Yes,No,3.0,6571.71,No,3 Years,0.06,16.666666666666664,168.3,237.51,5700.24,15675.66,0,4.0
CUST-00298,41,Cairo,4,One year,DSL,326.1,588.39,6,2,1,Yes,Yes,5.0,6175.7,No,<= Year,0.5,8.333333333333332,54.35,98.06,7060.68,2353.56,1,0.0
CUST-00299,33,Alexandria,6,Month-to-month,4G/5G,179.9,639.86,6,3,1,Yes,Yes,3.0,6365.76,Yes,<= Year,0.5,8.333333333333332,29.98,106.64,7678.32,3839.16,1,6.0
CUST-00300,19,Alexandria,29,Month-to-month,4G/5G,256.1,493.84,5,2,2,Yes,Yes,3.0,4688.01,Yes,3 Years,0.07,16.666666666666664,51.22,98.77,5926.08,14321.359999999999,1,4.0
CUST-00301,37,Alexandria,15,Month-to-month,Fiber,143.9,450.28,3,2,3,Yes,No,3.0,4501.99,Yes,2 Years,0.13,25.0,47.97,150.09,5403.36,6754.2,0,4.0
CUST-00302,61,Alexandria,5,Two year,DSL,346.1,442.06,4,6,1,Yes,Yes,4.0,6286.74,No,<= Year,1.2,8.333333333333332,86.52,110.52,5304.72,2210.3,0,6.0
CUST-00303,18,Cairo,14,One year,Fiber,132.3,558.04,6,4,0,Yes,No,5.0,6751.18,No,2 Years,0.29,0.0,22.05,93.01,6696.48,7812.5599999999995,1,0.0
CUST-00304,65,Delta,30,Month-to-month,4G/5G,293.1,456.26,4,1,2,No,Yes,1.0,4810.8,Yes,3 Years,0.03,16.666666666666664,73.28,114.06,5475.12,13687.8,0,4.0
CUST-00305,46,Alexandria,17,One year,4G/5G,331.9,565.04,5,6,2,Yes,Yes,3.0,7196.08,No,2 Years,0.35,16.666666666666664,66.38,113.01,6780.48,9605.68,1,12.0
CUST-00306,25,Delta,23,Two year,Fiber,185.8,674.67,6,1,0,Yes,Yes,5.0,9540.76,No,2 Years,0.04,0.0,30.97,112.44,8096.039999999999,15517.41,1,0.0
CUST-00307,34,Cairo,18,Two year,Fiber,165.1,573.43,5,3,0,Yes,Yes,3.0,7183.95,No,2 Years,0.17,0.0,33.02,114.69,6881.16,10321.74,1,6.0
CUST-00308,47,Giza,12,Month-to-month,Fiber,214.7,509.48,4,1,1,No,No,4.0,4162.5,Yes,<= Year,0.08,8.333333333333332,53.68,127.37,6113.76,6113.76,1,1.0
CUST-00309,34,Giza,26,One year,Fiber,149.7,452.34,3,3,2,No,No,5.0,5376.17,No,3 Years,0.12,16.666666666666664,49.9,150.78,5428.08,11760.84,0,0.0
CUST-00310,23,Cairo,4,Month-to-month,4G/5G,244.1,344.65,3,1,0,Yes,Yes,3.0,3566.22,No,<= Year,0.25,0.0,81.37,114.88,4135.799999999999,1378.6,0,2.0
CUST-00311,53,Cairo,11,Month-to-month,Fiber,147.5,602.49,5,0,2,No,Yes,3.0,4855.27,Yes,<= Year,0.0,16.666666666666664,29.5,120.5,7229.88,6627.39,1,0.0
CUST-00312,53,Giza,37,Month-to-month,4G/5G,154.0,299.9,3,1,1,Yes,Yes,4.0,3239.52,No,4 Years,0.03,8.333333333333332,51.33,99.97,3598.7999999999997,11096.3,0,1.0
CUST-00313,24,Delta,6,Month-to-month,4G/5G,279.2,377.21,2,1,1,Yes,Yes,4.0,2622.92,No,<= Year,0.17,8.333333333333332,139.6,188.6,4526.5199999999995,2263.2599999999998,0,1.0
CUST-00314,32,Cairo,22,One year,4G/5G,285.6,414.18,2,1,3,Yes,Yes,3.0,5417.59,No,2 Years,0.05,25.0,142.8,207.09,4970.16,9111.960000000001,0,2.0
CUST-00315,30,Delta,16,Month-to-month,DSL,203.6,486.87,4,2,1,Yes,No,4.0,5071.91,No,2 Years,0.12,8.333333333333332,50.9,121.72,5842.4400000000005,7789.92,1,2.0
CUST-00316,52,Alexandria,15,Month-to-month,Fiber,228.7,614.24,6,3,1,Yes,Yes,5.0,5756.17,Yes,2 Years,0.2,8.333333333333332,38.12,102.37,7370.88,9213.6,1,0.0
CUST-00317,56,Delta,40,Month-to-month,4G/5G,335.4,489.72,3,2,1,Yes,Yes,3.0,4980.81,No,4 Years,0.05,8.333333333333332,111.8,163.24,5876.64,19588.800000000003,1,4.0
CUST-00318,56,Giza,45,Month-to-month,DSL,189.6,537.23,4,5,1,Yes,No,4.0,5586.02,No,4 Years,0.11,8.333333333333332,47.4,134.31,6446.76,24175.350000000002,1,5.0
CUST-00319,67,Giza,9,One year,4G/5G,415.6,578.75,2,3,0,No,No,4.0,7110.59,Yes,<= Year,0.33,0.0,207.8,289.38,6945.0,5208.75,1,3.0
CUST-00320,58,Alexandria,19,Month-to-month,Fiber,218.1,488.26,3,1,2,No,Yes,3.0,4736.34,No,2 Years,0.05,16.666666666666664,72.7,162.75,5859.12,9276.94,1,2.0
CUST-00321,34,Upper Egypt,3,Month-to-month,Fiber,242.2,491.54,3,2,2,Yes,Yes,5.0,5241.05,No,<= Year,0.67,16.666666666666664,80.73,163.85,5898.4800000000005,1474.6200000000001,1,0.0
CUST-00322,23,Giza,38,Two year,4G/5G,191.1,428.85,3,0,3,Yes,Yes,2.0,4831.5,No,4 Years,0.0,25.0,63.7,142.95,5146.200000000001,16296.300000000001,0,0.0
CUST-00323,50,Alexandria,21,Month-to-month,4G/5G,251.9,592.13,6,4,1,Yes,Yes,3.0,5729.18,Yes,2 Years,0.19,8.333333333333332,41.98,98.69,7105.5599999999995,12434.73,1,8.0
CUST-00324,66,Alexandria,5,Two year,Fiber,542.9,796.97,6,5,0,Yes,No,4.0,11095.19,No,<= Year,1.0,0.0,90.48,132.83,9563.64,3984.8500000000004,1,5.0
CUST-00325,69,Delta,11,One year,DSL,198.6,420.4,2,0,0,No,No,2.0,4798.83,No,<= Year,0.0,0.0,99.3,210.2,5044.799999999999,4624.4,0,0.0
CUST-00326,30,Cairo,8,One year,Fiber,344.9,399.09,3,3,2,Yes,Yes,4.0,4770.37,No,<= Year,0.38,16.666666666666664,114.97,133.03,4789.08,3192.72,0,3.0
CUST-00327,30,Giza,11,One year,DSL,238.2,301.17,1,6,0,No,Yes,4.0,3324.32,No,<= Year,0.55,0.0,238.2,301.17,3614.04,3312.8700000000003,0,6.0
CUST-00328,19,Giza,3,Month-to-month,Fiber,335.6,724.42,5,3,3,Yes,No,5.0,7866.13,No,<= Year,1.0,25.0,67.12,144.88,8693.039999999999,2173.2599999999998,1,0.0
CUST-00329,25,Upper Egypt,53,Two year,Fiber,56.1,557.95,5,2,1,Yes,Yes,4.0,7576.64,No,5 Years,0.04,8.333333333333332,11.22,111.59,6695.400000000001,29571.350000000002,1,2.0
CUST-00330,47,Giza,9,Two year,Fiber,405.0,746.67,6,2,1,Yes,No,3.0,8937.07,No,<= Year,0.22,8.333333333333332,67.5,124.44,8960.039999999999,6720.03,1,4.0
CUST-00331,46,Giza,22,Month-to-month,Fiber,228.7,471.01,4,4,3,No,No,4.0,5029.35,No,2 Years,0.18,25.0,57.18,117.75,5652.12,10362.22,0,4.0
CUST-00332,37,Upper Egypt,29,One year,Fiber,205.9,686.86,6,1,2,Yes,Yes,4.0,7529.83,No,3 Years,0.03,16.666666666666664,34.32,114.48,8242.32,19918.94,1,1.0
CUST-00333,34,Giza,45,Month-to-month,Fiber,311.3,468.8,1,4,1,Yes,No,5.0,5220.63,No,4 Years,0.09,8.333333333333332,311.3,468.8,5625.6,21096.0,0,0.0
CUST-00334,61,Cairo,22,Two year,Fiber,243.0,508.32,3,3,0,Yes,Yes,4.0,7237.3,No,2 Years,0.14,0.0,81.0,169.44,6099.84,11183.039999999999,1,3.0
CUST-00335,42,Cairo,18,One year,DSL,126.7,342.09,3,2,0,Yes,Yes,3.0,5100.75,No,2 Years,0.11,0.0,42.23,114.03,4105.08,6157.62,0,4.0
CUST-00336,60,Cairo,23,Month-to-month,DSL,11.9,468.88,5,4,0,Yes,Yes,3.0,4844.44,No,2 Years,0.17,0.0,2.38,93.78,5626.5599999999995,10784.24,0,8.0
CUST-00337,69,Cairo,9,Two year,DSL,394.3,367.77,2,2,1,No,No,4.0,4876.74,No,<= Year,0.22,8.333333333333332,197.15,183.88,4413.24,3309.93,0,2.0
CUST-00338,34,Giza,9,Two year,Fiber,209.9,365.42,2,2,2,Yes,Yes,2.0,3653.31,No,<= Year,0.22,16.666666666666664,104.95,182.71,4385.04,3288.78,0,6.0
CUST-00339,28,Delta,17,One year,Fiber,174.8,405.56,1,3,1,Yes,Yes,3.0,4594.16,No,2 Years,0.18,8.333333333333332,174.8,405.56,4866.72,6894.52,0,6.0
CUST-00340,68,Delta,2,Month-to-month,4G/5G,181.8,659.37,6,0,1,Yes,Yes,2.0,5920.24,Yes,<= Year,0.0,8.333333333333332,30.3,109.9,7912.4400000000005,1318.74,1,0.0
CUST-00341,51,Cairo,13,One year,4G/5G,361.8,461.64,3,4,4,Yes,No,3.0,5030.97,Yes,2 Years,0.31,33.33333333333333,120.6,153.88,5539.68,6001.32,0,8.0
CUST-00342,33,Alexandria,15,One year,4G/5G,185.9,261.55,1,2,6,No,No,4.0,2511.19,No,2 Years,0.13,50.0,185.9,261.55,3138.6000000000004,3923.25,0,2.0
CUST-00343,50,Cairo,70,Month-to-month,4G/5G,288.0,371.16,2,3,1,Yes,Yes,4.0,4397.81,No,6 Years,0.04,8.333333333333332,144.0,185.58,4453.92,25981.2,0,3.0
CUST-00344,45,Upper Egypt,49,Two year,DSL,199.9,471.83,4,3,2,No,Yes,3.0,5921.59,No,5 Years,0.06,16.666666666666664,49.98,117.96,5661.96,23119.67,0,6.0
CUST-00345,65,Cairo,29,One year,4G/5G,117.1,345.45,3,2,2,Yes,Yes,3.0,4295.72,No,3 Years,0.07,16.666666666666664,39.03,115.15,4145.4,10018.05,0,4.0
CUST-00346,31,Alexandria,39,Two year,Fiber,311.1,648.83,4,1,1,No,No,3.0,8380.47,No,4 Years,0.03,8.333333333333332,77.78,162.21,7785.960000000001,25304.370000000003,1,2.0
CUST-00347,70,Giza,9,One year,4G/5G,329.3,354.55,1,4,0,Yes,Yes,4.0,4084.13,No,<= Year,0.44,0.0,329.3,354.55,4254.6,3190.9500000000003,0,4.0
CUST-00348,67,Alexandria,24,Month-to-month,4G/5G,168.9,614.31,6,1,2,No,No,2.0,5508.86,Yes,2 Years,0.04,16.666666666666664,28.15,102.38,7371.719999999999,14743.439999999999,1,3.0
CUST-00349,27,Giza,36,Two year,4G/5G,226.6,520.23,5,1,1,Yes,No,2.0,6837.35,No,3 Years,0.03,8.333333333333332,45.32,104.05,6242.76,18728.28,1,3.0
CUST-00350,26,Delta,9,One year,Fiber,238.7,472.84,2,1,1,Yes,No,2.0,6055.45,No,<= Year,0.11,8.333333333333332,119.35,236.42,5674.08,4255.5599999999995,0,3.0
CUST-00351,46,Cairo,6,Month-to-month,Fiber,270.1,544.25,3,1,1,Yes,Yes,3.0,4935.27,Yes,<= Year,0.17,8.333333333333332,90.03,181.42,6531.0,3265.5,1,2.0
CUST-00352,20,Upper Egypt,27,Month-to-month,Fiber,407.4,357.54,1,4,1,Yes,No,3.0,3642.95,Yes,3 Years,0.15,8.333333333333332,407.4,357.54,4290.4800000000005,9653.58,0,8.0
CUST-00353,33,Giza,6,Month-to-month,Fiber,200.9,333.94,1,5,2,No,Yes,2.0,3333.43,No,<= Year,0.83,16.666666666666664,200.9,333.94,4007.2799999999997,2003.6399999999999,0,15.0
CUST-00354,41,Delta,31,One year,4G/5G,200.3,597.5,6,3,1,Yes,No,4.0,7105.86,Yes,3 Years,0.1,8.333333333333332,33.38,99.58,7170.0,18522.5,1,3.0
CUST-00355,69,Delta,45,Month-to-month,DSL,214.2,272.52,1,5,0,No,Yes,5.0,2383.69,No,4 Years,0.11,0.0,214.2,272.52,3270.24,12263.4,0,0.0
CUST-00356,70,Upper Egypt,10,Two year,Fiber,145.2,508.11,3,2,0,Yes,No,4.0,6926.81,No,<= Year,0.2,0.0,48.4,169.37,6097.32,5081.1,1,2.0
CUST-00357,26,Cairo,10,Two year,DSL,75.0,490.66,6,2,0,Yes,Yes,3.0,5735.51,No,<= Year,0.2,0.0,12.5,81.78,5887.92,4906.6,1,4.0
CUST-00358,65,Cairo,44,One year,Fiber,242.0,481.29,2,1,3,Yes,No,4.0,4997.31,No,4 Years,0.02,25.0,121.0,240.64,5775.4800000000005,21176.760000000002,0,1.0
CUST-00359,22,Cairo,23,Month-to-month,DSL,277.5,572.09,5,3,2,Yes,No,3.0,4922.64,No,2 Years,0.13,16.666666666666664,55.5,114.42,6865.08,13158.070000000002,1,6.0
CUST-00360,57,Cairo,40,One year,Fiber,230.2,376.55,1,2,1,Yes,No,3.0,4514.64,Yes,4 Years,0.05,8.333333333333332,230.2,376.55,4518.6,15062.0,0,4.0
CUST-00361,62,Alexandria,18,Month-to-month,DSL,224.4,621.85,6,1,2,No,Yes,5.0,5676.93,No,2 Years,0.06,16.666666666666664,37.4,103.64,7462.200000000001,11193.300000000001,1,0.0
CUST-00362,65,Upper Egypt,19,Two year,DSL,149.1,467.08,6,1,1,Yes,No,5.0,5578.18,No,2 Years,0.05,8.333333333333332,24.85,77.85,5604.96,8874.52,0,0.0
CUST-00363,29,Upper Egypt,22,Month-to-month,DSL,252.7,587.64,6,2,3,Yes,Yes,2.0,5641.29,No,2 Years,0.09,25.0,42.12,97.94,7051.68,12928.08,1,6.0
CUST-00364,65,Alexandria,61,Two year,4G/5G,245.3,470.63,4,3,3,Yes,No,5.0,6266.29,No,6 Years,0.05,25.0,61.32,117.66,5647.5599999999995,28708.43,0,0.0
CUST-00365,24,Alexandria,38,Month-to-month,Fiber,272.7,667.76,6,4,0,Yes,No,3.0,7021.19,No,4 Years,0.11,0.0,45.45,111.29,8013.12,25374.88,1,8.0
CUST-00366,45,Delta,12,Month-to-month,DSL,259.1,512.65,5,1,1,No,No,3.0,4670.15,No,<= Year,0.08,8.333333333333332,51.82,102.53,6151.799999999999,6151.799999999999,1,2.0
CUST-00367,42,Upper Egypt,25,Two year,Fiber,265.4,509.17,3,0,0,No,Yes,4.0,6770.8,No,3 Years,0.0,0.0,88.47,169.72,6110.04,12729.25,1,0.0
CUST-00368,34,Cairo,17,Month-to-month,DSL,348.7,628.02,6,3,0,Yes,No,5.0,6723.45,No,2 Years,0.18,0.0,58.12,104.67,7536.24,10676.34,1,0.0
CUST-00369,19,Alexandria,15,Two year,DSL,281.5,389.6,2,2,2,Yes,Yes,4.0,4466.2,No,2 Years,0.13,16.666666666666664,140.75,194.8,4675.200000000001,5844.0,0,2.0
CUST-00370,58,Delta,31,Two year,DSL,273.3,608.65,6,2,0,Yes,Yes,4.0,7773.21,No,3 Years,0.06,0.0,45.55,101.44,7303.799999999999,18868.149999999998,1,2.0
CUST-00371,35,Cairo,27,Month-to-month,4G/5G,73.2,589.34,6,3,2,Yes,No,4.0,6217.99,No,3 Years,0.11,16.666666666666664,12.2,98.22,7072.08,15912.18,1,3.0
CUST-00372,53,Giza,10,Month-to-month,Fiber,324.8,459.2,3,3,1,Yes,Yes,5.0,4656.91,No,<= Year,0.3,8.333333333333332,108.27,153.07,5510.4,4592.0,0,0.0
CUST-00373,39,Upper Egypt,22,One year,4G/5G,203.2,415.23,2,2,2,No,Yes,4.0,4846.02,No,2 Years,0.09,16.666666666666664,101.6,207.62,4982.76,9135.060000000001,0,2.0
CUST-00374,37,Upper Egypt,14,Two year,Fiber,237.1,301.91,1,4,2,Yes,No,4.0,4020.52,No,2 Years,0.29,16.666666666666664,237.1,301.91,3622.92,4226.740000000001,0,4.0
CUST-00375,64,Upper Egypt,29,Two year,DSL,115.4,275.18,4,0,0,No,Yes,3.0,4369.57,No,3 Years,0.0,0.0,28.85,68.8,3302.16,7980.22,0,0.0
CUST-00376,23,Delta,14,Month-to-month,4G/5G,418.1,742.36,5,0,0,Yes,No,2.0,7167.65,No,2 Years,0.0,0.0,83.62,148.47,8908.32,10393.04,1,0.0
CUST-00377,57,Cairo,19,One year,DSL,10.0,337.16,4,2,2,No,Yes,5.0,4118.71,No,2 Years,0.11,16.666666666666664,2.5,84.29,4045.92,6406.040000000001,0,0.0
CUST-00378,57,Giza,15,Month-to-month,4G/5G,363.9,533.65,4,2,1,No,No,2.0,5122.44,No,2 Years,0.13,8.333333333333332,90.98,133.41,6403.799999999999,8004.75,1,6.0
CUST-00379,38,Alexandria,4,One year,4G/5G,268.3,254.44,1,0,0,No,Yes,3.0,2402.86,No,<= Year,0.0,0.0,268.3,254.44,3053.2799999999997,1017.76,0,0.0
CUST-00380,31,Alexandria,59,One year,Fiber,58.5,292.24,1,3,2,Yes,No,3.0,3857.69,No,5 Years,0.05,16.666666666666664,58.5,292.24,3506.88,17242.16,0,6.0
CUST-00381,18,Giza,22,Two year,4G/5G,413.3,478.42,2,2,1,Yes,No,3.0,5851.15,No,2 Years,0.09,8.333333333333332,206.65,239.21,5741.04,10525.24,0,4.0
CUST-00382,67,Alexandria,61,Month-to-month,4G/5G,276.2,648.32,6,2,2,Yes,No,3.0,5845.32,No,6 Years,0.03,16.666666666666664,46.03,108.05,7779.84,39547.520000000004,1,4.0
CUST-00383,68,Giza,23,Month-to-month,Fiber,17.8,400.37,4,3,0,Yes,Yes,4.0,3396.58,Yes,2 Years,0.13,0.0,4.45,100.09,4804.4400000000005,9208.51,0,3.0
CUST-00384,30,Delta,35,Month-to-month,Fiber,192.0,453.55,3,3,3,Yes,No,4.0,3747.79,No,3 Years,0.09,25.0,64.0,151.18,5442.6,15874.25,0,3.0
CUST-00385,19,Giza,13,Month-to-month,Fiber,278.1,585.96,4,3,2,No,Yes,4.0,4648.4,No,2 Years,0.23,16.666666666666664,69.53,146.49,7031.52,7617.4800000000005,1,3.0
CUST-00386,24,Giza,13,Month-to-month,4G/5G,384.2,524.11,3,6,0,Yes,Yes,4.0,4829.42,No,2 Years,0.46,0.0,128.07,174.7,6289.32,6813.43,1,6.0
CUST-00387,21,Cairo,21,Two year,4G/5G,193.2,335.46,1,3,1,Yes,Yes,3.0,4235.92,No,2 Years,0.14,8.333333333333332,193.2,335.46,4025.5199999999995,7044.66,0,6.0
CUST-00388,62,Cairo,60,Month-to-month,4G/5G,10.0,465.62,4,2,0,Yes,Yes,3.0,5375.8,No,5 Years,0.03,0.0,2.5,116.4,5587.4400000000005,27937.2,0,4.0
CUST-00389,65,Delta,10,Month-to-month,Fiber,361.3,646.3,5,3,1,Yes,No,5.0,6426.73,Yes,<= Year,0.3,8.333333333333332,72.26,129.26,7755.599999999999,6463.0,1,0.0
CUST-00390,26,Giza,3,One year,Fiber,274.8,751.01,6,4,1,Yes,Yes,3.0,8740.49,No,<= Year,1.33,8.333333333333332,45.8,125.17,9012.119999999999,2253.0299999999997,1,8.0
CUST-00391,57,Cairo,43,Month-to-month,DSL,29.1,324.92,3,3,2,Yes,No,3.0,3872.01,No,4 Years,0.07,16.666666666666664,9.7,108.31,3899.04,13971.560000000001,0,6.0
CUST-00392,27,Delta,36,Month-to-month,Fiber,260.8,487.32,2,2,1,Yes,No,4.0,3678.25,No,3 Years,0.06,8.333333333333332,130.4,243.66,5847.84,17543.52,1,2.0
CUST-00393,37,Alexandria,16,Two year,Fiber,270.4,712.9,6,1,0,No,Yes,3.0,9393.21,No,2 Years,0.06,0.0,45.07,118.82,8554.8,11406.4,1,2.0
CUST-00394,49,Cairo,72,Month-to-month,Fiber,200.8,391.14,3,3,0,Yes,Yes,3.0,4402.79,No,6 Years,0.04,0.0,66.93,130.38,4693.68,28162.079999999998,0,6.0
CUST-00395,56,Cairo,72,Month-to-month,Fiber,155.5,378.36,1,0,2,No,Yes,3.0,4312.06,No,6 Years,0.0,16.666666666666664,155.5,378.36,4540.32,27241.920000000002,0,0.0
CUST-00396,64,Cairo,4,One year,Fiber,175.1,491.34,4,3,2,Yes,Yes,5.0,4953.98,No,<= Year,0.75,16.666666666666664,43.78,122.84,5896.08,1965.36,1,0.0
CUST-00397,20,Alexandria,13,Month-to-month,4G/5G,200.7,275.79,1,3,2,Yes,Yes,4.0,2508.05,No,2 Years,0.23,16.666666666666664,200.7,275.79,3309.4800000000005,3585.2700000000004,0,3.0
CUST-00398,28,Cairo,21,Month-to-month,Fiber,261.9,646.19,6,1,2,No,No,4.0,5854.38,No,2 Years,0.05,16.666666666666664,43.65,107.7,7754.280000000001,13569.990000000002,1,1.0
CUST-00399,32,Cairo,29,Month-to-month,Fiber,301.0,638.25,5,2,2,No,No,2.0,5499.51,No,3 Years,0.07,16.666666666666664,60.2,127.65,7659.0,18509.25,1,6.0
CUST-00400,34,Cairo,26,Month-to-month,DSL,36.7,257.87,3,6,2,Yes,Yes,4.0,3704.4,No,3 Years,0.23,16.666666666666664,12.23,85.96,3094.44,6704.62,0,6.0
CUST-00401,70,Alexandria,22,Two year,4G/5G,253.0,517.63,4,5,0,Yes,Yes,3.0,6555.33,No,2 Years,0.23,0.0,63.25,129.41,6211.5599999999995,11387.86,1,10.0
CUST-00402,59,Cairo,9,Month-to-month,4G/5G,273.9,457.12,3,0,2,Yes,No,3.0,4780.91,No,<= Year,0.0,16.666666666666664,91.3,152.37,5485.4400000000005,4114.08,0,0.0
CUST-00403,34,Delta,31,Month-to-month,DSL,245.2,480.28,3,4,0,Yes,No,3.0,5208.03,No,3 Years,0.13,0.0,81.73,160.09,5763.36,14888.679999999998,0,8.0
CUST-00404,69,Cairo,33,Month-to-month,DSL,193.6,533.71,6,4,0,Yes,No,4.0,4832.43,No,3 Years,0.12,0.0,32.27,88.95,6404.52,17612.43,1,4.0
CUST-00405,44,Alexandria,41,Two year,DSL,357.8,641.4,5,5,1,Yes,No,5.0,8273.33,No,4 Years,0.12,8.333333333333332,71.56,128.28,7696.799999999999,26297.399999999998,1,0.0
CUST-00406,44,Giza,8,Month-to-month,DSL,351.0,539.65,4,0,0,Yes,Yes,2.0,5278.27,Yes,<= Year,0.0,0.0,87.75,134.91,6475.799999999999,4317.2,1,0.0
CUST-00407,40,Giza,18,Two year,DSL,197.0,568.03,6,3,1,No,No,3.0,7497.02,No,2 Years,0.17,8.333333333333332,32.83,94.67,6816.36,10224.539999999999,1,6.0
CUST-00408,25,Cairo,15,Month-to-month,DSL,222.5,374.61,1,2,1,No,Yes,4.0,3950.17,No,2 Years,0.13,8.333333333333332,222.5,374.61,4495.32,5619.150000000001,0,2.0
CUST-00409,67,Delta,8,Two year,Fiber,299.5,789.54,6,1,1,No,Yes,3.0,10822.33,No,<= Year,0.12,8.333333333333332,49.92,131.59,9474.48,6316.32,1,2.0
CUST-00410,18,Upper Egypt,18,Month-to-month,Fiber,345.4,469.69,2,3,1,Yes,No,4.0,5115.94,Yes,2 Years,0.17,8.333333333333332,172.7,234.84,5636.28,8454.42,0,3.0
CUST-00411,27,Cairo,9,Month-to-month,Fiber,156.6,368.8,2,1,0,Yes,Yes,3.0,4032.63,No,<= Year,0.11,0.0,78.3,184.4,4425.6,3319.2000000000003,0,2.0
CUST-00412,30,Cairo,6,Month-to-month,Fiber,135.8,535.21,4,5,1,Yes,No,4.0,5695.34,No,<= Year,0.83,8.333333333333332,33.95,133.8,6422.52,3211.26,1,5.0
CUST-00413,32,Upper Egypt,36,Month-to-month,Fiber,254.7,313.51,1,0,0,Yes,No,2.0,3883.2,No,3 Years,0.0,0.0,254.7,313.51,3762.12,11286.36,0,0.0
CUST-00414,24,Alexandria,15,One year,DSL,128.9,307.42,3,1,1,No,No,4.0,3482.3,No,2 Years,0.07,8.333333333333332,42.97,102.47,3689.04,4611.3,0,1.0
CUST-00415,18,Cairo,12,One year,DSL,55.0,422.76,3,2,0,Yes,Yes,1.0,4197.93,No,<= Year,0.17,0.0,18.33,140.92,5073.12,5073.12,0,8.0
CUST-00416,53,Cairo,48,One year,Fiber,156.2,385.8,1,0,3,Yes,Yes,4.0,4338.79,No,4 Years,0.0,25.0,156.2,385.8,4629.6,18518.4,0,0.0
CUST-00417,69,Alexandria,33,Month-to-month,Fiber,267.5,404.47,2,4,3,No,No,3.0,3272.68,No,3 Years,0.12,25.0,133.75,202.24,4853.64,13347.51,0,8.0
CUST-00418,24,Delta,3,One year,Fiber,369.8,717.96,3,3,1,Yes,Yes,4.0,7891.26,No,<= Year,1.0,8.333333333333332,123.27,239.32,8615.52,2153.88,1,3.0
CUST-00419,33,Alexandria,29,Month-to-month,DSL,166.2,207.14,1,3,2,No,Yes,4.0,2248.77,No,3 Years,0.1,16.666666666666664,166.2,207.14,2485.68,6007.0599999999995,0,3.0
CUST-00420,44,Upper Egypt,29,Two year,Fiber,218.8,687.23,6,2,0,No,Yes,2.0,8632.64,No,3 Years,0.07,0.0,36.47,114.54,8246.76,19929.670000000002,1,6.0
CUST-00421,67,Giza,18,One year,Fiber,244.0,453.91,3,3,2,Yes,No,5.0,5701.76,No,2 Years,0.17,16.666666666666664,81.33,151.3,5446.92,8170.38,0,0.0
CUST-00422,54,Cairo,17,One year,Fiber,171.6,678.18,5,0,1,Yes,No,4.0,8091.46,No,2 Years,0.0,8.333333333333332,34.32,135.64,8138.16,11529.06,1,0.0
CUST-00423,58,Giza,5,Two year,DSL,164.6,308.33,2,4,2,Yes,No,4.0,4157.09,No,<= Year,0.8,16.666666666666664,82.3,154.16,3699.96,1541.6499999999999,0,4.0
CUST-00424,48,Giza,72,One year,Fiber,260.1,543.2,4,4,0,Yes,No,3.0,6158.1,No,6 Years,0.06,0.0,65.03,135.8,6518.400000000001,39110.4,1,8.0
CUST-00425,40,Cairo,18,One year,DSL,122.2,166.97,1,0,1,No,No,4.0,1798.46,No,2 Years,0.0,8.333333333333332,122.2,166.97,2003.6399999999999,3005.46,0,0.0
CUST-00426,28,Cairo,28,Month-to-month,DSL,160.9,450.7,2,4,0,Yes,Yes,2.0,3659.06,Yes,3 Years,0.14,0.0,80.45,225.35,5408.4,12619.6,0,12.0
CUST-00427,63,Giza,19,One year,Fiber,211.8,521.48,5,1,1,No,Yes,4.0,6452.96,No,2 Years,0.05,8.333333333333332,42.36,104.3,6257.76,9908.12,1,1.0
CUST-00428,60,Delta,12,Month-to-month,DSL,259.0,454.84,3,1,1,No,No,3.0,5322.26,No,<= Year,0.08,8.333333333333332,86.33,151.61,5458.08,5458.08,0,2.0
CUST-00429,19,Cairo,38,Month-to-month,Fiber,93.6,605.84,6,0,1,Yes,No,5.0,6241.11,No,4 Years,0.0,8.333333333333332,15.6,100.97,7270.08,23021.920000000002,1,0.0
CUST-00430,55,Giza,24,One year,Fiber,218.2,622.6,6,4,2,Yes,Yes,4.0,7383.35,No,2 Years,0.17,16.666666666666664,36.37,103.77,7471.200000000001,14942.400000000001,1,4.0
CUST-00431,22,Alexandria,18,Month-to-month,4G/5G,113.8,175.73,1,4,3,Yes,No,5.0,1595.61,No,2 Years,0.22,25.0,113.8,175.73,2108.7599999999998,3163.14,0,0.0
CUST-00432,57,Alexandria,28,One year,Fiber,168.4,511.44,4,3,0,Yes,No,3.0,6051.63,No,3 Years,0.11,0.0,42.1,127.86,6137.28,14320.32,1,6.0
CUST-00433,61,Delta,20,Month-to-month,4G/5G,301.0,574.43,5,3,2,Yes,Yes,4.0,6170.25,No,2 Years,0.15,16.666666666666664,60.2,114.89,6893.16,11488.599999999999,1,3.0
CUST-00434,24,Delta,63,Month-to-month,DSL,223.4,377.41,2,3,0,Yes,Yes,4.0,4208.36,No,6 Years,0.05,0.0,111.7,188.7,4528.92,23776.83,0,3.0
CUST-00435,40,Delta,37,Two year,Fiber,380.2,832.48,6,6,0,Yes,Yes,2.0,11022.07,No,4 Years,0.16,0.0,63.37,138.75,9989.76,30801.760000000002,1,18.0
CUST-00436,24,Cairo,31,Month-to-month,Fiber,223.5,635.38,5,2,0,Yes,No,3.0,6927.5,No,3 Years,0.06,0.0,44.7,127.08,7624.5599999999995,19696.78,1,4.0
CUST-00437,48,Giza,5,One year,4G/5G,317.1,477.8,2,3,0,Yes,Yes,5.0,6309.77,No,<= Year,0.6,0.0,158.55,238.9,5733.6,2389.0,0,0.0
CUST-00438,67,Alexandria,32,One year,4G/5G,301.5,352.8,1,2,0,Yes,No,3.0,4394.1,No,3 Years,0.06,0.0,301.5,352.8,4233.6,11289.6,0,4.0
CUST-00439,22,Cairo,31,Two year,4G/5G,228.8,379.72,3,2,0,Yes,Yes,3.0,5181.5,No,3 Years,0.06,0.0,76.27,126.57,4556.64,11771.320000000002,0,4.0
CUST-00440,39,Cairo,9,Month-to-month,Fiber,111.6,432.05,3,2,0,Yes,No,3.0,4155.1,Yes,<= Year,0.22,0.0,37.2,144.02,5184.6,3888.4500000000003,0,4.0
CUST-00441,69,Cairo,5,One year,4G/5G,220.5,463.41,4,1,0,Yes,Yes,2.0,5636.76,No,<= Year,0.2,0.0,55.12,115.85,5560.92,2317.05,0,3.0
CUST-00442,33,Giza,36,Month-to-month,Fiber,182.1,416.43,2,2,2,Yes,No,1.0,3771.75,Yes,3 Years,0.06,16.666666666666664,91.05,208.22,4997.16,14991.48,0,8.0
CUST-00443,25,Giza,39,Month-to-month,Fiber,178.6,390.68,2,5,2,Yes,No,2.0,3969.3,No,4 Years,0.13,16.666666666666664,89.3,195.34,4688.16,15236.52,0,15.0
CUST-00444,43,Cairo,13,Month-to-month,DSL,244.0,495.46,6,1,1,Yes,No,4.0,5389.7,No,2 Years,0.08,8.333333333333332,40.67,82.58,5945.5199999999995,6440.98,1,1.0
CUST-00445,44,Delta,13,Month-to-month,4G/5G,99.5,637.51,6,0,1,Yes,Yes,4.0,5493.33,No,2 Years,0.0,8.333333333333332,16.58,106.25,7650.12,8287.63,1,0.0
CUST-00446,53,Upper Egypt,24,Month-to-month,Fiber,151.4,564.77,5,1,1,Yes,No,5.0,4870.39,No,2 Years,0.04,8.333333333333332,30.28,112.95,6777.24,13554.48,1,0.0
CUST-00447,34,Cairo,15,Month-to-month,DSL,138.9,364.64,3,3,0,Yes,No,3.0,3707.89,No,2 Years,0.2,0.0,46.3,121.55,4375.68,5469.599999999999,0,6.0
CUST-00448,68,Upper Egypt,5,Month-to-month,Fiber,207.1,422.94,3,1,1,Yes,No,2.0,4344.72,Yes,<= Year,0.2,8.333333333333332,69.03,140.98,5075.28,2114.7,0,3.0
CUST-00449,45,Cairo,9,One year,Fiber,160.9,384.98,2,2,1,No,Yes,3.0,4656.69,No,<= Year,0.22,8.333333333333332,80.45,192.49,4619.76,3464.82,0,4.0
CUST-00450,33,Upper Egypt,27,Month-to-month,Fiber,166.8,420.9,3,3,2,Yes,No,4.0,3649.67,No,3 Years,0.11,16.666666666666664,55.6,140.3,5050.799999999999,11364.3,0,3.0
CUST-00451,68,Upper Egypt,10,Month-to-month,4G/5G,242.2,446.36,4,0,2,Yes,Yes,4.0,4832.83,No,<= Year,0.0,16.666666666666664,60.55,111.59,5356.32,4463.6,0,0.0
CUST-00452,67,Cairo,41,Month-to-month,Fiber,189.9,651.11,6,1,1,No,Yes,4.0,7378.09,No,4 Years,0.02,8.333333333333332,31.65,108.52,7813.32,26695.510000000002,1,1.0
CUST-00453,44,Delta,31,Month-to-month,DSL,230.4,501.78,5,2,1,No,No,4.0,4680.75,No,3 Years,0.06,8.333333333333332,46.08,100.36,6021.36,15555.179999999998,1,2.0
CUST-00454,19,Upper Egypt,28,One year,Fiber,129.6,440.42,2,3,2,Yes,Yes,4.0,4901.64,Yes,3 Years,0.11,16.666666666666664,64.8,220.21,5285.04,12331.76,0,3.0
CUST-00455,49,Upper Egypt,24,Two year,DSL,155.4,534.25,6,2,1,Yes,Yes,4.0,7018.95,No,2 Years,0.08,8.333333333333332,25.9,89.04,6411.0,12822.0,1,2.0
CUST-00456,47,Upper Egypt,12,One year,Fiber,413.7,458.51,1,6,1,Yes,Yes,2.0,5235.4,No,<= Year,0.5,8.333333333333332,413.7,458.51,5502.12,5502.12,0,18.0
CUST-00457,25,Alexandria,34,One year,Fiber,167.2,363.29,1,1,0,Yes,Yes,1.0,4889.35,No,3 Years,0.03,0.0,167.2,363.29,4359.4800000000005,12351.86,0,4.0
CUST-00458,51,Cairo,12,Month-to-month,DSL,40.4,531.52,6,2,0,Yes,No,5.0,5562.69,No,<= Year,0.17,0.0,6.73,88.59,6378.24,6378.24,1,0.0
CUST-00459,62,Delta,42,Two year,DSL,260.8,327.84,2,7,1,No,Yes,3.0,4310.19,No,4 Years,0.17,8.333333333333332,130.4,163.92,3934.08,13769.279999999999,0,14.0
CUST-00460,23,Alexandria,57,Month-to-month,4G/5G,166.3,642.64,6,1,0,No,Yes,4.0,6354.74,No,5 Years,0.02,0.0,27.72,107.11,7711.68,36630.479999999996,1,1.0
CUST-00461,56,Alexandria,24,Month-to-month,Fiber,251.9,325.84,1,8,0,Yes,No,1.0,2562.45,No,2 Years,0.33,0.0,251.9,325.84,3910.08,7820.16,0,32.0
CUST-00462,25,Giza,52,Month-to-month,DSL,221.9,361.67,2,0,1,No,No,5.0,4561.53,No,5 Years,0.0,8.333333333333332,110.95,180.84,4340.04,18806.84,0,0.0
CUST-00463,57,Alexandria,9,Month-to-month,4G/5G,279.5,514.93,5,0,1,No,Yes,5.0,5447.23,No,<= Year,0.0,8.333333333333332,55.9,102.99,6179.16,4634.37,1,0.0
CUST-00464,40,Cairo,31,One year,Fiber,221.0,427.35,2,4,0,Yes,Yes,2.0,5094.82,No,3 Years,0.13,0.0,110.5,213.68,5128.200000000001,13247.85,0,12.0
CUST-00465,18,Delta,21,Month-to-month,4G/5G,209.6,548.65,4,3,0,No,No,4.0,5529.28,No,2 Years,0.14,0.0,52.4,137.16,6583.799999999999,11521.65,1,3.0
CUST-00466,69,Cairo,37,Month-to-month,4G/5G,333.3,632.21,5,2,0,Yes,No,4.0,6374.04,Yes,4 Years,0.05,0.0,66.66,126.44,7586.52,23391.77,1,2.0
CUST-00467,26,Delta,3,Month-to-month,4G/5G,30.4,434.76,3,2,1,Yes,No,2.0,3349.86,Yes,<= Year,0.67,8.333333333333332,10.13,144.92,5217.12,1304.28,0,6.0
CUST-00468,49,Delta,35,Two year,DSL,110.7,245.39,1,1,1,No,Yes,4.0,2817.93,Yes,3 Years,0.03,8.333333333333332,110.7,245.39,2944.68,8588.65,0,1.0
CUST-00469,27,Giza,13,One year,DSL,155.7,549.17,5,2,0,Yes,Yes,5.0,6567.76,No,2 Years,0.15,0.0,31.14,109.83,6590.039999999999,7139.209999999999,1,0.0
CUST-00470,67,Giza,22,Two year,DSL,77.6,376.43,4,0,0,Yes,No,4.0,5028.34,No,2 Years,0.0,0.0,19.4,94.11,4517.16,8281.460000000001,0,0.0
CUST-00471,57,Cairo,72,Two year,DSL,186.9,540.79,6,1,1,No,No,2.0,7163.61,No,6 Years,0.01,8.333333333333332,31.15,90.13,6489.48,38936.88,1,3.0
CUST-00472,60,Upper Egypt,32,Two year,Fiber,228.7,549.78,5,2,2,No,No,2.0,7745.17,No,3 Years,0.06,16.666666666666664,45.74,109.96,6597.36,17592.96,1,6.0
CUST-00473,40,Delta,29,Month-to-month,Fiber,317.7,682.48,5,0,1,Yes,Yes,3.0,6544.2,No,3 Years,0.0,8.333333333333332,63.54,136.5,8189.76,19791.920000000002,1,0.0
CUST-00474,42,Giza,27,Month-to-month,4G/5G,222.1,474.28,4,0,0,Yes,Yes,3.0,4470.99,Yes,3 Years,0.0,0.0,55.52,118.57,5691.36,12805.56,0,0.0
CUST-00475,51,Cairo,45,Month-to-month,DSL,210.8,558.35,5,3,1,Yes,No,3.0,5614.99,No,4 Years,0.07,8.333333333333332,42.16,111.67,6700.200000000001,25125.75,1,6.0
CUST-00476,59,Cairo,38,Month-to-month,Fiber,195.8,492.12,3,0,2,No,No,3.0,4207.7,Yes,4 Years,0.0,16.666666666666664,65.27,164.04,5905.4400000000005,18700.56,1,0.0
CUST-00477,62,Giza,27,One year,DSL,135.3,564.95,6,2,2,Yes,No,2.0,6537.64,Yes,3 Years,0.07,16.666666666666664,22.55,94.16,6779.400000000001,15253.650000000001,1,6.0
CUST-00478,18,Upper Egypt,25,Month-to-month,4G/5G,310.2,545.86,5,4,2,Yes,Yes,4.0,5028.08,No,3 Years,0.16,16.666666666666664,62.04,109.17,6550.32,13646.5,1,4.0
CUST-00479,53,Delta,24,Month-to-month,DSL,338.9,382.63,2,1,0,No,No,4.0,4122.65,No,2 Years,0.04,0.0,169.45,191.32,4591.5599999999995,9183.119999999999,0,1.0
CUST-00480,23,Cairo,21,One year,4G/5G,228.7,570.79,6,2,2,Yes,Yes,4.0,6582.44,No,2 Years,0.1,16.666666666666664,38.12,95.13,6849.48,11986.59,1,2.0
CUST-00481,33,Delta,8,Month-to-month,Fiber,375.8,511.37,2,3,0,Yes,Yes,4.0,5082.73,No,<= Year,0.38,0.0,187.9,255.68,6136.4400000000005,4090.96,1,3.0
CUST-00482,61,Giza,31,Month-to-month,4G/5G,169.6,495.04,5,1,0,Yes,Yes,3.0,5310.55,No,3 Years,0.03,0.0,33.92,99.01,5940.4800000000005,15346.24,1,2.0
CUST-00483,31,Delta,14,Month-to-month,DSL,162.3,485.61,6,1,1,Yes,Yes,3.0,5085.74,No,2 Years,0.07,8.333333333333332,27.05,80.94,5827.32,6798.54,1,2.0
CUST-00484,60,Cairo,19,One year,4G/5G,272.6,351.27,3,4,3,Yes,Yes,2.0,4832.21,No,2 Years,0.21,25.0,90.87,117.09,4215.24,6674.129999999999,0,12.0
CUST-00485,42,Alexandria,39,Month-to-month,Fiber,280.6,497.64,2,3,2,No,Yes,5.0,5365.36,No,4 Years,0.08,16.666666666666664,140.3,248.82,5971.68,19407.96,1,0.0
CUST-00486,30,Upper Egypt,21,Month-to-month,Fiber,223.6,706.89,6,1,0,Yes,Yes,3.0,6851.23,No,2 Years,0.05,0.0,37.27,117.82,8482.68,14844.69,1,2.0
CUST-00487,35,Cairo,20,Month-to-month,4G/5G,198.8,440.02,5,2,5,Yes,Yes,2.0,3593.95,Yes,2 Years,0.1,41.66666666666667,39.76,88.0,5280.24,8800.4,0,6.0
CUST-00488,46,Delta,24,One year,Fiber,335.5,536.66,3,4,0,Yes,Yes,3.0,6569.57,No,2 Years,0.17,0.0,111.83,178.89,6439.92,12879.84,1,8.0
CUST-00489,58,Upper Egypt,17,Month-to-month,Fiber,173.9,615.34,6,1,2,Yes,No,1.0,6382.24,Yes,2 Years,0.06,16.666666666666664,28.98,102.56,7384.08,10460.78,1,4.0
CUST-00490,50,Cairo,72,Month-to-month,4G/5G,223.8,406.98,1,2,1,No,No,4.0,4774.71,Yes,6 Years,0.03,8.333333333333332,223.8,406.98,4883.76,29302.56,0,2.0
CUST-00491,67,Cairo,67,Two year,DSL,382.4,518.76,4,2,3,Yes,Yes,4.0,6508.63,No,6 Years,0.03,25.0,95.6,129.69,6225.12,34756.92,1,2.0
CUST-00492,63,Alexandria,66,Two year,4G/5G,109.7,381.67,2,4,1,Yes,No,3.0,5436.97,No,6 Years,0.06,8.333333333333332,54.85,190.84,4580.04,25190.22,0,8.0
CUST-00493,57,Giza,27,Month-to-month,DSL,188.7,323.33,2,3,1,Yes,Yes,3.0,3401.24,No,3 Years,0.11,8.333333333333332,94.35,161.66,3879.96,8729.91,0,6.0
CUST-00494,49,Cairo,13,Month-to-month,Fiber,322.3,449.67,3,1,2,Yes,Yes,4.0,4866.01,No,2 Years,0.08,16.666666666666664,107.43,149.89,5396.04,5845.71,0,1.0
CUST-00495,33,Giza,40,Month-to-month,DSL,277.5,532.66,4,1,4,No,Yes,3.0,5161.29,No,4 Years,0.02,33.33333333333333,69.38,133.16,6391.92,21306.399999999998,1,2.0
CUST-00496,39,Delta,17,One year,DSL,310.5,452.29,2,2,3,Yes,No,1.0,5085.59,Yes,2 Years,0.12,25.0,155.25,226.14,5427.4800000000005,7688.93,0,8.0
CUST-00497,24,Cairo,42,Month-to-month,4G/5G,110.9,392.37,4,1,0,Yes,Yes,5.0,3750.99,No,4 Years,0.02,0.0,27.72,98.09,4708.4400000000005,16479.54,0,0.0
CUST-00498,37,Giza,13,Two year,DSL,258.9,601.22,5,2,2,Yes,No,3.0,7964.61,No,2 Years,0.15,16.666666666666664,51.78,120.24,7214.64,7815.860000000001,1,4.0
CUST-00499,67,Delta,29,Two year,Fiber,204.3,319.03,1,1,2,Yes,No,2.0,3460.76,No,3 Years,0.03,16.666666666666664,204.3,319.03,3828.3599999999997,9251.869999999999,0,3.0
CUST-00500,40,Alexandria,46,One year,Fiber,434.5,331.85,1,3,0,No,Yes,5.0,4413.62,No,4 Years,0.07,0.0,434.5,331.85,3982.2000000000003,15265.1,0,0.0
CUST-00501,24,Delta,18,Month-to-month,DSL,302.8,555.68,5,3,1,Yes,No,5.0,5343.28,No,2 Years,0.17,8.333333333333332,60.56,111.14,6668.16,10002.24,1,0.0
CUST-00502,52,Giza,18,Two year,4G/5G,228.0,479.53,3,4,3,Yes,Yes,3.0,5740.15,No,2 Years,0.22,25.0,76.0,159.84,5754.36,8631.539999999999,0,8.0
CUST-00503,69,Upper Egypt,6,One year,DSL,255.7,288.81,2,3,4,Yes,No,2.0,3309.97,No,<= Year,0.5,33.33333333333333,127.85,144.4,3465.7200000000003,1732.8600000000001,0,9.0
CUST-00504,63,Alexandria,13,One year,4G/5G,234.9,510.2,6,3,0,Yes,No,3.0,6058.66,No,2 Years,0.23,0.0,39.15,85.03,6122.4,6632.599999999999,1,6.0
CUST-00505,32,Cairo,27,Month-to-month,4G/5G,292.9,449.09,3,1,3,No,Yes,3.0,3201.47,No,3 Years,0.04,25.0,97.63,149.7,5389.08,12125.429999999998,0,2.0
CUST-00506,42,Upper Egypt,30,One year,Fiber,152.9,318.54,1,3,1,Yes,Yes,5.0,3954.14,No,3 Years,0.1,8.333333333333332,152.9,318.54,3822.4800000000005,9556.2,0,0.0
CUST-00507,46,Giza,33,One year,DSL,352.9,484.42,2,1,2,Yes,No,5.0,5654.5,No,3 Years,0.03,16.666666666666664,176.45,242.21,5813.04,15985.86,0,0.0
CUST-00508,31,Cairo,4,Two year,DSL,110.8,427.76,4,1,4,Yes,Yes,4.0,5844.28,No,<= Year,0.25,33.33333333333333,27.7,106.94,5133.12,1711.04,0,1.0
CUST-00509,32,Cairo,17,One year,Fiber,248.5,484.81,2,2,3,Yes,No,4.0,5014.6,No,2 Years,0.12,25.0,124.25,242.4,5817.72,8241.77,0,2.0
CUST-00510,30,Delta,6,Month-to-month,DSL,155.8,565.74,6,1,1,Yes,Yes,3.0,6327.97,No,<= Year,0.17,8.333333333333332,25.97,94.29,6788.88,3394.44,1,2.0
CUST-00511,70,Cairo,26,Month-to-month,DSL,233.9,560.14,4,2,0,Yes,Yes,3.0,5998.46,No,3 Years,0.08,0.0,58.48,140.04,6721.68,14563.64,1,4.0
CUST-00512,57,Cairo,5,One year,4G/5G,318.9,327.15,1,4,1,Yes,Yes,2.0,3650.1,No,<= Year,0.8,8.333333333333332,318.9,327.15,3925.7999999999997,1635.75,0,12.0
CUST-00513,62,Cairo,8,Two year,Fiber,75.9,429.0,3,3,0,No,Yes,4.0,5525.43,No,<= Year,0.38,0.0,25.3,143.0,5148.0,3432.0,0,3.0
CUST-00514,61,Giza,37,One year,Fiber,214.7,400.3,3,1,2,Yes,No,4.0,4533.22,No,4 Years,0.03,16.666666666666664,71.57,133.43,4803.6,14811.1,0,1.0
CUST-00515,68,Giza,14,Month-to-month,DSL,100.4,302.79,1,3,2,Yes,Yes,3.0,3087.8,Yes,2 Years,0.21,16.666666666666664,100.4,302.79,3633.4800000000005,4239.06,0,6.0
CUST-00516,23,Alexandria,52,Month-to-month,4G/5G,204.9,394.12,1,2,2,Yes,No,5.0,3794.39,No,5 Years,0.04,16.666666666666664,204.9,394.12,4729.4400000000005,20494.24,0,0.0
CUST-00517,64,Cairo,34,One year,DSL,100.2,306.07,1,3,1,Yes,Yes,3.0,3709.7,No,3 Years,0.09,8.333333333333332,100.2,306.07,3672.84,10406.38,0,6.0
CUST-00518,21,Cairo,18,Two year,Fiber,244.6,601.08,5,2,0,Yes,Yes,4.0,7422.45,No,2 Years,0.11,0.0,48.92,120.22,7212.960000000001,10819.44,1,2.0
CUST-00519,43,Alexandria,41,Month-to-month,4G/5G,191.6,300.91,2,3,0,Yes,Yes,3.0,3582.23,No,4 Years,0.07,0.0,95.8,150.46,3610.92,12337.310000000001,0,6.0
CUST-00520,49,Giza,19,Month-to-month,Fiber,297.2,513.2,3,2,1,Yes,Yes,5.0,5274.81,No,2 Years,0.11,8.333333333333332,99.07,171.07,6158.400000000001,9750.800000000001,1,0.0
CUST-00521,36,Alexandria,36,Two year,Fiber,340.6,387.14,1,2,0,No,No,4.0,5120.95,No,3 Years,0.06,0.0,340.6,387.14,4645.68,13937.039999999999,0,2.0
CUST-00522,25,Cairo,12,Month-to-month,Fiber,231.0,708.51,6,0,3,Yes,Yes,3.0,6522.87,No,<= Year,0.0,25.0,38.5,118.08,8502.119999999999,8502.119999999999,1,0.0
CUST-00523,28,Cairo,43,Month-to-month,DSL,310.4,589.49,6,0,1,Yes,No,4.0,5640.86,Yes,4 Years,0.0,8.333333333333332,51.73,98.25,7073.88,25348.07,1,0.0
CUST-00524,61,Cairo,5,Month-to-month,4G/5G,354.4,585.04,5,1,0,Yes,Yes,2.0,5801.93,No,<= Year,0.2,0.0,70.88,117.01,7020.48,2925.2,1,3.0
CUST-00525,34,Giza,8,Month-to-month,Fiber,147.0,525.43,2,1,0,No,No,1.0,4473.28,No,<= Year,0.12,0.0,73.5,262.71,6305.16,4203.44,1,4.0
CUST-00526,34,Giza,10,Month-to-month,4G/5G,359.1,600.44,4,1,0,No,Yes,3.0,6315.99,No,<= Year,0.1,0.0,89.78,150.11,7205.280000000001,6004.400000000001,1,2.0
CUST-00527,66,Delta,14,One year,DSL,226.7,475.31,3,1,1,Yes,No,3.0,5649.52,No,2 Years,0.07,8.333333333333332,75.57,158.44,5703.72,6654.34,0,2.0
CUST-00528,25,Giza,28,One year,4G/5G,141.9,555.77,6,3,1,Yes,Yes,4.0,6427.24,Yes,3 Years,0.11,8.333333333333332,23.65,92.63,6669.24,15561.56,1,3.0
CUST-00529,66,Alexandria,22,One year,4G/5G,256.9,457.09,4,2,1,No,Yes,3.0,5670.41,No,2 Years,0.09,8.333333333333332,64.22,114.27,5485.08,10055.98,0,4.0
CUST-00530,66,Alexandria,36,One year,4G/5G,223.5,398.61,1,2,0,Yes,No,3.0,5091.18,No,3 Years,0.06,0.0,223.5,398.61,4783.32,14349.960000000001,0,4.0
CUST-00531,49,Cairo,47,Month-to-month,Fiber,103.4,416.35,1,5,2,Yes,No,1.0,3541.46,Yes,4 Years,0.11,16.666666666666664,103.4,416.35,4996.200000000001,19568.45,0,20.0
CUST-00532,26,Giza,5,Month-to-month,Fiber,130.9,493.99,5,0,1,No,Yes,4.0,5457.04,No,<= Year,0.0,8.333333333333332,26.18,98.8,5927.88,2469.95,1,0.0
CUST-00533,26,Giza,51,Month-to-month,4G/5G,377.4,589.93,5,3,2,Yes,No,4.0,4773.34,No,5 Years,0.06,16.666666666666664,75.48,117.99,7079.16,30086.429999999997,1,3.0
CUST-00534,33,Giza,19,Month-to-month,DSL,255.1,486.64,5,4,0,Yes,Yes,4.0,5460.27,No,2 Years,0.21,0.0,51.02,97.33,5839.68,9246.16,1,4.0
CUST-00535,48,Cairo,65,One year,DSL,363.4,439.56,2,1,1,No,Yes,4.0,5429.77,No,6 Years,0.02,8.333333333333332,181.7,219.78,5274.72,28571.4,0,1.0
CUST-00536,26,Delta,12,Month-to-month,4G/5G,192.5,607.9,5,4,0,No,No,5.0,6595.71,Yes,<= Year,0.33,0.0,38.5,121.58,7294.799999999999,7294.799999999999,1,0.0
CUST-00537,42,Upper Egypt,3,One year,4G/5G,157.9,349.73,2,4,2,Yes,No,3.0,4648.11,No,<= Year,1.33,16.666666666666664,78.95,174.86,4196.76,1049.19,0,8.0
CUST-00538,24,Cairo,34,Month-to-month,DSL,78.5,394.41,4,0,1,Yes,Yes,3.0,3809.36,No,3 Years,0.0,8.333333333333332,19.62,98.6,4732.92,13409.94,0,0.0
CUST-00539,46,Alexandria,32,Month-to-month,4G/5G,317.1,322.88,2,2,2,Yes,No,4.0,3130.98,No,3 Years,0.06,16.666666666666664,158.55,161.44,3874.56,10332.16,0,2.0
CUST-00540,19,Delta,9,Month-to-month,Fiber,267.0,343.96,1,1,0,No,No,4.0,3726.05,No,<= Year,0.11,0.0,267.0,343.96,4127.5199999999995,3095.64,0,1.0
CUST-00541,55,Cairo,9,Month-to-month,4G/5G,193.3,631.36,5,4,3,No,No,4.0,5464.43,Yes,<= Year,0.44,25.0,38.66,126.27,7576.32,5682.24,1,4.0
CUST-00542,20,Delta,38,One year,4G/5G,158.7,562.39,5,0,0,No,Yes,4.0,6704.47,No,4 Years,0.0,0.0,31.74,112.48,6748.68,21370.82,1,0.0
CUST-00543,28,Alexandria,29,One year,Fiber,331.4,691.88,5,2,2,Yes,Yes,4.0,7882.0,No,3 Years,0.07,16.666666666666664,66.28,138.38,8302.56,20064.52,1,2.0
CUST-00544,27,Upper Egypt,17,Month-to-month,Fiber,214.0,521.25,4,1,2,Yes,Yes,4.0,4470.16,No,2 Years,0.06,16.666666666666664,53.5,130.31,6255.0,8861.25,1,1.0
CUST-00545,62,Upper Egypt,31,One year,4G/5G,215.0,486.69,4,1,1,Yes,Yes,4.0,5653.71,No,3 Years,0.03,8.333333333333332,53.75,121.67,5840.28,15087.39,1,1.0
CUST-00546,20,Cairo,27,One year,DSL,175.9,507.88,5,3,0,Yes,No,2.0,6362.73,No,3 Years,0.11,0.0,35.18,101.58,6094.5599999999995,13712.76,1,9.0
CUST-00547,40,Giza,10,Month-to-month,Fiber,193.3,551.3,4,5,3,Yes,Yes,3.0,5456.54,Yes,<= Year,0.5,25.0,48.32,137.82,6615.599999999999,5513.0,1,10.0
CUST-00548,49,Alexandria,40,Month-to-month,Fiber,279.5,751.9,6,4,0,Yes,Yes,5.0,7558.01,No,4 Years,0.1,0.0,46.58,125.32,9022.8,30076.0,1,0.0
CUST-00549,45,Cairo,35,Month-to-month,Fiber,102.5,516.96,5,2,1,Yes,No,3.0,5181.78,No,3 Years,0.06,8.333333333333332,20.5,103.39,6203.52,18093.600000000002,1,4.0
CUST-00550,54,Giza,22,Month-to-month,Fiber,237.3,542.57,4,2,0,Yes,Yes,3.0,5291.53,No,2 Years,0.09,0.0,59.32,135.64,6510.84,11936.54,1,4.0
CUST-00551,60,Upper Egypt,38,Two year,4G/5G,316.0,496.45,4,2,0,No,No,5.0,5993.11,No,4 Years,0.05,0.0,79.0,124.11,5957.4,18865.1,1,0.0
CUST-00552,38,Cairo,70,Month-to-month,DSL,222.4,471.25,6,1,1,Yes,No,3.0,4443.41,No,6 Years,0.01,8.333333333333332,37.07,78.54,5655.0,32987.5,0,2.0
CUST-00553,61,Giza,9,Month-to-month,DSL,324.9,559.06,4,2,1,No,No,3.0,5849.37,Yes,<= Year,0.22,8.333333333333332,81.22,139.76,6708.719999999999,5031.539999999999,1,4.0
CUST-00554,34,Delta,18,One year,Fiber,350.7,524.36,1,6,0,Yes,Yes,5.0,6943.52,No,2 Years,0.33,0.0,350.7,524.36,6292.32,9438.48,1,0.0
CUST-00555,70,Giza,19,Month-to-month,Fiber,311.3,730.4,6,3,1,Yes,Yes,3.0,6685.32,No,2 Years,0.16,8.333333333333332,51.88,121.73,8764.8,13877.6,1,6.0
CUST-00556,44,Giza,37,One year,Fiber,181.6,376.69,1,2,1,Yes,Yes,3.0,5077.67,No,4 Years,0.05,8.333333333333332,181.6,376.69,4520.28,13937.53,0,4.0
CUST-00557,57,Upper Egypt,13,Month-to-month,4G/5G,226.8,498.13,2,2,1,No,No,1.0,4167.16,Yes,2 Years,0.15,8.333333333333332,113.4,249.06,5977.5599999999995,6475.69,1,8.0
CUST-00558,64,Giza,36,Month-to-month,4G/5G,261.1,434.46,2,4,0,Yes,No,3.0,4253.87,Yes,3 Years,0.11,0.0,130.55,217.23,5213.5199999999995,15640.56,0,8.0
CUST-00559,60,Cairo,15,Month-to-month,Fiber,187.7,410.49,1,2,0,No,No,4.0,4183.68,No,2 Years,0.13,0.0,187.7,410.49,4925.88,6157.35,0,2.0
CUST-00560,63,Cairo,8,Month-to-month,4G/5G,184.7,387.95,2,3,3,Yes,Yes,3.0,3488.26,Yes,<= Year,0.38,25.0,92.35,193.98,4655.4,3103.6,0,6.0
CUST-00561,46,Upper Egypt,23,Month-to-month,Fiber,179.3,434.29,2,2,2,Yes,No,2.0,3828.46,Yes,2 Years,0.09,16.666666666666664,89.65,217.14,5211.4800000000005,9988.67,0,6.0
CUST-00562,20,Cairo,14,One year,Fiber,458.9,627.08,4,4,1,No,Yes,3.0,7340.47,No,2 Years,0.29,8.333333333333332,114.72,156.77,7524.960000000001,8779.12,1,8.0
CUST-00563,44,Giza,25,One year,4G/5G,205.6,653.92,6,1,1,Yes,Yes,3.0,7990.63,No,3 Years,0.04,8.333333333333332,34.27,108.99,7847.039999999999,16347.999999999998,1,2.0
CUST-00564,27,Cairo,29,One year,Fiber,326.2,413.93,2,2,0,Yes,Yes,3.0,4399.92,No,3 Years,0.07,0.0,163.1,206.96,4967.16,12003.97,0,4.0
CUST-00565,65,Giza,5,Month-to-month,4G/5G,228.7,445.73,3,3,2,Yes,No,3.0,4293.79,No,<= Year,0.6,16.666666666666664,76.23,148.58,5348.76,2228.65,0,6.0
CUST-00566,30,Upper Egypt,16,Two year,Fiber,383.2,613.68,5,4,1,Yes,No,5.0,8472.98,No,2 Years,0.25,8.333333333333332,76.64,122.74,7364.16,9818.88,1,0.0
CUST-00567,30,Giza,23,Month-to-month,4G/5G,195.9,577.5,5,1,2,No,No,4.0,5454.62,Yes,2 Years,0.04,16.666666666666664,39.18,115.5,6930.0,13282.5,1,1.0
CUST-00568,31,Upper Egypt,38,Two year,Fiber,234.8,790.89,6,3,3,No,Yes,2.0,9674.2,No,4 Years,0.08,25.0,39.13,131.82,9490.68,30053.82,1,9.0
CUST-00569,52,Cairo,35,One year,Fiber,65.1,523.21,4,5,0,No,No,4.0,6013.97,No,3 Years,0.14,0.0,16.27,130.8,6278.52,18312.350000000002,1,5.0
CUST-00570,48,Giza,11,One year,Fiber,330.5,705.15,5,5,4,No,Yes,3.0,8749.29,No,<= Year,0.45,33.33333333333333,66.1,141.03,8461.8,7756.65,1,10.0
CUST-00571,68,Delta,19,Month-to-month,4G/5G,228.7,712.63,6,1,0,Yes,No,5.0,7837.18,No,2 Years,0.05,0.0,38.12,118.77,8551.56,13539.97,1,0.0
CUST-00572,40,Giza,30,One year,DSL,123.1,248.88,3,2,1,No,Yes,3.0,2964.65,No,3 Years,0.07,8.333333333333332,41.03,82.96,2986.56,7466.4,0,4.0
CUST-00573,32,Cairo,18,One year,DSL,335.7,615.34,6,1,3,Yes,No,3.0,7502.11,No,2 Years,0.06,25.0,55.95,102.56,7384.08,11076.12,1,2.0
CUST-00574,20,Delta,12,Month-to-month,Fiber,109.6,636.3,6,2,0,Yes,No,5.0,6179.0,Yes,<= Year,0.17,0.0,18.27,106.05,7635.599999999999,7635.599999999999,1,0.0
CUST-00575,18,Giza,21,One year,Fiber,286.9,289.13,1,2,2,Yes,Yes,2.0,3256.34,Yes,2 Years,0.1,16.666666666666664,286.9,289.13,3469.56,6071.73,0,6.0
CUST-00576,37,Alexandria,28,Month-to-month,Fiber,204.1,576.94,5,2,2,Yes,Yes,4.0,5183.17,No,3 Years,0.07,16.666666666666664,40.82,115.39,6923.280000000001,16154.320000000002,1,2.0
CUST-00577,67,Upper Egypt,10,Month-to-month,4G/5G,350.3,548.74,4,3,2,Yes,Yes,4.0,4476.82,Yes,<= Year,0.3,16.666666666666664,87.58,137.18,6584.88,5487.4,1,3.0
CUST-00578,45,Cairo,32,One year,Fiber,252.4,543.18,5,5,1,No,Yes,3.0,6166.05,No,3 Years,0.16,8.333333333333332,50.48,108.64,6518.16,17381.76,1,10.0
CUST-00579,65,Cairo,24,Two year,Fiber,313.8,525.92,4,1,1,No,No,3.0,6632.27,Yes,2 Years,0.04,8.333333333333332,78.45,131.48,6311.039999999999,12622.079999999998,1,2.0
CUST-00580,23,Cairo,33,Month-to-month,DSL,341.4,478.29,2,3,0,No,Yes,5.0,5233.72,No,3 Years,0.09,0.0,170.7,239.14,5739.4800000000005,15783.570000000002,0,0.0
CUST-00581,22,Giza,21,Month-to-month,DSL,203.8,210.5,3,2,1,No,No,4.0,2590.01,Yes,2 Years,0.1,8.333333333333332,67.93,70.17,2526.0,4420.5,0,2.0
CUST-00582,62,Cairo,63,Month-to-month,Fiber,227.4,616.34,5,3,0,No,Yes,4.0,6348.75,No,6 Years,0.05,0.0,45.48,123.27,7396.08,38829.420000000006,1,3.0
CUST-00583,23,Delta,28,Month-to-month,Fiber,130.0,683.39,6,3,1,Yes,No,4.0,6310.56,No,3 Years,0.11,8.333333333333332,21.67,113.9,8200.68,19134.92,1,3.0
CUST-00584,20,Cairo,36,Month-to-month,Fiber,203.0,370.65,1,0,2,Yes,No,4.0,3473.18,Yes,3 Years,0.0,16.666666666666664,203.0,370.65,4447.799999999999,13343.4,0,0.0
CUST-00585,39,Alexandria,32,Month-to-month,DSL,403.4,505.78,2,3,2,No,No,2.0,5570.1,Yes,3 Years,0.09,16.666666666666664,201.7,252.89,6069.36,16184.96,1,9.0
CUST-00586,67,Cairo,19,One year,Fiber,298.0,439.74,2,4,1,Yes,Yes,2.0,5398.41,Yes,2 Years,0.21,8.333333333333332,149.0,219.87,5276.88,8355.06,0,12.0
CUST-00587,54,Giza,26,Month-to-month,DSL,136.0,386.9,4,4,0,No,Yes,5.0,4791.63,No,3 Years,0.15,0.0,34.0,96.72,4642.799999999999,10059.4,0,0.0
CUST-00588,23,Giza,14,Month-to-month,Fiber,376.8,437.68,1,2,0,Yes,Yes,4.0,5286.29,No,2 Years,0.14,0.0,376.8,437.68,5252.16,6127.52,0,2.0
CUST-00589,62,Delta,60,Month-to-month,4G/5G,265.0,609.72,6,3,2,Yes,No,4.0,5831.1,No,5 Years,0.05,16.666666666666664,44.17,101.62,7316.64,36583.200000000004,1,3.0
CUST-00590,62,Giza,30,Month-to-month,4G/5G,304.7,559.35,5,1,1,Yes,Yes,5.0,6054.6,No,3 Years,0.03,8.333333333333332,60.94,111.87,6712.200000000001,16780.5,1,0.0
CUST-00591,60,Giza,11,Month-to-month,Fiber,274.1,664.25,6,0,0,Yes,Yes,4.0,6026.4,No,<= Year,0.0,0.0,45.68,110.71,7971.0,7306.75,1,0.0
CUST-00592,65,Delta,52,Month-to-month,Fiber,267.8,353.2,1,0,1,No,No,1.0,4010.9,No,5 Years,0.0,8.333333333333332,267.8,353.2,4238.4,18366.399999999998,0,0.0
CUST-00593,30,Alexandria,20,Month-to-month,Fiber,50.2,322.99,2,0,0,Yes,No,2.0,3655.75,No,2 Years,0.0,0.0,25.1,161.5,3875.88,6459.8,0,0.0
CUST-00594,69,Cairo,39,Month-to-month,4G/5G,329.6,428.55,3,1,0,Yes,Yes,3.0,3494.88,No,4 Years,0.03,0.0,109.87,142.85,5142.6,16713.45,0,2.0
CUST-00595,34,Upper Egypt,5,One year,DSL,27.1,473.21,5,1,2,No,Yes,4.0,5664.07,No,<= Year,0.2,16.666666666666664,5.42,94.64,5678.5199999999995,2366.0499999999997,0,1.0
CUST-00596,60,Giza,46,Two year,DSL,321.4,452.2,4,0,2,Yes,No,5.0,5688.04,No,4 Years,0.0,16.666666666666664,80.35,113.05,5426.4,20801.2,0,0.0
CUST-00597,48,Cairo,29,Month-to-month,Fiber,239.0,427.49,3,0,1,No,No,4.0,4213.15,No,3 Years,0.0,8.333333333333332,79.67,142.5,5129.88,12397.210000000001,0,0.0
CUST-00598,59,Giza,11,Month-to-month,Fiber,305.2,406.92,2,1,1,No,No,1.0,3546.9,Yes,<= Year,0.09,8.333333333333332,152.6,203.46,4883.04,4476.12,0,4.0
CUST-00599,51,Cairo,29,Month-to-month,DSL,244.3,379.13,2,1,0,No,Yes,5.0,4502.21,No,3 Years,0.03,0.0,122.15,189.56,4549.5599999999995,10994.77,0,0.0
CUST-00600,52,Cairo,57,Month-to-month,DSL,323.9,489.91,3,2,1,Yes,No,3.0,4703.0,No,5 Years,0.04,8.333333333333332,107.97,163.3,5878.92,27924.870000000003,1,4.0
CUST-00601,50,Delta,14,One year,4G/5G,231.5,604.26,5,2,1,No,Yes,5.0,6610.48,Yes,2 Years,0.14,8.333333333333332,46.3,120.85,7251.12,8459.64,1,0.0
CUST-00602,59,Cairo,14,One year,4G/5G,255.3,638.79,6,6,0,No,Yes,4.0,7232.2,No,2 Years,0.43,0.0,42.55,106.46,7665.48,8943.06,1,6.0
CUST-00603,57,Delta,19,Month-to-month,DSL,266.4,460.7,3,3,3,Yes,Yes,4.0,4330.59,No,2 Years,0.16,25.0,88.8,153.57,5528.4,8753.3,0,3.0
CUST-00604,25,Upper Egypt,23,Month-to-month,DSL,399.1,643.64,6,3,1,Yes,Yes,3.0,6464.04,No,2 Years,0.13,8.333333333333332,66.52,107.27,7723.68,14803.72,1,6.0
CUST-00605,61,Alexandria,41,Month-to-month,4G/5G,284.0,442.99,2,1,2,Yes,Yes,2.0,4849.5,No,4 Years,0.02,16.666666666666664,142.0,221.5,5315.88,18162.59,0,3.0
CUST-00606,46,Delta,30,Month-to-month,4G/5G,111.5,596.58,6,2,1,No,Yes,2.0,6025.07,No,3 Years,0.07,8.333333333333332,18.58,99.43,7158.960000000001,17897.4,1,6.0
CUST-00607,35,Delta,19,Two year,4G/5G,179.2,282.98,1,1,0,Yes,Yes,3.0,4129.32,No,2 Years,0.05,0.0,179.2,282.98,3395.76,5376.620000000001,0,2.0
CUST-00608,45,Upper Egypt,27,Month-to-month,4G/5G,283.8,523.69,5,2,2,Yes,Yes,2.0,5329.07,No,3 Years,0.07,16.666666666666664,56.76,104.74,6284.280000000001,14139.630000000001,1,6.0
CUST-00609,69,Giza,63,Month-to-month,Fiber,343.4,774.85,6,2,2,Yes,No,5.0,8135.42,No,6 Years,0.03,16.666666666666664,57.23,129.14,9298.2,48815.55,1,0.0
CUST-00610,63,Cairo,34,Month-to-month,DSL,165.0,344.6,2,6,2,No,No,4.0,3980.44,Yes,3 Years,0.18,16.666666666666664,82.5,172.3,4135.200000000001,11716.400000000001,0,6.0
CUST-00611,62,Giza,20,Month-to-month,DSL,431.6,661.85,5,0,1,Yes,No,5.0,7722.22,No,2 Years,0.0,8.333333333333332,86.32,132.37,7942.200000000001,13237.0,1,0.0
CUST-00612,42,Alexandria,19,Month-to-month,Fiber,245.8,327.91,1,3,2,Yes,No,3.0,3564.59,Yes,2 Years,0.16,16.666666666666664,245.8,327.91,3934.92,6230.290000000001,0,6.0
CUST-00613,59,Cairo,26,Month-to-month,DSL,267.9,574.48,6,2,1,Yes,No,3.0,5776.04,No,3 Years,0.08,8.333333333333332,44.65,95.75,6893.76,14936.48,1,4.0
CUST-00614,38,Alexandria,41,Month-to-month,Fiber,117.1,373.8,3,2,0,No,Yes,4.0,3814.39,No,4 Years,0.05,0.0,39.03,124.6,4485.6,15325.800000000001,0,2.0
CUST-00615,54,Cairo,12,Month-to-month,Fiber,330.4,566.1,3,3,0,Yes,No,3.0,5738.15,No,<= Year,0.25,0.0,110.13,188.7,6793.200000000001,6793.200000000001,1,6.0
CUST-00616,51,Upper Egypt,37,One year,Fiber,189.9,608.36,6,1,0,Yes,Yes,5.0,7966.52,No,4 Years,0.03,0.0,31.65,101.39,7300.32,22509.32,1,0.0
CUST-00617,31,Cairo,20,Month-to-month,DSL,162.9,526.41,6,2,0,Yes,Yes,5.0,4878.93,No,2 Years,0.1,0.0,27.15,87.74,6316.92,10528.199999999999,1,0.0
CUST-00618,32,Cairo,22,Month-to-month,DSL,201.5,459.12,2,0,1,No,No,5.0,5273.74,No,2 Years,0.0,8.333333333333332,100.75,229.56,5509.4400000000005,10100.64,0,0.0
CUST-00619,21,Cairo,72,Two year,DSL,354.4,666.34,6,3,0,Yes,Yes,5.0,8883.84,No,6 Years,0.04,0.0,59.07,111.06,7996.08,47976.48,1,0.0
CUST-00620,25,Cairo,35,Month-to-month,Fiber,271.9,489.3,2,3,0,No,Yes,4.0,4970.51,No,3 Years,0.09,0.0,135.95,244.65,5871.6,17125.5,1,3.0
CUST-00621,40,Cairo,15,Two year,DSL,150.0,430.88,5,4,1,Yes,No,3.0,5827.15,No,2 Years,0.27,8.333333333333332,30.0,86.18,5170.5599999999995,6463.2,0,8.0
CUST-00622,43,Cairo,29,Two year,Fiber,182.3,482.1,5,0,1,Yes,Yes,5.0,6224.54,No,3 Years,0.0,8.333333333333332,36.46,96.42,5785.200000000001,13980.900000000001,0,0.0
CUST-00623,26,Cairo,42,Month-to-month,Fiber,356.9,648.99,4,1,0,Yes,Yes,4.0,6811.03,No,4 Years,0.02,0.0,89.22,162.25,7787.88,27257.58,1,1.0
CUST-00624,40,Cairo,35,Month-to-month,Fiber,208.7,416.09,4,4,1,Yes,No,3.0,3691.18,No,3 Years,0.11,8.333333333333332,52.18,104.02,4993.08,14563.15,0,8.0
CUST-00625,50,Giza,3,Two year,4G/5G,280.4,443.98,3,2,2,Yes,No,3.0,5990.04,No,<= Year,0.67,16.666666666666664,93.47,147.99,5327.76,1331.94,0,4.0
CUST-00626,30,Giza,22,Month-to-month,Fiber,302.5,475.3,3,0,0,Yes,No,3.0,4886.96,No,2 Years,0.0,0.0,100.83,158.43,5703.6,10456.6,0,0.0
CUST-00627,35,Giza,30,Month-to-month,DSL,10.0,337.92,4,2,1,No,Yes,5.0,3611.25,No,3 Years,0.07,8.333333333333332,2.5,84.48,4055.04,10137.6,0,0.0
CUST-00628,37,Giza,28,One year,4G/5G,343.8,636.39,6,1,2,No,No,4.0,7562.09,No,3 Years,0.04,16.666666666666664,57.3,106.06,7636.68,17818.92,1,1.0
CUST-00629,44,Cairo,16,Month-to-month,Fiber,153.3,405.18,3,4,0,Yes,No,3.0,4103.46,No,2 Years,0.25,0.0,51.1,135.06,4862.16,6482.88,0,8.0
CUST-00630,37,Cairo,35,Two year,4G/5G,197.5,428.19,4,2,1,Yes,No,3.0,5857.48,Yes,3 Years,0.06,8.333333333333332,49.38,107.05,5138.28,14986.65,0,4.0
CUST-00631,57,Cairo,46,One year,Fiber,368.5,669.07,5,3,1,Yes,Yes,3.0,7823.89,No,4 Years,0.07,8.333333333333332,73.7,133.81,8028.84,30777.22,1,6.0
CUST-00632,35,Delta,5,Two year,Fiber,360.2,765.53,6,0,1,No,Yes,2.0,9507.96,No,<= Year,0.0,8.333333333333332,60.03,127.59,9186.36,3827.6499999999996,1,0.0
CUST-00633,40,Upper Egypt,5,One year,Fiber,274.4,578.76,6,2,0,Yes,Yes,4.0,6077.81,No,<= Year,0.4,0.0,45.73,96.46,6945.12,2893.8,1,2.0
CUST-00634,38,Upper Egypt,29,One year,DSL,295.6,453.07,3,4,2,Yes,No,2.0,5829.8,No,3 Years,0.14,16.666666666666664,98.53,151.02,5436.84,13139.03,0,12.0
CUST-00635,27,Giza,37,Month-to-month,4G/5G,318.0,680.62,6,4,2,Yes,Yes,4.0,6152.28,Yes,4 Years,0.11,16.666666666666664,53.0,113.44,8167.4400000000005,25182.94,1,4.0
CUST-00636,54,Alexandria,14,Two year,DSL,358.7,490.87,3,1,3,Yes,No,3.0,6862.99,No,2 Years,0.07,25.0,119.57,163.62,5890.4400000000005,6872.18,1,2.0
CUST-00637,30,Cairo,3,Two year,DSL,370.2,348.5,1,4,2,Yes,Yes,4.0,4375.18,No,<= Year,1.33,16.666666666666664,370.2,348.5,4182.0,1045.5,0,4.0
CUST-00638,33,Delta,22,Two year,Fiber,239.7,353.24,1,3,2,Yes,Yes,3.0,5106.38,No,2 Years,0.14,16.666666666666664,239.7,353.24,4238.88,7771.280000000001,0,6.0
CUST-00639,60,Delta,29,One year,4G/5G,163.6,413.91,2,2,1,Yes,Yes,2.0,5342.85,No,3 Years,0.07,8.333333333333332,81.8,206.96,4966.92,12003.390000000001,0,6.0
CUST-00640,68,Delta,18,One year,DSL,207.0,427.12,3,3,1,No,No,5.0,5640.86,No,2 Years,0.17,8.333333333333332,69.0,142.37,5125.4400000000005,7688.16,0,0.0
CUST-00641,53,Upper Egypt,43,Month-to-month,Fiber,241.4,392.56,3,2,3,Yes,No,3.0,3850.29,No,4 Years,0.05,25.0,80.47,130.85,4710.72,16880.08,0,4.0
CUST-00642,66,Giza,28,Two year,4G/5G,225.2,383.43,2,0,2,Yes,Yes,4.0,4507.57,No,3 Years,0.0,16.666666666666664,112.6,191.72,4601.16,10736.04,0,0.0
CUST-00643,63,Delta,13,Month-to-month,Fiber,138.9,405.83,2,1,4,Yes,Yes,5.0,3781.69,Yes,2 Years,0.08,33.33333333333333,69.45,202.92,4869.96,5275.79,0,0.0
CUST-00644,43,Delta,14,Month-to-month,Fiber,269.3,337.18,1,4,2,Yes,Yes,3.0,3124.52,Yes,2 Years,0.29,16.666666666666664,269.3,337.18,4046.16,4720.52,0,8.0
CUST-00645,58,Cairo,22,Month-to-month,Fiber,88.9,590.39,6,1,1,Yes,Yes,3.0,5730.1,No,2 Years,0.05,8.333333333333332,14.82,98.4,7084.68,12988.58,1,2.0
CUST-00646,35,Upper Egypt,17,One year,Fiber,237.7,467.35,2,2,2,No,Yes,3.0,4844.3,No,2 Years,0.12,16.666666666666664,118.85,233.68,5608.200000000001,7944.950000000001,0,4.0
CUST-00647,42,Cairo,4,One year,4G/5G,243.5,467.01,4,1,0,Yes,Yes,4.0,5479.04,No,<= Year,0.25,0.0,60.88,116.75,5604.12,1868.04,0,1.0
CUST-00648,46,Upper Egypt,26,Month-to-month,DSL,240.4,434.16,3,0,0,Yes,Yes,3.0,3118.5,No,3 Years,0.0,0.0,80.13,144.72,5209.92,11288.16,0,0.0
CUST-00649,68,Delta,14,Month-to-month,4G/5G,306.6,427.09,3,2,0,Yes,No,4.0,4252.4,No,2 Years,0.14,0.0,102.2,142.36,5125.08,5979.259999999999,0,2.0
CUST-00650,62,Cairo,16,Month-to-month,Fiber,294.7,393.96,2,1,0,Yes,Yes,3.0,4064.06,No,2 Years,0.06,0.0,147.35,196.98,4727.5199999999995,6303.36,0,2.0
CUST-00651,43,Alexandria,9,Month-to-month,DSL,430.0,417.27,1,1,2,Yes,Yes,5.0,3798.81,No,<= Year,0.11,16.666666666666664,430.0,417.27,5007.24,3755.43,0,0.0
CUST-00652,52,Cairo,58,Month-to-month,DSL,183.4,354.26,1,2,2,No,No,5.0,3684.35,No,5 Years,0.03,16.666666666666664,183.4,354.26,4251.12,20547.079999999998,0,0.0
CUST-00653,28,Delta,33,One year,DSL,255.1,471.85,5,2,2,Yes,Yes,4.0,5680.61,No,3 Years,0.06,16.666666666666664,51.02,94.37,5662.200000000001,15571.050000000001,0,2.0
CUST-00654,60,Delta,67,Month-to-month,DSL,249.4,477.18,3,4,1,Yes,Yes,3.0,5397.15,No,6 Years,0.06,8.333333333333332,83.13,159.06,5726.16,31971.06,0,8.0
CUST-00655,47,Alexandria,18,Month-to-month,DSL,245.1,587.44,6,3,3,No,Yes,3.0,6002.98,No,2 Years,0.17,25.0,40.85,97.91,7049.280000000001,10573.920000000002,1,6.0
CUST-00656,46,Delta,35,Month-to-month,DSL,116.2,142.4,1,1,2,No,Yes,4.0,1685.31,No,3 Years,0.03,16.666666666666664,116.2,142.4,1708.8000000000002,4984.0,0,1.0
CUST-00657,58,Cairo,26,Month-to-month,4G/5G,123.5,498.0,6,3,1,Yes,No,5.0,5078.08,Yes,3 Years,0.12,8.333333333333332,20.58,83.0,5976.0,12948.0,1,0.0
CUST-00658,51,Cairo,13,Two year,Fiber,230.6,416.08,1,0,1,Yes,Yes,3.0,5557.45,No,2 Years,0.0,8.333333333333332,230.6,416.08,4992.96,5409.04,0,0.0
CUST-00659,21,Giza,18,Month-to-month,Fiber,88.2,459.19,5,1,0,Yes,No,5.0,5597.97,No,2 Years,0.06,0.0,17.64,91.84,5510.28,8265.42,0,0.0
CUST-00660,33,Cairo,33,Month-to-month,DSL,199.9,536.95,6,1,2,Yes,Yes,4.0,5536.51,No,3 Years,0.03,16.666666666666664,33.32,89.49,6443.400000000001,17719.350000000002,1,1.0
CUST-00661,27,Giza,9,One year,Fiber,171.7,355.78,1,6,0,Yes,No,4.0,4495.48,Yes,<= Year,0.67,0.0,171.7,355.78,4269.36,3202.0199999999995,0,6.0
CUST-00662,56,Cairo,43,Month-to-month,Fiber,203.2,506.85,3,2,2,Yes,No,4.0,5481.92,No,4 Years,0.05,16.666666666666664,67.73,168.95,6082.200000000001,21794.55,1,2.0
CUST-00663,19,Giza,25,Two year,4G/5G,331.9,666.28,6,2,2,No,Yes,3.0,8501.83,No,3 Years,0.08,16.666666666666664,55.32,111.05,7995.36,16657.0,1,4.0
CUST-00664,28,Giza,39,Two year,Fiber,132.9,651.79,5,0,3,Yes,No,4.0,7965.34,No,4 Years,0.0,25.0,26.58,130.36,7821.48,25419.809999999998,1,0.0
CUST-00665,49,Upper Egypt,29,One year,Fiber,308.3,422.28,2,1,2,Yes,Yes,3.0,5154.92,No,3 Years,0.03,16.666666666666664,154.15,211.14,5067.36,12246.119999999999,0,2.0
CUST-00666,54,Cairo,5,Two year,DSL,178.6,348.29,2,3,0,Yes,Yes,5.0,4848.25,No,<= Year,0.6,0.0,89.3,174.14,4179.4800000000005,1741.45,0,0.0
CUST-00667,44,Upper Egypt,22,Month-to-month,Fiber,189.8,502.02,3,5,0,No,No,5.0,5110.49,No,2 Years,0.23,0.0,63.27,167.34,6024.24,11044.439999999999,1,0.0
CUST-00668,63,Giza,44,Month-to-month,Fiber,271.9,547.51,3,3,3,Yes,Yes,3.0,5529.33,Yes,4 Years,0.07,25.0,90.63,182.5,6570.12,24090.44,1,6.0
CUST-00669,66,Giza,24,Month-to-month,Fiber,205.3,485.84,2,3,1,Yes,No,5.0,4151.85,No,2 Years,0.12,8.333333333333332,102.65,242.92,5830.08,11660.16,1,0.0
CUST-00670,25,Giza,22,Month-to-month,Fiber,149.7,328.0,1,2,2,No,No,5.0,3136.82,Yes,2 Years,0.09,16.666666666666664,149.7,328.0,3936.0,7216.0,0,0.0
CUST-00671,68,Giza,24,Month-to-month,Fiber,196.7,515.57,3,3,0,Yes,No,4.0,4870.31,No,2 Years,0.12,0.0,65.57,171.86,6186.84,12373.68,1,3.0
CUST-00672,50,Cairo,4,Month-to-month,4G/5G,70.1,340.72,3,5,3,No,No,3.0,2800.43,Yes,<= Year,1.25,25.0,23.37,113.57,4088.6400000000003,1362.88,0,10.0
CUST-00673,51,Giza,46,Month-to-month,Fiber,264.3,446.16,2,1,2,Yes,No,3.0,4376.8,No,4 Years,0.02,16.666666666666664,132.15,223.08,5353.92,20523.36,0,2.0
CUST-00674,23,Cairo,2,Month-to-month,Fiber,10.0,546.37,5,1,1,No,Yes,3.0,4854.5,No,<= Year,0.5,8.333333333333332,2.0,109.27,6556.4400000000005,1092.74,1,2.0
CUST-00675,50,Giza,53,One year,DSL,309.9,446.42,2,3,2,Yes,No,5.0,6255.22,No,5 Years,0.06,16.666666666666664,154.95,223.21,5357.04,23660.260000000002,0,0.0
CUST-00676,56,Alexandria,17,Month-to-month,Fiber,285.4,709.8,6,1,0,Yes,Yes,3.0,7172.02,No,2 Years,0.06,0.0,47.57,118.3,8517.599999999999,12066.599999999999,1,2.0
CUST-00677,48,Giza,30,Month-to-month,Fiber,374.1,442.15,1,4,0,Yes,Yes,3.0,4171.05,No,3 Years,0.13,0.0,374.1,442.15,5305.799999999999,13264.5,0,8.0
CUST-00678,22,Delta,4,Month-to-month,Fiber,426.4,617.66,4,2,0,No,Yes,2.0,5178.06,Yes,<= Year,0.5,0.0,106.6,154.42,7411.92,2470.64,1,6.0
CUST-00679,45,Cairo,37,One year,Fiber,314.2,719.59,6,5,2,Yes,Yes,2.0,7999.39,No,4 Years,0.14,16.666666666666664,52.37,119.93,8635.08,26624.83,1,15.0
CUST-00680,67,Upper Egypt,33,Month-to-month,Fiber,173.5,536.35,2,2,0,No,Yes,3.0,5276.86,No,3 Years,0.06,0.0,86.75,268.18,6436.200000000001,17699.55,1,4.0
CUST-00681,56,Delta,32,One year,Fiber,425.5,668.71,4,3,0,Yes,No,4.0,7737.28,No,3 Years,0.09,0.0,106.38,167.18,8024.52,21398.72,1,3.0
CUST-00682,25,Upper Egypt,3,Month-to-month,4G/5G,122.5,542.55,5,1,1,No,Yes,2.0,6297.41,No,<= Year,0.33,8.333333333333332,24.5,108.51,6510.599999999999,1627.6499999999999,1,3.0
CUST-00683,68,Delta,12,Month-to-month,4G/5G,58.8,312.03,3,0,2,Yes,No,3.0,2276.25,No,<= Year,0.0,16.666666666666664,19.6,104.01,3744.3599999999997,3744.3599999999997,0,0.0
CUST-00684,68,Cairo,29,Two year,4G/5G,396.7,524.31,4,1,1,Yes,No,2.0,6771.33,No,3 Years,0.03,8.333333333333332,99.18,131.08,6291.719999999999,15204.989999999998,1,3.0
CUST-00685,26,Alexandria,46,Month-to-month,Fiber,284.1,550.15,4,0,0,Yes,No,5.0,5720.93,No,4 Years,0.0,0.0,71.03,137.54,6601.799999999999,25306.899999999998,1,0.0
CUST-00686,60,Cairo,10,Month-to-month,4G/5G,61.2,438.3,3,2,3,Yes,No,4.0,4060.36,Yes,<= Year,0.2,25.0,20.4,146.1,5259.6,4383.0,0,2.0
CUST-00687,39,Delta,11,Month-to-month,DSL,108.0,319.52,3,1,0,No,No,4.0,2493.03,Yes,<= Year,0.09,0.0,36.0,106.51,3834.24,3514.72,0,1.0
CUST-00688,49,Alexandria,28,Month-to-month,Fiber,279.6,546.59,3,0,1,No,Yes,2.0,5296.82,Yes,3 Years,0.0,8.333333333333332,93.2,182.2,6559.08,15304.52,1,0.0
CUST-00689,41,Cairo,72,Month-to-month,4G/5G,151.7,319.23,1,2,0,Yes,Yes,5.0,3829.18,No,6 Years,0.03,0.0,151.7,319.23,3830.76,22984.56,0,0.0
CUST-00690,59,Upper Egypt,13,Month-to-month,4G/5G,164.6,447.09,3,3,1,No,Yes,4.0,4869.1,Yes,2 Years,0.23,8.333333333333332,54.87,149.03,5365.08,5812.17,0,3.0
CUST-00691,70,Cairo,17,Month-to-month,Fiber,407.0,492.77,2,2,0,Yes,Yes,4.0,5234.81,No,2 Years,0.12,0.0,203.5,246.38,5913.24,8377.09,1,2.0
CUST-00692,60,Alexandria,15,Two year,4G/5G,423.3,493.05,3,2,0,Yes,No,3.0,7016.52,No,2 Years,0.13,0.0,141.1,164.35,5916.6,7395.75,1,4.0
CUST-00693,67,Delta,20,Month-to-month,Fiber,243.2,388.86,2,2,1,No,Yes,4.0,3038.96,No,2 Years,0.1,8.333333333333332,121.6,194.43,4666.32,7777.200000000001,0,2.0
CUST-00694,68,Cairo,48,Month-to-month,Fiber,216.5,575.89,4,6,1,Yes,No,4.0,5744.6,No,4 Years,0.12,8.333333333333332,54.12,143.97,6910.68,27642.72,1,6.0
CUST-00695,22,Alexandria,21,Two year,Fiber,311.2,409.04,1,1,0,Yes,Yes,4.0,6656.9,No,2 Years,0.05,0.0,311.2,409.04,4908.4800000000005,8589.84,0,1.0
CUST-00696,31,Delta,72,Month-to-month,Fiber,179.5,303.94,1,3,1,No,No,4.0,3901.96,No,6 Years,0.04,8.333333333333332,179.5,303.94,3647.2799999999997,21883.68,0,3.0
CUST-00697,56,Cairo,24,Two year,4G/5G,29.3,333.4,2,1,1,Yes,Yes,5.0,3926.74,No,2 Years,0.04,8.333333333333332,14.65,166.7,4000.7999999999997,8001.599999999999,0,0.0
CUST-00698,49,Giza,51,Month-to-month,DSL,10.0,577.08,4,1,1,Yes,Yes,3.0,5836.14,No,5 Years,0.02,8.333333333333332,2.5,144.27,6924.960000000001,29431.08,1,2.0
CUST-00699,20,Cairo,18,One year,Fiber,223.4,423.8,2,4,2,No,No,4.0,4519.15,No,2 Years,0.22,16.666666666666664,111.7,211.9,5085.6,7628.400000000001,0,4.0
CUST-00700,23,Alexandria,8,Two year,4G/5G,309.4,573.54,3,2,1,Yes,Yes,3.0,7143.54,No,<= Year,0.25,8.333333333333332,103.13,191.18,6882.48,4588.32,1,4.0
CUST-00701,45,Cairo,21,Month-to-month,4G/5G,231.4,200.76,1,2,2,Yes,No,1.0,2763.93,Yes,2 Years,0.1,16.666666666666664,231.4,200.76,2409.12,4215.96,0,8.0
CUST-00702,50,Upper Egypt,32,One year,4G/5G,302.9,465.22,3,2,1,No,Yes,3.0,5979.06,No,3 Years,0.06,8.333333333333332,100.97,155.07,5582.64,14887.04,0,4.0
CUST-00703,26,Upper Egypt,12,One year,4G/5G,311.9,536.03,3,2,2,Yes,No,3.0,5462.44,No,<= Year,0.17,16.666666666666664,103.97,178.68,6432.36,6432.36,1,4.0
CUST-00704,27,Cairo,46,One year,4G/5G,354.7,445.66,2,4,2,Yes,No,4.0,5032.67,No,4 Years,0.09,16.666666666666664,177.35,222.83,5347.92,20500.36,0,4.0
CUST-00705,24,Giza,15,Month-to-month,DSL,246.8,278.43,1,3,1,Yes,No,4.0,2901.43,No,2 Years,0.2,8.333333333333332,246.8,278.43,3341.16,4176.45,0,3.0
CUST-00706,47,Alexandria,9,Month-to-month,Fiber,254.8,555.38,4,3,1,No,Yes,4.0,5344.42,Yes,<= Year,0.33,8.333333333333332,63.7,138.84,6664.5599999999995,4998.42,1,3.0
CUST-00707,18,Delta,72,Month-to-month,4G/5G,226.7,450.32,2,1,2,Yes,No,5.0,4915.97,No,6 Years,0.01,16.666666666666664,113.35,225.16,5403.84,32423.04,0,0.0
CUST-00708,48,Giza,11,Two year,Fiber,206.7,601.45,3,4,2,Yes,Yes,3.0,7252.66,No,<= Year,0.36,16.666666666666664,68.9,200.48,7217.400000000001,6615.950000000001,1,8.0
CUST-00709,43,Cairo,15,Month-to-month,Fiber,88.5,607.24,5,5,0,Yes,Yes,1.0,5673.96,Yes,2 Years,0.33,0.0,17.7,121.45,7286.88,9108.6,1,20.0
CUST-00710,42,Cairo,35,Month-to-month,Fiber,335.5,394.72,1,3,1,No,No,4.0,3735.9,No,3 Years,0.09,8.333333333333332,335.5,394.72,4736.64,13815.2,0,3.0
CUST-00711,54,Upper Egypt,17,Two year,Fiber,195.5,576.47,5,2,0,Yes,Yes,3.0,7353.88,No,2 Years,0.12,0.0,39.1,115.29,6917.64,9799.99,1,4.0
CUST-00712,45,Giza,10,Month-to-month,Fiber,190.3,389.92,3,2,0,Yes,No,2.0,4176.38,Yes,<= Year,0.2,0.0,63.43,129.97,4679.04,3899.2000000000003,0,6.0
CUST-00713,56,Upper Egypt,14,One year,4G/5G,181.3,441.18,4,4,1,Yes,Yes,3.0,5320.02,No,2 Years,0.29,8.333333333333332,45.32,110.3,5294.16,6176.52,0,8.0
CUST-00714,58,Giza,69,Month-to-month,DSL,109.4,253.03,1,1,1,Yes,Yes,3.0,2537.78,No,6 Years,0.01,8.333333333333332,109.4,253.03,3036.36,17459.07,0,2.0
CUST-00715,66,Upper Egypt,33,One year,DSL,222.3,399.42,3,1,5,Yes,No,3.0,4919.94,No,3 Years,0.03,41.66666666666667,74.1,133.14,4793.04,13180.86,0,2.0
CUST-00716,60,Cairo,37,Month-to-month,Fiber,276.5,444.03,3,0,0,Yes,No,5.0,5219.81,No,4 Years,0.0,0.0,92.17,148.01,5328.36,16429.11,0,0.0
CUST-00717,45,Cairo,27,Month-to-month,DSL,166.5,384.38,2,2,0,Yes,No,4.0,4052.26,No,3 Years,0.07,0.0,83.25,192.19,4612.5599999999995,10378.26,0,2.0
CUST-00718,44,Upper Egypt,30,Month-to-month,Fiber,323.4,606.04,4,1,0,Yes,No,3.0,5946.37,No,3 Years,0.03,0.0,80.85,151.51,7272.48,18181.199999999997,1,2.0
CUST-00719,30,Upper Egypt,16,Month-to-month,Fiber,196.8,499.55,4,3,4,Yes,Yes,5.0,5548.91,No,2 Years,0.19,33.33333333333333,49.2,124.89,5994.6,7992.8,1,0.0
CUST-00720,49,Cairo,24,Month-to-month,DSL,92.1,373.11,3,0,1,No,No,3.0,4475.44,No,2 Years,0.0,8.333333333333332,30.7,124.37,4477.32,8954.64,0,0.0
CUST-00721,25,Giza,3,Month-to-month,DSL,353.6,466.33,4,2,2,Yes,Yes,2.0,3658.12,Yes,<= Year,0.67,16.666666666666664,88.4,116.58,5595.96,1398.99,0,6.0
CUST-00722,67,Giza,42,One year,Fiber,247.9,468.81,3,2,0,Yes,Yes,2.0,6195.65,No,4 Years,0.05,0.0,82.63,156.27,5625.72,19690.02,0,6.0
CUST-00723,62,Giza,16,Month-to-month,Fiber,307.7,669.75,5,4,4,Yes,No,3.0,6964.53,Yes,2 Years,0.25,33.33333333333333,61.54,133.95,8037.0,10716.0,1,8.0
CUST-00724,24,Cairo,8,Month-to-month,Fiber,309.8,493.64,2,4,5,Yes,Yes,2.0,4615.94,Yes,<= Year,0.5,41.66666666666667,154.9,246.82,5923.68,3949.12,1,12.0
CUST-00725,59,Upper Egypt,25,Month-to-month,DSL,144.9,466.82,5,0,2,Yes,No,2.0,4244.3,No,3 Years,0.0,16.666666666666664,28.98,93.36,5601.84,11670.5,0,0.0
CUST-00726,24,Cairo,19,Month-to-month,Fiber,183.0,491.68,3,5,2,Yes,Yes,3.0,4581.58,Yes,2 Years,0.26,16.666666666666664,61.0,163.89,5900.16,9341.92,1,10.0
CUST-00727,56,Delta,41,One year,Fiber,323.1,578.68,4,1,1,Yes,Yes,5.0,7802.31,No,4 Years,0.02,8.333333333333332,80.78,144.67,6944.16,23725.879999999997,1,0.0
CUST-00728,22,Cairo,21,Month-to-month,4G/5G,395.2,350.32,1,1,0,No,No,5.0,4159.89,No,2 Years,0.05,0.0,395.2,350.32,4203.84,7356.72,0,0.0
CUST-00729,43,Cairo,14,Two year,DSL,235.7,300.37,1,3,1,Yes,Yes,4.0,4284.83,No,2 Years,0.21,8.333333333333332,235.7,300.37,3604.44,4205.18,0,3.0
CUST-00730,52,Alexandria,22,One year,Fiber,173.6,659.71,6,2,2,Yes,Yes,4.0,8641.3,No,2 Years,0.09,16.666666666666664,28.93,109.95,7916.52,14513.62,1,2.0
CUST-00731,56,Giza,55,Two year,DSL,381.4,381.77,1,1,0,Yes,Yes,3.0,4826.08,No,5 Years,0.02,0.0,381.4,381.77,4581.24,20997.35,0,2.0
CUST-00732,40,Alexandria,42,One year,Fiber,173.6,432.88,4,5,2,Yes,No,4.0,5172.0,No,4 Years,0.12,16.666666666666664,43.4,108.22,5194.5599999999995,18180.96,0,5.0
CUST-00733,66,Cairo,33,Month-to-month,Fiber,259.6,512.79,3,0,1,No,Yes,5.0,5350.18,No,3 Years,0.0,8.333333333333332,86.53,170.93,6153.48,16922.07,1,0.0
CUST-00734,59,Upper Egypt,43,Two year,DSL,191.5,459.17,4,1,1,Yes,Yes,4.0,6070.21,No,4 Years,0.02,8.333333333333332,47.88,114.79,5510.04,19744.31,0,1.0
CUST-00735,29,Delta,34,One year,Fiber,254.2,287.2,1,7,1,No,Yes,3.0,2721.42,No,3 Years,0.21,8.333333333333332,254.2,287.2,3446.3999999999996,9764.8,0,14.0
CUST-00736,53,Upper Egypt,11,One year,Fiber,144.9,360.62,2,0,1,Yes,No,3.0,4714.57,No,<= Year,0.0,8.333333333333332,72.45,180.31,4327.4400000000005,3966.82,0,0.0
CUST-00737,56,Cairo,37,Month-to-month,4G/5G,196.3,466.63,3,3,2,Yes,No,3.0,4254.58,No,4 Years,0.08,16.666666666666664,65.43,155.54,5599.5599999999995,17265.31,0,6.0
CUST-00738,35,Giza,46,Month-to-month,DSL,173.5,637.11,6,2,1,Yes,No,4.0,6067.25,No,4 Years,0.04,8.333333333333332,28.92,106.18,7645.32,29307.06,1,2.0
CUST-00739,57,Giza,48,One year,4G/5G,289.6,384.82,3,3,0,Yes,Yes,3.0,4659.2,No,4 Years,0.06,0.0,96.53,128.27,4617.84,18471.36,0,6.0
CUST-00740,65,Alexandria,9,Month-to-month,4G/5G,244.7,566.84,4,2,0,Yes,Yes,4.0,5567.05,No,<= Year,0.22,0.0,61.18,141.71,6802.08,5101.56,1,2.0
CUST-00741,61,Cairo,15,One year,Fiber,309.2,474.08,4,2,2,Yes,No,4.0,5487.97,No,2 Years,0.13,16.666666666666664,77.3,118.52,5688.96,7111.2,0,2.0
CUST-00742,58,Cairo,13,Month-to-month,DSL,155.7,466.02,3,2,0,No,Yes,4.0,5180.64,No,2 Years,0.15,0.0,51.9,155.34,5592.24,6058.26,0,2.0
CUST-00743,51,Giza,18,Month-to-month,Fiber,211.2,582.14,5,1,0,Yes,Yes,2.0,6224.85,Yes,2 Years,0.06,0.0,42.24,116.43,6985.68,10478.52,1,3.0
CUST-00744,32,Cairo,30,Month-to-month,DSL,286.3,509.47,5,4,1,Yes,No,3.0,4941.9,No,3 Years,0.13,8.333333333333332,57.26,101.89,6113.64,15284.1,1,8.0
CUST-00745,60,Giza,25,Month-to-month,Fiber,307.3,541.27,3,5,1,No,Yes,3.0,5062.1,No,3 Years,0.2,8.333333333333332,102.43,180.42,6495.24,13531.75,1,10.0
CUST-00746,37,Cairo,25,Month-to-month,Fiber,99.9,335.02,2,4,2,Yes,Yes,3.0,3242.97,Yes,3 Years,0.16,16.666666666666664,49.95,167.51,4020.24,8375.5,0,8.0
CUST-00747,46,Cairo,7,One year,Fiber,258.6,476.64,2,2,1,No,Yes,3.0,5149.4,No,<= Year,0.29,8.333333333333332,129.3,238.32,5719.68,3336.48,0,4.0
CUST-00748,34,Alexandria,15,One year,4G/5G,156.8,582.77,6,2,1,No,Yes,5.0,6935.87,No,2 Years,0.13,8.333333333333332,26.13,97.13,6993.24,8741.55,1,0.0
CUST-00749,34,Giza,50,Two year,Fiber,311.8,203.95,1,3,1,Yes,No,4.0,2589.5,No,5 Years,0.06,8.333333333333332,311.8,203.95,2447.3999999999996,10197.5,0,3.0
CUST-00750,26,Giza,46,One year,DSL,397.4,381.44,2,2,2,No,Yes,2.0,5449.89,No,4 Years,0.04,16.666666666666664,198.7,190.72,4577.28,17546.24,0,6.0
CUST-00751,68,Alexandria,21,One year,4G/5G,10.0,324.31,2,3,0,Yes,Yes,2.0,3980.78,Yes,2 Years,0.14,0.0,5.0,162.16,3891.7200000000003,6810.51,0,9.0
CUST-00752,25,Delta,37,Month-to-month,DSL,171.0,563.62,5,2,1,Yes,Yes,5.0,5518.48,No,4 Years,0.05,8.333333333333332,34.2,112.72,6763.4400000000005,20853.94,1,0.0
CUST-00753,22,Giza,28,One year,Fiber,253.7,629.65,5,2,1,Yes,Yes,3.0,7700.13,No,3 Years,0.07,8.333333333333332,50.74,125.93,7555.799999999999,17630.2,1,4.0
CUST-00754,67,Alexandria,40,Two year,Fiber,229.7,715.05,6,1,1,Yes,No,3.0,8709.35,No,4 Years,0.02,8.333333333333332,38.28,119.18,8580.599999999999,28602.0,1,2.0
CUST-00755,47,Upper Egypt,38,One year,4G/5G,314.6,545.37,5,3,2,Yes,No,5.0,6221.55,No,4 Years,0.08,16.666666666666664,62.92,109.07,6544.4400000000005,20724.06,1,0.0
CUST-00756,41,Alexandria,22,Month-to-month,DSL,237.1,460.12,3,1,2,Yes,Yes,3.0,4647.47,No,2 Years,0.05,16.666666666666664,79.03,153.37,5521.4400000000005,10122.64,0,2.0
CUST-00757,57,Upper Egypt,33,One year,Fiber,182.3,405.23,1,2,1,Yes,Yes,2.0,4856.87,No,3 Years,0.06,8.333333333333332,182.3,405.23,4862.76,13372.59,0,6.0
CUST-00758,38,Delta,30,Month-to-month,4G/5G,138.2,492.8,6,1,0,Yes,Yes,2.0,5394.56,No,3 Years,0.03,0.0,23.03,82.13,5913.6,14784.0,1,3.0
CUST-00759,24,Cairo,23,Month-to-month,Fiber,123.0,622.23,5,2,3,Yes,Yes,4.0,4730.72,No,2 Years,0.09,25.0,24.6,124.45,7466.76,14311.29,1,2.0
CUST-00760,56,Giza,19,One year,Fiber,163.2,375.0,1,0,0,Yes,No,5.0,5093.2,No,2 Years,0.0,0.0,163.2,375.0,4500.0,7125.0,0,0.0
CUST-00761,27,Delta,64,Two year,Fiber,179.1,622.59,6,3,0,No,No,4.0,8165.44,No,6 Years,0.05,0.0,29.85,103.76,7471.08,39845.76,1,3.0
CUST-00762,47,Upper Egypt,23,Month-to-month,Fiber,264.5,544.1,4,1,0,No,Yes,3.0,4921.13,No,2 Years,0.04,0.0,66.12,136.02,6529.200000000001,12514.300000000001,1,2.0
CUST-00763,68,Giza,36,Month-to-month,Fiber,215.9,484.95,4,1,1,No,No,3.0,4083.71,No,3 Years,0.03,8.333333333333332,53.98,121.24,5819.4,17458.2,0,2.0
CUST-00764,67,Cairo,60,Two year,DSL,171.4,429.83,3,1,1,Yes,No,4.0,5634.27,No,5 Years,0.02,8.333333333333332,57.13,143.28,5157.96,25789.8,0,1.0
CUST-00765,37,Alexandria,33,Month-to-month,Fiber,139.2,419.49,2,1,0,Yes,No,1.0,4886.95,Yes,3 Years,0.03,0.0,69.6,209.74,5033.88,13843.17,0,4.0
CUST-00766,59,Cairo,32,Month-to-month,DSL,166.8,425.43,3,2,0,Yes,No,4.0,4898.13,No,3 Years,0.06,0.0,55.6,141.81,5105.16,13613.76,0,2.0
CUST-00767,50,Delta,23,One year,4G/5G,179.2,327.45,1,3,1,Yes,No,4.0,4764.15,No,2 Years,0.13,8.333333333333332,179.2,327.45,3929.3999999999996,7531.349999999999,0,3.0
CUST-00768,43,Giza,30,Two year,4G/5G,162.7,438.13,3,3,0,Yes,Yes,5.0,5966.67,No,3 Years,0.1,0.0,54.23,146.04,5257.5599999999995,13143.9,0,0.0
CUST-00769,25,Delta,18,Month-to-month,Fiber,290.6,389.15,1,4,1,Yes,Yes,5.0,4080.46,Yes,2 Years,0.22,8.333333333333332,290.6,389.15,4669.799999999999,7004.7,0,0.0
CUST-00770,37,Upper Egypt,72,Month-to-month,4G/5G,353.1,613.41,4,5,1,No,No,5.0,5690.85,No,6 Years,0.07,8.333333333333332,88.28,153.35,7360.92,44165.52,1,0.0
CUST-00771,52,Alexandria,7,Month-to-month,Fiber,124.2,430.53,2,2,1,Yes,Yes,5.0,3653.99,No,<= Year,0.29,8.333333333333332,62.1,215.26,5166.36,3013.71,0,0.0
CUST-00772,70,Alexandria,20,Month-to-month,DSL,330.7,520.19,4,5,0,Yes,No,5.0,5302.99,No,2 Years,0.25,0.0,82.68,130.05,6242.280000000001,10403.800000000001,1,0.0
CUST-00773,18,Delta,33,One year,Fiber,292.4,508.71,3,3,0,Yes,Yes,4.0,5603.94,No,3 Years,0.09,0.0,97.47,169.57,6104.5199999999995,16787.43,1,3.0
CUST-00774,56,Delta,32,Two year,DSL,246.2,271.31,2,0,2,Yes,Yes,4.0,3280.26,No,3 Years,0.0,16.666666666666664,123.1,135.66,3255.7200000000003,8681.92,0,0.0
CUST-00775,62,Upper Egypt,18,Month-to-month,Fiber,367.4,325.46,1,5,1,Yes,No,2.0,3215.75,No,2 Years,0.28,8.333333333333332,367.4,325.46,3905.5199999999995,5858.28,0,15.0
CUST-00776,68,Cairo,5,Month-to-month,DSL,214.7,391.32,3,3,1,No,Yes,4.0,4480.31,No,<= Year,0.6,8.333333333333332,71.57,130.44,4695.84,1956.6,0,3.0
CUST-00777,40,Alexandria,8,Month-to-month,Fiber,266.2,465.92,1,3,2,Yes,Yes,4.0,4525.47,No,<= Year,0.38,16.666666666666664,266.2,465.92,5591.04,3727.36,0,3.0
CUST-00778,24,Cairo,26,Month-to-month,Fiber,241.1,402.86,2,2,1,Yes,Yes,3.0,3428.66,No,3 Years,0.08,8.333333333333332,120.55,201.43,4834.32,10474.36,0,4.0
CUST-00779,32,Upper Egypt,3,Month-to-month,DSL,234.4,382.48,3,2,0,Yes,No,2.0,2935.23,No,<= Year,0.67,0.0,78.13,127.49,4589.76,1147.44,0,6.0
CUST-00780,63,Alexandria,35,Month-to-month,Fiber,271.3,509.62,4,7,0,Yes,Yes,5.0,5398.99,Yes,3 Years,0.2,0.0,67.82,127.4,6115.4400000000005,17836.7,1,0.0
CUST-00781,64,Giza,49,One year,DSL,234.2,348.02,3,4,0,No,No,4.0,4207.54,No,5 Years,0.08,0.0,78.07,116.01,4176.24,17052.98,0,4.0
CUST-00782,51,Cairo,39,Month-to-month,DSL,272.0,273.07,1,4,0,No,Yes,5.0,3203.22,No,4 Years,0.1,0.0,272.0,273.07,3276.84,10649.73,0,0.0
CUST-00783,24,Giza,44,One year,DSL,169.7,519.82,5,2,1,Yes,No,4.0,6211.66,No,4 Years,0.05,8.333333333333332,33.94,103.96,6237.84,22872.08,1,2.0
CUST-00784,24,Delta,3,Month-to-month,DSL,172.5,368.51,3,1,1,No,Yes,5.0,3732.55,No,<= Year,0.33,8.333333333333332,57.5,122.84,4422.12,1105.53,0,0.0
CUST-00785,43,Cairo,19,Two year,4G/5G,169.3,454.79,4,4,0,Yes,No,5.0,6711.49,No,2 Years,0.21,0.0,42.32,113.7,5457.4800000000005,8641.01,0,0.0
CUST-00786,49,Cairo,10,Two year,4G/5G,197.2,570.48,6,7,0,No,No,3.0,7883.71,No,<= Year,0.7,0.0,32.87,95.08,6845.76,5704.8,1,14.0
CUST-00787,19,Upper Egypt,6,Month-to-month,Fiber,321.2,430.09,1,1,0,Yes,Yes,3.0,4461.61,No,<= Year,0.17,0.0,321.2,430.09,5161.08,2580.54,0,2.0
CUST-00788,54,Delta,16,Month-to-month,DSL,188.4,588.06,6,2,1,No,Yes,3.0,5321.4,No,2 Years,0.12,8.333333333333332,31.4,98.01,7056.719999999999,9408.96,1,4.0
CUST-00789,46,Cairo,60,One year,DSL,288.7,501.92,6,1,0,No,No,2.0,5873.58,No,5 Years,0.02,0.0,48.12,83.65,6023.04,30115.2,1,3.0
CUST-00790,18,Cairo,70,Month-to-month,Fiber,253.9,514.66,4,2,2,Yes,No,5.0,5710.72,No,6 Years,0.03,16.666666666666664,63.48,128.66,6175.92,36026.2,1,0.0
CUST-00791,23,Upper Egypt,11,Month-to-month,Fiber,190.3,362.39,1,5,2,Yes,Yes,4.0,4152.57,Yes,<= Year,0.45,16.666666666666664,190.3,362.39,4348.68,3986.29,0,5.0
CUST-00792,42,Delta,24,Month-to-month,Fiber,347.8,506.31,2,2,2,Yes,Yes,4.0,4405.93,No,2 Years,0.08,16.666666666666664,173.9,253.16,6075.72,12151.44,1,2.0
CUST-00793,56,Alexandria,30,Two year,DSL,296.3,394.6,2,6,0,Yes,No,2.0,5921.97,No,3 Years,0.2,0.0,148.15,197.3,4735.200000000001,11838.0,0,18.0
CUST-00794,61,Cairo,19,Month-to-month,Fiber,230.2,592.72,4,0,1,Yes,No,4.0,5511.95,Yes,2 Years,0.0,8.333333333333332,57.55,148.18,7112.64,11261.68,1,0.0
CUST-00795,40,Cairo,51,Month-to-month,DSL,222.7,446.97,5,2,3,Yes,No,3.0,4679.63,No,5 Years,0.04,25.0,44.54,89.39,5363.64,22795.47,0,4.0
CUST-00796,33,Cairo,16,Month-to-month,DSL,228.7,443.44,3,1,3,Yes,Yes,5.0,5591.08,No,2 Years,0.06,25.0,76.23,147.81,5321.28,7095.04,0,0.0
CUST-00797,69,Delta,14,One year,DSL,92.3,477.91,3,2,1,Yes,Yes,3.0,4885.47,No,2 Years,0.14,8.333333333333332,30.77,159.3,5734.92,6690.740000000001,0,4.0
CUST-00798,42,Cairo,12,Month-to-month,Fiber,155.8,356.81,1,0,3,No,Yes,5.0,3727.09,No,<= Year,0.0,25.0,155.8,356.81,4281.72,4281.72,0,0.0
CUST-00799,34,Cairo,19,Two year,4G/5G,271.6,638.08,6,3,0,Yes,Yes,4.0,8237.01,No,2 Years,0.16,0.0,45.27,106.35,7656.960000000001,12123.52,1,3.0
CUST-00800,41,Delta,1,One year,DSL,87.5,556.82,6,3,0,Yes,No,3.0,6727.23,No,,3.0,0.0,14.58,92.8,6681.84,556.82,1,6.0
CUST-00801,18,Upper Egypt,19,Month-to-month,Fiber,162.7,326.84,1,0,0,Yes,Yes,5.0,3275.66,No,2 Years,0.0,0.0,162.7,326.84,3922.08,6209.959999999999,0,0.0
CUST-00802,34,Delta,25,Month-to-month,Fiber,194.7,371.9,2,4,3,No,Yes,5.0,2590.21,No,3 Years,0.16,25.0,97.35,185.95,4462.799999999999,9297.5,0,0.0
CUST-00803,45,Giza,26,One year,Fiber,491.3,759.9,6,0,3,Yes,Yes,4.0,8382.41,No,3 Years,0.0,25.0,81.88,126.65,9118.8,19757.399999999998,1,0.0
CUST-00804,66,Giza,9,One year,4G/5G,290.6,384.47,3,0,1,Yes,Yes,4.0,4597.99,Yes,<= Year,0.0,8.333333333333332,96.87,128.16,4613.64,3460.2300000000005,0,0.0
CUST-00805,57,Giza,26,Month-to-month,Fiber,328.8,606.71,4,2,0,Yes,No,4.0,6735.93,Yes,3 Years,0.08,0.0,82.2,151.68,7280.52,15774.460000000001,1,2.0
CUST-00806,59,Giza,25,Month-to-month,Fiber,157.5,550.91,4,0,2,Yes,No,4.0,5584.04,No,3 Years,0.0,16.666666666666664,39.38,137.73,6610.92,13772.75,1,0.0
CUST-00807,46,Alexandria,26,Month-to-month,Fiber,262.6,471.57,4,0,3,No,No,4.0,5226.65,No,3 Years,0.0,25.0,65.65,117.89,5658.84,12260.82,0,0.0
CUST-00808,23,Giza,39,Month-to-month,Fiber,71.6,606.17,6,3,0,Yes,Yes,4.0,5966.68,No,4 Years,0.08,0.0,11.93,101.03,7274.039999999999,23640.629999999997,1,3.0
CUST-00809,38,Alexandria,9,Month-to-month,Fiber,200.2,469.19,3,2,2,Yes,No,3.0,4217.94,Yes,<= Year,0.22,16.666666666666664,66.73,156.4,5630.28,4222.71,0,4.0
CUST-00810,70,Upper Egypt,19,Month-to-month,4G/5G,275.5,660.97,5,3,0,Yes,No,3.0,6676.03,No,2 Years,0.16,0.0,55.1,132.19,7931.64,12558.43,1,6.0
CUST-00811,20,Upper Egypt,4,Month-to-month,Fiber,102.4,515.96,3,1,0,Yes,No,2.0,4840.63,No,<= Year,0.25,0.0,34.13,171.99,6191.52,2063.84,1,3.0
CUST-00812,64,Cairo,37,Two year,4G/5G,265.4,457.13,2,0,0,Yes,Yes,2.0,6555.16,No,4 Years,0.0,0.0,132.7,228.56,5485.5599999999995,16913.81,0,0.0
CUST-00813,54,Giza,10,One year,Fiber,272.8,465.27,1,2,1,Yes,Yes,4.0,4885.72,Yes,<= Year,0.2,8.333333333333332,272.8,465.27,5583.24,4652.7,0,2.0
CUST-00814,33,Cairo,43,Two year,Fiber,175.8,561.71,5,1,0,No,No,1.0,7693.32,No,4 Years,0.02,0.0,35.16,112.34,6740.52,24153.530000000002,1,4.0
CUST-00815,59,Giza,44,One year,4G/5G,154.9,493.15,4,2,2,Yes,No,4.0,6446.31,No,4 Years,0.05,16.666666666666664,38.72,123.29,5917.799999999999,21698.6,1,2.0
CUST-00816,62,Cairo,20,One year,DSL,165.6,544.05,6,7,0,Yes,Yes,4.0,6721.22,No,2 Years,0.35,0.0,27.6,90.68,6528.599999999999,10881.0,1,7.0
CUST-00817,20,Cairo,20,Month-to-month,4G/5G,198.8,330.69,2,1,2,Yes,No,3.0,3645.99,Yes,2 Years,0.05,16.666666666666664,99.4,165.34,3968.2799999999997,6613.8,0,2.0
CUST-00818,23,Delta,6,One year,Fiber,201.5,596.11,5,1,0,No,No,5.0,6862.02,No,<= Year,0.17,0.0,40.3,119.22,7153.32,3576.66,1,0.0
CUST-00819,53,Giza,23,Month-to-month,DSL,275.9,320.25,1,4,1,Yes,No,3.0,2878.4,No,2 Years,0.17,8.333333333333332,275.9,320.25,3843.0,7365.75,0,8.0
CUST-00820,70,Upper Egypt,39,Month-to-month,DSL,181.9,278.0,1,1,2,No,Yes,4.0,3075.53,No,4 Years,0.03,16.666666666666664,181.9,278.0,3336.0,10842.0,0,1.0
CUST-00821,19,Cairo,28,Two year,Fiber,374.2,598.93,4,2,2,No,No,1.0,7169.7,No,3 Years,0.07,16.666666666666664,93.55,149.73,7187.16,16770.039999999997,1,8.0
CUST-00822,53,Cairo,55,Two year,4G/5G,373.5,565.29,4,2,0,No,No,1.0,7545.03,No,5 Years,0.04,0.0,93.38,141.32,6783.48,31090.949999999997,1,8.0
CUST-00823,25,Giza,17,Month-to-month,Fiber,251.3,604.31,4,1,2,Yes,Yes,3.0,5917.08,No,2 Years,0.06,16.666666666666664,62.82,151.08,7251.719999999999,10273.269999999999,1,2.0
CUST-00824,52,Cairo,17,One year,Fiber,199.0,613.47,6,1,2,No,No,4.0,7094.58,Yes,2 Years,0.06,16.666666666666664,33.17,102.24,7361.64,10428.99,1,1.0
CUST-00825,51,Cairo,11,Month-to-month,4G/5G,182.0,528.78,6,3,0,Yes,Yes,4.0,5451.43,No,<= Year,0.27,0.0,30.33,88.13,6345.36,5816.58,1,3.0
CUST-00826,22,Upper Egypt,72,Month-to-month,DSL,258.5,410.52,2,3,0,Yes,Yes,3.0,4728.11,No,6 Years,0.04,0.0,129.25,205.26,4926.24,29557.44,0,6.0
CUST-00827,54,Cairo,6,Month-to-month,4G/5G,274.3,461.33,2,6,2,Yes,No,4.0,4423.02,Yes,<= Year,1.0,16.666666666666664,137.15,230.66,5535.96,2767.98,0,6.0
CUST-00828,65,Cairo,37,Month-to-month,4G/5G,211.9,520.21,4,4,0,Yes,Yes,4.0,5159.6,No,4 Years,0.11,0.0,52.98,130.05,6242.52,19247.77,1,4.0
CUST-00829,63,Alexandria,40,One year,Fiber,194.6,581.32,6,3,2,Yes,Yes,3.0,7167.5,No,4 Years,0.08,16.666666666666664,32.43,96.89,6975.84,23252.800000000003,1,6.0
CUST-00830,19,Giza,38,Month-to-month,DSL,261.7,532.23,5,3,1,No,No,4.0,5514.66,Yes,4 Years,0.08,8.333333333333332,52.34,106.45,6386.76,20224.74,1,3.0
CUST-00831,31,Alexandria,12,Month-to-month,4G/5G,236.2,360.44,1,1,0,No,No,2.0,3796.69,Yes,<= Year,0.08,0.0,236.2,360.44,4325.28,4325.28,0,3.0
CUST-00832,30,Giza,20,Two year,Fiber,178.5,469.07,4,5,0,Yes,No,2.0,6376.21,No,2 Years,0.25,0.0,44.62,117.27,5628.84,9381.4,0,15.0
CUST-00833,42,Delta,34,Month-to-month,DSL,240.2,379.22,3,0,2,No,Yes,3.0,3826.36,Yes,3 Years,0.0,16.666666666666664,80.07,126.41,4550.64,12893.480000000001,0,0.0
CUST-00834,25,Cairo,14,Month-to-month,4G/5G,175.5,313.64,1,4,4,Yes,No,4.0,2770.76,Yes,2 Years,0.29,33.33333333333333,175.5,313.64,3763.68,4390.96,0,4.0
CUST-00835,63,Giza,18,Month-to-month,Fiber,162.4,641.76,5,5,1,No,Yes,3.0,5959.25,No,2 Years,0.28,8.333333333333332,32.48,128.35,7701.12,11551.68,1,10.0
CUST-00836,59,Delta,14,Month-to-month,4G/5G,229.6,409.61,2,4,1,Yes,Yes,4.0,4084.18,Yes,2 Years,0.29,8.333333333333332,114.8,204.8,4915.32,5734.54,0,4.0
CUST-00837,60,Upper Egypt,25,Month-to-month,DSL,178.3,476.26,5,3,1,Yes,Yes,2.0,4859.55,Yes,3 Years,0.12,8.333333333333332,35.66,95.25,5715.12,11906.5,0,9.0
CUST-00838,28,Giza,23,One year,4G/5G,164.0,471.24,4,3,2,Yes,Yes,3.0,5708.37,No,2 Years,0.13,16.666666666666664,41.0,117.81,5654.88,10838.52,0,6.0
CUST-00839,18,Alexandria,61,Two year,DSL,324.1,416.52,3,1,2,No,No,4.0,5687.9,No,6 Years,0.02,16.666666666666664,108.03,138.84,4998.24,25407.719999999998,0,1.0
CUST-00840,66,Cairo,34,Month-to-month,DSL,194.7,326.33,2,1,2,Yes,Yes,3.0,3422.9,No,3 Years,0.03,16.666666666666664,97.35,163.16,3915.96,11095.22,0,2.0
CUST-00841,33,Cairo,8,Month-to-month,4G/5G,395.9,500.17,2,3,1,Yes,No,3.0,4364.48,No,<= Year,0.38,8.333333333333332,197.95,250.08,6002.04,4001.36,1,6.0
CUST-00842,52,Cairo,8,Month-to-month,Fiber,286.4,408.23,3,0,0,No,No,1.0,3732.06,No,<= Year,0.0,0.0,95.47,136.08,4898.76,3265.84,0,0.0
CUST-00843,66,Delta,38,Two year,DSL,156.1,571.65,5,5,2,Yes,Yes,4.0,7746.15,No,4 Years,0.13,16.666666666666664,31.22,114.33,6859.799999999999,21722.7,1,5.0
CUST-00844,19,Cairo,23,Month-to-month,4G/5G,334.4,612.47,3,3,1,Yes,No,3.0,5612.66,No,2 Years,0.13,8.333333333333332,111.47,204.16,7349.64,14086.810000000001,1,6.0
CUST-00845,18,Delta,72,Month-to-month,4G/5G,165.5,326.83,1,3,1,Yes,No,3.0,3622.73,No,6 Years,0.04,8.333333333333332,165.5,326.83,3921.96,23531.76,0,6.0
CUST-00846,18,Cairo,72,Two year,4G/5G,407.6,364.18,1,2,0,No,Yes,5.0,5328.16,No,6 Years,0.03,0.0,407.6,364.18,4370.16,26220.96,0,0.0
CUST-00847,26,Upper Egypt,11,One year,Fiber,250.4,434.11,2,2,3,No,Yes,3.0,4840.56,No,<= Year,0.18,25.0,125.2,217.06,5209.32,4775.21,0,4.0
CUST-00848,20,Delta,28,Month-to-month,DSL,278.8,506.24,4,6,1,Yes,No,3.0,5323.89,Yes,3 Years,0.21,8.333333333333332,69.7,126.56,6074.88,14174.720000000001,1,12.0
CUST-00849,61,Cairo,9,Month-to-month,DSL,232.8,334.53,2,0,0,Yes,Yes,2.0,3438.44,No,<= Year,0.0,0.0,116.4,167.26,4014.3599999999997,3010.7699999999995,0,0.0
CUST-00850,50,Cairo,37,Month-to-month,DSL,253.9,538.04,6,4,0,Yes,No,5.0,5082.19,No,4 Years,0.11,0.0,42.32,89.67,6456.48,19907.48,1,0.0
CUST-00851,69,Cairo,67,Two year,DSL,209.4,332.24,2,2,1,Yes,Yes,5.0,5013.67,No,6 Years,0.03,8.333333333333332,104.7,166.12,3986.88,22260.08,0,0.0
CUST-00852,60,Delta,26,Month-to-month,Fiber,146.7,471.33,3,4,1,Yes,Yes,5.0,4613.44,No,3 Years,0.15,8.333333333333332,48.9,157.11,5655.96,12254.58,0,0.0
CUST-00853,69,Cairo,17,Month-to-month,Fiber,260.6,553.27,3,1,0,Yes,Yes,5.0,5049.86,No,2 Years,0.06,0.0,86.87,184.42,6639.24,9405.59,1,0.0
CUST-00854,30,Alexandria,30,One year,DSL,322.2,413.08,2,1,1,Yes,Yes,3.0,5283.54,No,3 Years,0.03,8.333333333333332,161.1,206.54,4956.96,12392.4,0,2.0
CUST-00855,33,Giza,42,Month-to-month,Fiber,122.8,641.66,6,1,1,Yes,No,5.0,5982.28,No,4 Years,0.02,8.333333333333332,20.47,106.94,7699.92,26949.719999999998,1,0.0
CUST-00856,63,Delta,43,Month-to-month,Fiber,368.6,471.73,2,2,0,Yes,No,3.0,4710.77,No,4 Years,0.05,0.0,184.3,235.86,5660.76,20284.39,0,4.0
CUST-00857,30,Giza,17,Two year,Fiber,284.1,449.98,1,3,0,Yes,Yes,2.0,5992.83,No,2 Years,0.18,0.0,284.1,449.98,5399.76,7649.66,0,9.0
CUST-00858,21,Giza,14,Month-to-month,4G/5G,190.7,481.09,4,2,1,No,No,3.0,4680.0,No,2 Years,0.14,8.333333333333332,47.68,120.27,5773.08,6735.259999999999,0,4.0
CUST-00859,53,Upper Egypt,27,Two year,4G/5G,189.1,592.94,4,4,2,No,Yes,4.0,7373.92,No,3 Years,0.15,16.666666666666664,47.28,148.24,7115.280000000001,16009.380000000001,1,4.0
CUST-00860,60,Cairo,18,One year,DSL,397.8,445.25,3,0,0,Yes,No,3.0,4905.26,No,2 Years,0.0,0.0,132.6,148.42,5343.0,8014.5,0,0.0
CUST-00861,69,Delta,51,Month-to-month,4G/5G,314.5,506.23,3,2,1,No,Yes,4.0,4871.27,No,5 Years,0.04,8.333333333333332,104.83,168.74,6074.76,25817.73,1,2.0
CUST-00862,67,Cairo,18,One year,4G/5G,332.6,776.81,6,0,2,No,Yes,4.0,8487.53,No,2 Years,0.0,16.666666666666664,55.43,129.47,9321.72,13982.579999999998,1,0.0
CUST-00863,24,Giza,24,One year,Fiber,207.4,541.12,3,4,0,No,No,4.0,6486.93,No,2 Years,0.17,0.0,69.13,180.37,6493.4400000000005,12986.880000000001,1,4.0
CUST-00864,58,Upper Egypt,30,One year,Fiber,280.0,607.4,4,3,2,Yes,No,4.0,6876.02,No,3 Years,0.1,16.666666666666664,70.0,151.85,7288.799999999999,18222.0,1,3.0
CUST-00865,62,Alexandria,7,One year,Fiber,261.4,685.67,6,3,1,Yes,Yes,3.0,7288.97,No,<= Year,0.43,8.333333333333332,43.57,114.28,8228.039999999999,4799.69,1,6.0
CUST-00866,55,Delta,15,Month-to-month,Fiber,214.3,489.33,3,2,2,No,Yes,3.0,4565.01,Yes,2 Years,0.13,16.666666666666664,71.43,163.11,5871.96,7339.95,1,4.0
CUST-00867,61,Cairo,72,Month-to-month,DSL,228.7,466.57,4,0,0,Yes,No,2.0,4597.68,No,6 Years,0.0,0.0,57.18,116.64,5598.84,33593.04,0,0.0
CUST-00868,62,Giza,41,One year,Fiber,329.9,499.46,3,5,1,Yes,Yes,3.0,6099.61,Yes,4 Years,0.12,8.333333333333332,109.97,166.49,5993.5199999999995,20477.86,1,10.0
CUST-00869,41,Giza,18,Month-to-month,4G/5G,374.0,477.64,4,2,0,Yes,No,3.0,4963.67,No,2 Years,0.11,0.0,93.5,119.41,5731.68,8597.52,0,4.0
CUST-00870,20,Alexandria,37,Month-to-month,DSL,207.4,499.03,4,2,0,Yes,Yes,3.0,5699.83,No,4 Years,0.05,0.0,51.85,124.76,5988.36,18464.11,1,4.0
CUST-00871,42,Giza,50,Month-to-month,Fiber,111.8,527.9,6,2,1,No,Yes,1.0,5462.66,No,5 Years,0.04,8.333333333333332,18.63,87.98,6334.799999999999,26395.0,1,8.0
CUST-00872,28,Giza,20,Month-to-month,4G/5G,377.9,489.44,2,4,0,No,Yes,2.0,4351.42,No,2 Years,0.2,0.0,188.95,244.72,5873.28,9788.8,1,12.0
CUST-00873,24,Cairo,40,One year,4G/5G,379.1,382.03,1,6,2,Yes,Yes,4.0,3651.44,No,4 Years,0.15,16.666666666666664,379.1,382.03,4584.36,15281.199999999999,0,6.0
CUST-00874,24,Cairo,36,One year,4G/5G,266.0,413.54,3,2,0,Yes,No,2.0,4321.32,No,3 Years,0.06,0.0,88.67,137.85,4962.4800000000005,14887.44,0,6.0
CUST-00875,54,Giza,9,Two year,4G/5G,391.3,646.02,4,2,1,No,No,3.0,8021.2,No,<= Year,0.22,8.333333333333332,97.82,161.5,7752.24,5814.18,1,4.0
CUST-00876,44,Cairo,20,Month-to-month,4G/5G,259.5,328.9,2,1,2,Yes,Yes,3.0,2494.96,No,2 Years,0.05,16.666666666666664,129.75,164.45,3946.7999999999997,6578.0,0,2.0
CUST-00877,46,Upper Egypt,62,Month-to-month,DSL,148.2,514.67,6,2,2,No,Yes,3.0,4890.08,No,6 Years,0.03,16.666666666666664,24.7,85.78,6176.039999999999,31909.539999999997,1,4.0
CUST-00878,57,Alexandria,72,Two year,4G/5G,111.9,431.03,4,2,2,Yes,Yes,4.0,5873.76,No,6 Years,0.03,16.666666666666664,27.98,107.76,5172.36,31034.159999999996,0,2.0
CUST-00879,47,Cairo,41,Month-to-month,Fiber,111.0,565.42,5,3,0,Yes,No,4.0,5563.95,Yes,4 Years,0.07,0.0,22.2,113.08,6785.039999999999,23182.219999999998,1,3.0
CUST-00880,51,Delta,14,One year,DSL,230.4,438.86,4,3,0,Yes,No,4.0,5465.76,No,2 Years,0.21,0.0,57.6,109.72,5266.32,6144.04,0,3.0
CUST-00881,22,Delta,2,One year,DSL,188.0,481.85,3,6,3,Yes,Yes,2.0,5031.43,No,<= Year,3.0,25.0,62.67,160.62,5782.200000000001,963.7,0,18.0
CUST-00882,63,Cairo,13,Month-to-month,Fiber,177.9,562.18,6,0,1,Yes,No,3.0,5124.14,Yes,2 Years,0.0,8.333333333333332,29.65,93.7,6746.16,7308.339999999999,1,0.0
CUST-00883,41,Cairo,8,Month-to-month,Fiber,220.4,603.44,1,1,0,Yes,No,5.0,6856.82,No,<= Year,0.12,0.0,220.4,603.44,7241.280000000001,4827.52,1,0.0
CUST-00884,26,Cairo,65,One year,Fiber,307.2,408.51,2,3,0,No,No,3.0,5158.13,No,6 Years,0.05,0.0,153.6,204.26,4902.12,26553.149999999998,0,6.0
CUST-00885,61,Cairo,4,Month-to-month,Fiber,180.8,746.27,5,4,1,No,Yes,4.0,7275.45,No,<= Year,1.0,8.333333333333332,36.16,149.25,8955.24,2985.08,1,4.0
CUST-00886,56,Delta,9,Two year,Fiber,165.6,693.05,6,1,1,No,Yes,3.0,9214.18,No,<= Year,0.11,8.333333333333332,27.6,115.51,8316.599999999999,6237.45,1,2.0
CUST-00887,20,Upper Egypt,27,One year,Fiber,186.7,414.88,2,1,0,Yes,Yes,4.0,5529.56,No,3 Years,0.04,0.0,93.35,207.44,4978.5599999999995,11201.76,0,1.0
CUST-00888,28,Cairo,23,Month-to-month,4G/5G,312.9,551.36,4,1,0,Yes,No,1.0,5191.0,Yes,2 Years,0.04,0.0,78.22,137.84,6616.32,12681.28,1,4.0
CUST-00889,18,Delta,60,One year,DSL,223.7,394.17,3,0,2,Yes,Yes,5.0,5416.96,No,5 Years,0.0,16.666666666666664,74.57,131.39,4730.04,23650.2,0,0.0
CUST-00890,32,Cairo,35,Month-to-month,DSL,255.2,556.06,5,2,2,Yes,Yes,3.0,5217.74,No,3 Years,0.06,16.666666666666664,51.04,111.21,6672.719999999999,19462.1,1,4.0
CUST-00891,23,Alexandria,21,Month-to-month,Fiber,369.8,504.98,3,0,0,Yes,Yes,2.0,5448.9,No,2 Years,0.0,0.0,123.27,168.33,6059.76,10604.58,1,0.0
CUST-00892,55,Delta,51,Two year,4G/5G,485.9,643.63,4,1,2,No,Yes,2.0,7692.34,No,5 Years,0.02,16.666666666666664,121.48,160.91,7723.5599999999995,32825.13,1,3.0
CUST-00893,45,Giza,17,One year,Fiber,287.6,634.31,5,1,1,Yes,No,3.0,7242.0,Yes,2 Years,0.06,8.333333333333332,57.52,126.86,7611.719999999999,10783.269999999999,1,2.0
CUST-00894,69,Cairo,63,One year,Fiber,278.7,566.49,5,2,3,Yes,No,3.0,6745.19,No,6 Years,0.03,25.0,55.74,113.3,6797.88,35688.87,1,4.0
CUST-00895,57,Alexandria,12,Two year,DSL,123.4,290.38,1,7,1,Yes,Yes,4.0,4066.33,No,<= Year,0.58,8.333333333333332,123.4,290.38,3484.56,3484.56,0,7.0
CUST-00896,50,Upper Egypt,23,Month-to-month,4G/5G,263.2,540.1,4,2,1,Yes,No,2.0,4850.73,No,2 Years,0.09,8.333333333333332,65.8,135.02,6481.200000000001,12422.300000000001,1,6.0
CUST-00897,44,Cairo,3,Month-to-month,4G/5G,235.6,360.08,2,1,0,No,No,4.0,2963.39,Yes,<= Year,0.33,0.0,117.8,180.04,4320.96,1080.24,0,1.0
CUST-00898,20,Cairo,43,Month-to-month,4G/5G,310.3,349.39,1,1,3,Yes,Yes,3.0,3632.44,Yes,4 Years,0.02,25.0,310.3,349.39,4192.68,15023.769999999999,0,2.0
CUST-00899,21,Cairo,26,Month-to-month,DSL,194.7,542.19,5,1,0,Yes,Yes,3.0,5351.84,No,3 Years,0.04,0.0,38.94,108.44,6506.280000000001,14096.940000000002,1,2.0
CUST-00900,50,Alexandria,63,Month-to-month,DSL,248.1,484.26,3,1,1,Yes,No,3.0,4811.79,No,6 Years,0.02,8.333333333333332,82.7,161.42,5811.12,30508.38,0,2.0
CUST-00901,18,Alexandria,19,Month-to-month,DSL,284.5,540.28,5,1,0,No,Yes,4.0,6216.46,No,2 Years,0.05,0.0,56.9,108.06,6483.36,10265.32,1,1.0
CUST-00902,20,Delta,6,One year,Fiber,400.9,773.52,6,1,4,Yes,Yes,3.0,8463.41,Yes,<= Year,0.17,33.33333333333333,66.82,128.92,9282.24,4641.12,1,2.0
CUST-00903,29,Delta,32,Month-to-month,Fiber,370.7,500.07,1,2,0,No,Yes,3.0,4848.03,Yes,3 Years,0.06,0.0,370.7,500.07,6000.84,16002.24,1,4.0
CUST-00904,64,Upper Egypt,15,One year,4G/5G,343.9,567.38,3,3,0,Yes,Yes,3.0,5904.98,No,2 Years,0.2,0.0,114.63,189.13,6808.5599999999995,8510.7,1,6.0
CUST-00905,42,Delta,39,Two year,4G/5G,295.4,390.2,1,5,1,No,No,5.0,4877.46,No,4 Years,0.13,8.333333333333332,295.4,390.2,4682.4,15217.8,0,0.0
CUST-00906,55,Cairo,12,Two year,Fiber,191.2,538.05,5,0,1,No,No,5.0,7469.01,No,<= Year,0.0,8.333333333333332,38.24,107.61,6456.599999999999,6456.599999999999,1,0.0
CUST-00907,39,Alexandria,56,Month-to-month,Fiber,295.4,731.27,6,3,2,Yes,Yes,4.0,6918.24,No,5 Years,0.05,16.666666666666664,49.23,121.88,8775.24,40951.119999999995,1,3.0
CUST-00908,27,Cairo,24,Two year,Fiber,160.5,620.46,6,1,2,Yes,Yes,4.0,8266.19,No,2 Years,0.04,16.666666666666664,26.75,103.41,7445.52,14891.04,1,1.0
CUST-00909,37,Giza,21,One year,DSL,211.4,603.21,6,3,2,Yes,Yes,5.0,6527.53,No,2 Years,0.14,16.666666666666664,35.23,100.54,7238.52,12667.41,1,0.0
CUST-00910,22,Upper Egypt,54,Month-to-month,Fiber,390.1,463.62,2,2,2,No,Yes,4.0,4338.39,Yes,5 Years,0.04,16.666666666666664,195.05,231.81,5563.4400000000005,25035.48,0,2.0
CUST-00911,58,Delta,43,Month-to-month,DSL,278.4,347.79,2,2,1,No,No,4.0,3287.69,No,4 Years,0.05,8.333333333333332,139.2,173.9,4173.4800000000005,14954.970000000001,0,2.0
CUST-00912,27,Upper Egypt,13,Month-to-month,Fiber,250.4,626.59,6,2,2,Yes,No,3.0,6184.4,Yes,2 Years,0.15,16.666666666666664,41.73,104.43,7519.08,8145.67,1,4.0
CUST-00913,37,Giza,42,One year,Fiber,262.0,486.69,4,0,2,Yes,No,4.0,5724.52,No,4 Years,0.0,16.666666666666664,65.5,121.67,5840.28,20440.98,1,0.0
CUST-00914,69,Alexandria,37,One year,Fiber,221.6,456.92,3,0,4,No,Yes,1.0,4519.27,No,4 Years,0.0,33.33333333333333,73.87,152.31,5483.04,16906.04,0,0.0
CUST-00915,49,Giza,22,Month-to-month,4G/5G,36.0,266.86,2,6,0,No,Yes,5.0,3329.31,No,2 Years,0.27,0.0,18.0,133.43,3202.32,5870.92,0,0.0
CUST-00916,42,Cairo,40,One year,Fiber,116.2,370.3,1,2,0,Yes,No,2.0,4759.45,No,4 Years,0.05,0.0,116.2,370.3,4443.6,14812.0,0,6.0
CUST-00917,46,Cairo,56,Month-to-month,DSL,285.6,269.94,1,4,1,Yes,No,3.0,3099.84,No,5 Years,0.07,8.333333333333332,285.6,269.94,3239.2799999999997,15116.64,0,8.0
CUST-00918,59,Alexandria,22,Month-to-month,DSL,147.2,459.1,5,1,2,Yes,Yes,2.0,4500.02,Yes,2 Years,0.05,16.666666666666664,29.44,91.82,5509.200000000001,10100.2,0,3.0
CUST-00919,31,Cairo,22,Two year,4G/5G,220.3,393.9,2,1,1,Yes,No,3.0,4781.53,No,2 Years,0.05,8.333333333333332,110.15,196.95,4726.799999999999,8665.8,0,2.0
CUST-00920,51,Upper Egypt,21,Two year,Fiber,119.5,660.1,5,3,0,No,No,3.0,9149.47,No,2 Years,0.14,0.0,23.9,132.02,7921.200000000001,13862.1,1,6.0
CUST-00921,64,Cairo,13,One year,DSL,165.3,519.76,6,0,1,No,Yes,4.0,6102.39,No,2 Years,0.0,8.333333333333332,27.55,86.63,6237.12,6756.88,1,0.0
CUST-00922,48,Cairo,22,Month-to-month,Fiber,229.6,416.23,3,2,0,Yes,No,5.0,4526.54,No,2 Years,0.09,0.0,76.53,138.74,4994.76,9157.060000000001,0,0.0
CUST-00923,41,Delta,20,Month-to-month,DSL,313.1,321.84,2,4,3,Yes,No,5.0,3384.77,No,2 Years,0.2,25.0,156.55,160.92,3862.08,6436.799999999999,0,0.0
CUST-00924,25,Cairo,19,Month-to-month,Fiber,331.2,428.52,2,1,0,Yes,Yes,4.0,4000.71,No,2 Years,0.05,0.0,165.6,214.26,5142.24,8141.879999999999,0,1.0
CUST-00925,31,Upper Egypt,19,Month-to-month,4G/5G,163.9,336.15,2,3,0,Yes,Yes,3.0,4334.74,Yes,2 Years,0.16,0.0,81.95,168.08,4033.7999999999997,6386.849999999999,0,6.0
CUST-00926,68,Delta,9,Month-to-month,4G/5G,257.6,644.64,4,1,0,No,Yes,4.0,6386.67,No,<= Year,0.11,0.0,64.4,161.16,7735.68,5801.76,1,1.0
CUST-00927,46,Cairo,46,Two year,4G/5G,101.7,566.82,5,3,1,Yes,Yes,3.0,7458.96,No,4 Years,0.07,8.333333333333332,20.34,113.36,6801.84,26073.72,1,6.0
CUST-00928,33,Delta,15,One year,4G/5G,228.7,547.0,5,1,1,Yes,No,2.0,6119.56,No,2 Years,0.07,8.333333333333332,45.74,109.4,6564.0,8205.0,1,3.0
CUST-00929,40,Alexandria,58,Month-to-month,Fiber,315.8,791.91,6,3,1,No,Yes,3.0,8359.77,No,5 Years,0.05,8.333333333333332,52.63,131.98,9502.92,45930.78,1,6.0
CUST-00930,48,Delta,11,Month-to-month,DSL,224.0,436.42,4,3,0,Yes,Yes,3.0,4916.32,No,<= Year,0.27,0.0,56.0,109.1,5237.04,4800.62,0,6.0
CUST-00931,46,Delta,67,Month-to-month,Fiber,348.4,569.78,4,2,0,Yes,No,1.0,5819.35,Yes,6 Years,0.03,0.0,87.1,142.44,6837.36,38175.259999999995,1,8.0
CUST-00932,55,Delta,18,Month-to-month,Fiber,305.3,495.1,3,1,3,Yes,Yes,5.0,4164.56,No,2 Years,0.06,25.0,101.77,165.03,5941.200000000001,8911.800000000001,1,0.0
CUST-00933,31,Alexandria,43,One year,DSL,251.7,482.13,3,0,2,Yes,No,4.0,5699.42,No,4 Years,0.0,16.666666666666664,83.9,160.71,5785.5599999999995,20731.59,0,0.0
CUST-00934,52,Giza,26,Month-to-month,DSL,207.5,405.01,3,2,4,Yes,No,4.0,3811.66,No,3 Years,0.08,33.33333333333333,69.17,135.0,4860.12,10530.26,0,2.0
CUST-00935,41,Delta,8,Two year,DSL,181.9,647.03,6,4,0,Yes,No,2.0,8071.68,Yes,<= Year,0.5,0.0,30.32,107.84,7764.36,5176.24,1,12.0
CUST-00936,67,Upper Egypt,8,Month-to-month,4G/5G,98.8,481.41,4,3,0,No,Yes,3.0,4343.48,No,<= Year,0.38,0.0,24.7,120.35,5776.92,3851.28,0,6.0
CUST-00937,26,Alexandria,14,Month-to-month,DSL,113.4,368.1,2,0,0,No,Yes,3.0,3056.0,No,2 Years,0.0,0.0,56.7,184.05,4417.200000000001,5153.400000000001,0,0.0
CUST-00938,25,Alexandria,17,Two year,4G/5G,319.5,331.54,2,2,0,Yes,No,3.0,5124.63,No,2 Years,0.12,0.0,159.75,165.77,3978.4800000000005,5636.18,0,4.0
CUST-00939,42,Giza,23,Month-to-month,4G/5G,366.2,300.72,1,1,1,Yes,Yes,3.0,3403.41,No,2 Years,0.04,8.333333333333332,366.2,300.72,3608.6400000000003,6916.56,0,2.0
CUST-00940,44,Delta,30,Month-to-month,4G/5G,132.7,488.79,6,4,2,Yes,No,4.0,4860.54,No,3 Years,0.13,16.666666666666664,22.12,81.46,5865.4800000000005,14663.7,1,4.0
CUST-00941,54,Upper Egypt,21,One year,Fiber,236.1,416.19,2,2,0,Yes,Yes,4.0,4827.18,No,2 Years,0.1,0.0,118.05,208.1,4994.28,8739.99,0,2.0
CUST-00942,39,Cairo,29,Month-to-month,DSL,88.3,168.92,1,2,0,Yes,No,3.0,2128.11,Yes,3 Years,0.07,0.0,88.3,168.92,2027.04,4898.679999999999,0,4.0
CUST-00943,66,Cairo,32,Month-to-month,DSL,142.1,397.21,2,4,2,Yes,Yes,5.0,4169.76,No,3 Years,0.12,16.666666666666664,71.05,198.6,4766.5199999999995,12710.72,0,0.0
CUST-00944,43,Alexandria,20,Month-to-month,4G/5G,253.4,450.33,3,3,1,Yes,Yes,3.0,4274.58,No,2 Years,0.15,8.333333333333332,84.47,150.11,5403.96,9006.6,0,6.0
CUST-00945,24,Giza,36,Month-to-month,Fiber,183.3,673.5,6,2,2,No,Yes,3.0,6699.36,No,3 Years,0.06,16.666666666666664,30.55,112.25,8082.0,24246.0,1,4.0
CUST-00946,24,Alexandria,42,Month-to-month,Fiber,57.5,564.79,6,1,1,Yes,No,2.0,5787.02,Yes,4 Years,0.02,8.333333333333332,9.58,94.13,6777.48,23721.18,1,3.0
CUST-00947,69,Cairo,32,Month-to-month,Fiber,384.7,541.55,2,2,1,Yes,Yes,4.0,5758.21,Yes,3 Years,0.06,8.333333333333332,192.35,270.77,6498.599999999999,17329.6,1,2.0
CUST-00948,25,Giza,34,One year,Fiber,225.6,437.64,4,4,2,No,Yes,4.0,4826.91,No,3 Years,0.12,16.666666666666664,56.4,109.41,5251.68,14879.76,0,4.0
CUST-00949,68,Alexandria,27,Two year,4G/5G,130.6,521.94,5,2,1,No,No,4.0,6902.88,No,3 Years,0.07,8.333333333333332,26.12,104.39,6263.280000000001,14092.380000000001,1,2.0
CUST-00950,32,Alexandria,49,Month-to-month,Fiber,241.5,634.32,5,2,1,Yes,Yes,4.0,6932.13,No,5 Years,0.04,8.333333333333332,48.3,126.86,7611.84,31081.680000000004,1,2.0
CUST-00951,22,Alexandria,23,Month-to-month,Fiber,222.7,521.81,3,1,1,No,No,4.0,5352.5,No,2 Years,0.04,8.333333333333332,74.23,173.94,6261.719999999999,12001.63,1,1.0
CUST-00952,34,Delta,14,Month-to-month,DSL,228.7,359.35,2,3,2,No,Yes,2.0,4387.25,No,2 Years,0.21,16.666666666666664,114.35,179.68,4312.200000000001,5030.900000000001,0,9.0
CUST-00953,50,Alexandria,24,Month-to-month,Fiber,199.4,496.67,5,1,1,Yes,Yes,4.0,4907.67,No,2 Years,0.04,8.333333333333332,39.88,99.33,5960.04,11920.08,1,1.0
CUST-00954,40,Delta,8,Month-to-month,Fiber,258.3,558.77,3,3,0,Yes,Yes,3.0,4737.1,No,<= Year,0.38,0.0,86.1,186.26,6705.24,4470.16,1,6.0
CUST-00955,59,Alexandria,7,One year,DSL,314.9,373.1,2,1,1,No,No,2.0,3921.53,No,<= Year,0.14,8.333333333333332,157.45,186.55,4477.200000000001,2611.7000000000003,0,3.0
CUST-00956,50,Alexandria,42,Month-to-month,DSL,111.4,465.52,5,2,0,Yes,Yes,5.0,4666.1,No,4 Years,0.05,0.0,22.28,93.1,5586.24,19551.84,0,0.0
CUST-00957,39,Alexandria,59,Month-to-month,4G/5G,167.6,715.75,6,4,0,No,Yes,4.0,7565.75,No,5 Years,0.07,0.0,27.93,119.29,8589.0,42229.25,1,4.0
CUST-00958,51,Cairo,18,One year,DSL,305.5,616.42,6,2,2,No,Yes,2.0,7377.49,No,2 Years,0.11,16.666666666666664,50.92,102.74,7397.039999999999,11095.56,1,6.0
CUST-00959,69,Cairo,42,Two year,4G/5G,180.4,570.0,6,1,4,Yes,No,4.0,7304.88,No,4 Years,0.02,33.33333333333333,30.07,95.0,6840.0,23940.0,1,1.0
CUST-00960,39,Alexandria,4,Month-to-month,Fiber,222.6,512.77,4,1,0,Yes,Yes,4.0,5271.21,Yes,<= Year,0.25,0.0,55.65,128.19,6153.24,2051.08,1,1.0
CUST-00961,26,Upper Egypt,33,Month-to-month,4G/5G,187.7,581.8,5,2,3,No,No,3.0,6412.4,No,3 Years,0.06,25.0,37.54,116.36,6981.599999999999,19199.399999999998,1,4.0
CUST-00962,39,Alexandria,23,Two year,DSL,193.3,303.3,2,1,1,Yes,Yes,3.0,3666.16,No,2 Years,0.04,8.333333333333332,96.65,151.65,3639.6000000000004,6975.900000000001,0,2.0
CUST-00963,62,Cairo,65,Month-to-month,DSL,185.6,373.69,2,1,0,Yes,No,3.0,4029.9,No,6 Years,0.02,0.0,92.8,186.84,4484.28,24289.85,0,2.0
CUST-00964,29,Alexandria,21,One year,Fiber,116.7,399.93,1,2,2,No,No,4.0,4532.58,No,2 Years,0.1,16.666666666666664,116.7,399.93,4799.16,8398.53,0,2.0
CUST-00965,68,Cairo,10,One year,Fiber,271.3,393.25,1,1,2,Yes,Yes,4.0,4077.6,No,<= Year,0.1,16.666666666666664,271.3,393.25,4719.0,3932.5,0,1.0
CUST-00966,49,Delta,6,Month-to-month,Fiber,325.6,748.06,6,0,0,Yes,No,1.0,6200.64,No,<= Year,0.0,0.0,54.27,124.68,8976.72,4488.36,1,0.0
CUST-00967,49,Delta,24,Month-to-month,4G/5G,214.1,442.58,3,3,0,Yes,No,1.0,4925.96,Yes,2 Years,0.12,0.0,71.37,147.53,5310.96,10621.92,0,12.0
CUST-00968,34,Alexandria,27,Month-to-month,4G/5G,315.5,502.06,4,1,1,No,Yes,2.0,4550.41,Yes,3 Years,0.04,8.333333333333332,78.88,125.52,6024.72,13555.62,1,3.0
CUST-00969,66,Alexandria,20,Month-to-month,Fiber,185.8,274.05,1,2,1,No,Yes,2.0,2612.46,No,2 Years,0.1,8.333333333333332,185.8,274.05,3288.6000000000004,5481.0,0,6.0
CUST-00970,19,Giza,43,Month-to-month,DSL,180.5,358.72,2,2,1,Yes,No,3.0,3906.36,Yes,4 Years,0.05,8.333333333333332,90.25,179.36,4304.64,15424.960000000001,0,4.0
CUST-00971,33,Giza,55,One year,DSL,267.0,337.73,1,1,1,Yes,No,3.0,3689.1,No,5 Years,0.02,8.333333333333332,267.0,337.73,4052.76,18575.15,0,2.0
CUST-00972,40,Upper Egypt,18,One year,DSL,268.5,485.99,3,2,1,Yes,No,3.0,5336.47,No,2 Years,0.11,8.333333333333332,89.5,162.0,5831.88,8747.82,1,4.0
CUST-00973,43,Delta,4,Two year,Fiber,219.9,592.22,4,2,0,Yes,No,3.0,7641.07,No,<= Year,0.5,0.0,54.98,148.06,7106.64,2368.88,1,4.0
CUST-00974,43,Giza,29,Two year,4G/5G,290.9,479.24,1,1,2,Yes,Yes,3.0,5968.74,No,3 Years,0.03,16.666666666666664,290.9,479.24,5750.88,13897.960000000001,0,2.0
CUST-00975,25,Giza,49,One year,DSL,114.2,451.43,5,1,1,Yes,No,5.0,5062.96,No,5 Years,0.02,8.333333333333332,22.84,90.29,5417.16,22120.07,0,0.0
CUST-00976,29,Cairo,18,Month-to-month,DSL,202.6,316.58,1,4,0,Yes,Yes,2.0,3486.41,No,2 Years,0.22,0.0,202.6,316.58,3798.96,5698.44,0,12.0
CUST-00977,23,Cairo,34,Month-to-month,DSL,228.7,577.58,6,2,3,No,No,4.0,5387.23,No,3 Years,0.06,25.0,38.12,96.26,6930.960000000001,19637.72,1,2.0
CUST-00978,48,Cairo,9,One year,DSL,316.6,666.46,6,4,1,No,Yes,4.0,7844.19,No,<= Year,0.44,8.333333333333332,52.77,111.08,7997.52,5998.14,1,4.0
CUST-00979,36,Giza,28,One year,Fiber,305.2,525.01,4,0,2,No,No,2.0,6047.76,No,3 Years,0.0,16.666666666666664,76.3,131.25,6300.12,14700.279999999999,1,0.0
CUST-00980,47,Upper Egypt,34,Month-to-month,4G/5G,321.9,592.56,4,4,1,Yes,No,4.0,6372.72,No,3 Years,0.12,8.333333333333332,80.47,148.14,7110.719999999999,20147.039999999997,1,4.0
CUST-00981,49,Giza,29,One year,Fiber,196.5,549.15,5,5,1,Yes,Yes,4.0,6718.29,No,3 Years,0.17,8.333333333333332,39.3,109.83,6589.799999999999,15925.349999999999,1,5.0
CUST-00982,55,Cairo,72,Month-to-month,4G/5G,76.5,381.24,2,5,0,Yes,No,3.0,3780.24,No,6 Years,0.07,0.0,38.25,190.62,4574.88,27449.28,0,10.0
CUST-00983,46,Cairo,58,Month-to-month,4G/5G,206.7,674.91,6,5,0,Yes,No,4.0,7210.1,No,5 Years,0.09,0.0,34.45,112.48,8098.92,39144.78,1,5.0
CUST-00984,52,Giza,38,Two year,DSL,287.2,518.68,6,6,1,Yes,Yes,5.0,6750.1,No,4 Years,0.16,8.333333333333332,47.87,86.45,6224.16,19709.839999999997,1,0.0
CUST-00985,49,Delta,46,Month-to-month,DSL,301.9,480.65,5,2,3,No,Yes,4.0,4382.6,No,4 Years,0.04,25.0,60.38,96.13,5767.799999999999,22109.899999999998,0,2.0
CUST-00986,52,Giza,28,Month-to-month,Fiber,182.6,652.32,6,4,1,No,Yes,4.0,6032.82,No,3 Years,0.14,8.333333333333332,30.43,108.72,7827.84,18264.960000000003,1,4.0
CUST-00987,50,Delta,22,One year,Fiber,142.9,411.36,2,6,1,Yes,Yes,1.0,3675.55,Yes,2 Years,0.27,8.333333333333332,71.45,205.68,4936.32,9049.92,0,24.0
CUST-00988,34,Delta,17,One year,DSL,151.8,536.63,6,4,0,Yes,No,3.0,6104.35,No,2 Years,0.24,0.0,25.3,89.44,6439.5599999999995,9122.71,1,8.0
CUST-00989,31,Cairo,9,Month-to-month,Fiber,181.1,337.61,1,1,2,Yes,Yes,2.0,3343.55,Yes,<= Year,0.11,16.666666666666664,181.1,337.61,4051.32,3038.4900000000002,0,3.0
CUST-00990,59,Alexandria,60,One year,Fiber,59.3,490.48,5,3,2,Yes,No,5.0,5419.8,No,5 Years,0.05,16.666666666666664,11.86,98.1,5885.76,29428.800000000003,1,0.0
CUST-00991,36,Upper Egypt,72,Month-to-month,4G/5G,182.6,397.58,2,1,0,Yes,Yes,2.0,5010.22,No,6 Years,0.01,0.0,91.3,198.79,4770.96,28625.76,0,3.0
CUST-00992,47,Giza,24,One year,Fiber,234.3,605.99,6,1,2,No,Yes,5.0,6147.31,No,2 Years,0.04,16.666666666666664,39.05,101.0,7271.88,14543.76,1,0.0
CUST-00993,28,Cairo,24,Month-to-month,Fiber,221.2,564.19,4,2,1,No,No,5.0,5348.36,No,2 Years,0.08,8.333333333333332,55.3,141.05,6770.280000000001,13540.560000000001,1,0.0
CUST-00994,40,Upper Egypt,35,Two year,Fiber,200.3,394.51,2,2,1,Yes,Yes,4.0,4649.14,No,3 Years,0.06,8.333333333333332,100.15,197.26,4734.12,13807.85,0,2.0
CUST-00995,46,Upper Egypt,21,One year,DSL,168.0,315.58,2,1,1,No,No,5.0,4377.87,No,2 Years,0.05,8.333333333333332,84.0,157.79,3786.96,6627.179999999999,0,0.0
CUST-00996,51,Alexandria,10,Month-to-month,DSL,178.4,629.68,6,6,5,No,Yes,3.0,5977.41,Yes,<= Year,0.6,41.66666666666667,29.73,104.95,7556.16,6296.799999999999,1,12.0
CUST-00997,45,Alexandria,8,Month-to-month,4G/5G,180.0,595.91,5,0,0,Yes,No,3.0,5738.01,Yes,<= Year,0.0,0.0,36.0,119.18,7150.92,4767.28,1,0.0
CUST-00998,37,Cairo,72,Month-to-month,DSL,293.5,386.7,3,1,1,Yes,No,4.0,3559.69,Yes,6 Years,0.01,8.333333333333332,97.83,128.9,4640.4,27842.399999999998,0,1.0
CUST-00999,68,Delta,5,One year,Fiber,229.9,389.36,2,2,0,Yes,No,3.0,4117.65,No,<= Year,0.4,0.0,114.95,194.68,4672.32,1946.8000000000002,0,4.0
CUST-01000,45,Giza,30,One year,DSL,515.0,458.49,1,3,1,Yes,No,2.0,5494.23,Yes,3 Years,0.1,8.333333333333332,515.0,458.49,5501.88,13754.7,0,9.0
CUST-01001,60,Cairo,6,One year,Fiber,200.1,292.17,1,2,1,Yes,Yes,3.0,3161.44,No,<= Year,0.33,8.333333333333332,200.1,292.17,3506.04,1753.02,0,4.0
CUST-01002,57,Delta,22,Two year,4G/5G,269.4,437.35,1,1,1,Yes,No,3.0,5455.15,No,2 Years,0.05,8.333333333333332,269.4,437.35,5248.200000000001,9621.7,0,2.0
CUST-01003,47,Upper Egypt,18,Month-to-month,Fiber,202.1,434.23,2,3,0,Yes,Yes,5.0,4521.21,Yes,2 Years,0.17,0.0,101.05,217.12,5210.76,7816.14,0,0.0
CUST-01004,64,Delta,7,One year,Fiber,199.9,394.16,2,1,1,Yes,No,4.0,4515.51,No,<= Year,0.14,8.333333333333332,99.95,197.08,4729.92,2759.1200000000003,0,1.0
CUST-01005,24,Cairo,36,Month-to-month,Fiber,370.6,436.41,1,1,0,No,Yes,3.0,3717.45,No,3 Years,0.03,0.0,370.6,436.41,5236.92,15710.76,0,2.0
CUST-01006,66,Cairo,10,One year,Fiber,319.8,711.38,5,3,3,Yes,Yes,2.0,7335.42,Yes,<= Year,0.3,25.0,63.96,142.28,8536.56,7113.8,1,9.0
CUST-01007,63,Upper Egypt,6,Month-to-month,DSL,72.1,405.18,6,6,0,Yes,Yes,4.0,3554.46,Yes,<= Year,1.0,0.0,12.02,67.53,4862.16,2431.08,0,6.0
CUST-01008,44,Upper Egypt,39,One year,Fiber,138.0,678.88,6,0,3,No,Yes,5.0,7625.33,No,4 Years,0.0,25.0,23.0,113.15,8146.5599999999995,26476.32,1,0.0
CUST-01009,56,Alexandria,18,Month-to-month,Fiber,217.7,678.44,6,1,2,Yes,Yes,4.0,6600.75,Yes,2 Years,0.06,16.666666666666664,36.28,113.07,8141.280000000001,12211.920000000002,1,1.0
CUST-01010,45,Alexandria,13,Month-to-month,Fiber,183.5,347.07,1,2,2,No,Yes,3.0,3375.54,Yes,2 Years,0.15,16.666666666666664,183.5,347.07,4164.84,4511.91,0,4.0
CUST-01011,32,Giza,40,Month-to-month,DSL,94.3,251.88,1,3,2,Yes,Yes,2.0,3051.55,No,4 Years,0.08,16.666666666666664,94.3,251.88,3022.56,10075.2,0,9.0
CUST-01012,60,Giza,9,Two year,DSL,240.4,593.87,6,1,0,Yes,Yes,3.0,7063.28,No,<= Year,0.11,0.0,40.07,98.98,7126.4400000000005,5344.83,1,2.0
CUST-01013,31,Cairo,5,Month-to-month,Fiber,61.0,358.51,1,0,1,No,Yes,4.0,3738.56,No,<= Year,0.0,8.333333333333332,61.0,358.51,4302.12,1792.55,0,0.0
CUST-01014,34,Cairo,52,Month-to-month,DSL,241.4,491.6,5,2,0,Yes,No,3.0,4747.4,Yes,5 Years,0.04,0.0,48.28,98.32,5899.200000000001,25563.2,1,4.0
CUST-01015,45,Cairo,69,Month-to-month,4G/5G,295.7,366.57,1,4,2,Yes,No,5.0,4865.05,No,6 Years,0.06,16.666666666666664,295.7,366.57,4398.84,25293.329999999998,0,0.0
CUST-01016,62,Delta,21,Month-to-month,4G/5G,308.5,366.75,1,3,0,Yes,Yes,4.0,3810.16,Yes,2 Years,0.14,0.0,308.5,366.75,4401.0,7701.75,0,3.0
CUST-01017,38,Cairo,1,Two year,4G/5G,217.0,594.8,5,1,0,Yes,Yes,4.0,7495.4,No,,1.0,0.0,43.4,118.96,7137.599999999999,594.8,1,1.0
CUST-01018,44,Cairo,21,Two year,DSL,366.0,726.22,5,2,0,No,Yes,4.0,9611.64,No,2 Years,0.1,0.0,73.2,145.24,8714.64,15250.62,1,2.0
CUST-01019,20,Alexandria,42,Two year,Fiber,259.8,353.38,1,4,0,Yes,No,2.0,4868.84,No,4 Years,0.1,0.0,259.8,353.38,4240.5599999999995,14841.96,0,12.0
CUST-01020,24,Cairo,49,Two year,4G/5G,306.1,375.66,1,0,0,Yes,No,3.0,5002.3,No,5 Years,0.0,0.0,306.1,375.66,4507.92,18407.34,0,0.0
CUST-01021,20,Cairo,10,Month-to-month,Fiber,163.7,590.38,6,4,1,No,Yes,2.0,5903.19,Yes,<= Year,0.4,8.333333333333332,27.28,98.4,7084.5599999999995,5903.8,1,12.0
CUST-01022,21,Alexandria,19,Month-to-month,DSL,366.9,387.55,2,2,1,Yes,Yes,4.0,4622.18,No,2 Years,0.11,8.333333333333332,183.45,193.78,4650.6,7363.45,0,2.0
CUST-01023,64,Giza,28,One year,4G/5G,229.7,558.12,6,3,1,Yes,Yes,2.0,6908.78,No,3 Years,0.11,8.333333333333332,38.28,93.02,6697.4400000000005,15627.36,1,9.0
CUST-01024,62,Alexandria,40,One year,4G/5G,371.9,477.15,4,1,0,Yes,Yes,4.0,5835.24,No,4 Years,0.02,0.0,92.98,119.29,5725.799999999999,19086.0,0,1.0
CUST-01025,61,Upper Egypt,37,Month-to-month,4G/5G,352.2,728.91,6,3,1,No,Yes,3.0,7947.06,No,4 Years,0.08,8.333333333333332,58.7,121.48,8746.92,26969.67,1,6.0
CUST-01026,20,Cairo,33,One year,Fiber,253.2,685.8,6,4,1,Yes,No,4.0,8337.72,No,3 Years,0.12,8.333333333333332,42.2,114.3,8229.599999999999,22631.399999999998,1,4.0
CUST-01027,22,Upper Egypt,49,Month-to-month,DSL,266.5,491.38,4,0,1,Yes,Yes,2.0,4410.37,Yes,5 Years,0.0,8.333333333333332,66.62,122.84,5896.5599999999995,24077.62,1,0.0
CUST-01028,32,Upper Egypt,22,Month-to-month,Fiber,213.8,328.18,1,3,0,Yes,Yes,4.0,3526.46,Yes,2 Years,0.14,0.0,213.8,328.18,3938.16,7219.96,0,3.0
CUST-01029,47,Delta,60,Month-to-month,4G/5G,156.3,585.26,6,3,0,Yes,No,2.0,5840.5,No,5 Years,0.05,0.0,26.05,97.54,7023.12,35115.6,1,9.0
CUST-01030,35,Alexandria,15,Two year,DSL,283.6,374.16,3,2,2,No,No,2.0,4460.84,No,2 Years,0.13,16.666666666666664,94.53,124.72,4489.92,5612.400000000001,0,6.0
CUST-01031,43,Alexandria,38,One year,Fiber,279.0,454.51,2,2,0,No,Yes,4.0,5698.31,No,4 Years,0.05,0.0,139.5,227.26,5454.12,17271.38,0,2.0
CUST-01032,27,Alexandria,17,Month-to-month,4G/5G,84.3,470.4,4,3,2,Yes,No,4.0,3842.36,No,2 Years,0.18,16.666666666666664,21.08,117.6,5644.799999999999,7996.799999999999,0,3.0
CUST-01033,56,Delta,22,One year,Fiber,222.5,459.73,3,3,2,No,Yes,3.0,6057.18,No,2 Years,0.14,16.666666666666664,74.17,153.24,5516.76,10114.060000000001,0,6.0
CUST-01034,34,Cairo,24,One year,Fiber,308.1,515.46,5,0,2,Yes,Yes,2.0,6169.78,No,2 Years,0.0,16.666666666666664,61.62,103.09,6185.52,12371.04,1,0.0
CUST-01035,21,Upper Egypt,16,Month-to-month,4G/5G,361.9,420.45,2,1,0,Yes,Yes,3.0,3426.8,No,2 Years,0.06,0.0,180.95,210.22,5045.4,6727.2,0,2.0
CUST-01036,57,Alexandria,50,One year,DSL,295.3,652.02,6,5,0,Yes,Yes,3.0,8114.83,No,5 Years,0.1,0.0,49.22,108.67,7824.24,32601.0,1,10.0
CUST-01037,65,Delta,18,Month-to-month,DSL,93.4,266.6,1,0,0,Yes,Yes,5.0,3184.84,No,2 Years,0.0,0.0,93.4,266.6,3199.2000000000003,4798.8,0,0.0
CUST-01038,18,Giza,23,Month-to-month,Fiber,135.1,367.96,3,2,3,Yes,No,4.0,4238.47,No,2 Years,0.09,25.0,45.03,122.65,4415.5199999999995,8463.08,0,2.0
CUST-01039,41,Cairo,35,Month-to-month,Fiber,198.9,685.36,6,1,1,Yes,No,3.0,7505.76,No,3 Years,0.03,8.333333333333332,33.15,114.23,8224.32,23987.600000000002,1,2.0
CUST-01040,61,Giza,72,Month-to-month,Fiber,355.9,735.12,6,1,1,Yes,Yes,3.0,8232.35,No,6 Years,0.01,8.333333333333332,59.32,122.52,8821.44,52928.64,1,2.0
CUST-01041,55,Giza,36,Month-to-month,Fiber,175.4,591.93,5,2,0,No,Yes,5.0,5995.44,No,3 Years,0.06,0.0,35.08,118.39,7103.16,21309.48,1,0.0
CUST-01042,63,Giza,25,Month-to-month,Fiber,325.3,674.11,4,3,2,Yes,Yes,3.0,6718.06,No,3 Years,0.12,16.666666666666664,81.32,168.53,8089.32,16852.75,1,6.0
CUST-01043,40,Giza,4,Month-to-month,DSL,173.9,452.4,4,1,1,Yes,Yes,3.0,4178.29,No,<= Year,0.25,8.333333333333332,43.48,113.1,5428.799999999999,1809.6,0,2.0
CUST-01044,37,Cairo,21,One year,DSL,277.9,404.31,2,1,3,Yes,No,3.0,5045.87,No,2 Years,0.05,25.0,138.95,202.16,4851.72,8490.51,0,2.0
CUST-01045,55,Alexandria,14,One year,Fiber,145.4,431.07,2,1,1,Yes,Yes,4.0,4179.81,No,2 Years,0.07,8.333333333333332,72.7,215.54,5172.84,6034.98,0,1.0
CUST-01046,26,Giza,19,Month-to-month,DSL,212.6,514.03,4,3,2,Yes,No,3.0,4372.38,No,2 Years,0.16,16.666666666666664,53.15,128.51,6168.36,9766.57,1,6.0
CUST-01047,30,Upper Egypt,17,Month-to-month,4G/5G,128.2,346.44,2,1,1,Yes,Yes,4.0,3352.45,No,2 Years,0.06,8.333333333333332,64.1,173.22,4157.28,5889.48,0,1.0
CUST-01048,49,Cairo,35,Month-to-month,Fiber,359.9,451.29,2,3,1,Yes,No,5.0,4671.96,No,3 Years,0.09,8.333333333333332,179.95,225.64,5415.4800000000005,15795.150000000001,0,0.0
CUST-01049,53,Cairo,21,Two year,DSL,167.5,557.15,5,1,1,Yes,Yes,4.0,7351.86,No,2 Years,0.05,8.333333333333332,33.5,111.43,6685.799999999999,11700.15,1,1.0
CUST-01050,24,Cairo,12,Two year,Fiber,90.8,600.16,5,5,3,Yes,Yes,3.0,8063.47,No,<= Year,0.42,25.0,18.16,120.03,7201.92,7201.92,1,10.0
CUST-01051,44,Alexandria,43,Month-to-month,DSL,83.6,431.9,3,0,1,Yes,Yes,2.0,4025.01,No,4 Years,0.0,8.333333333333332,27.87,143.97,5182.799999999999,18571.7,0,0.0
CUST-01052,37,Giza,8,One year,DSL,222.3,382.33,2,0,0,No,No,3.0,4011.27,Yes,<= Year,0.0,0.0,111.15,191.16,4587.96,3058.64,0,0.0
CUST-01053,44,Alexandria,24,One year,Fiber,188.8,331.05,2,3,1,Yes,Yes,3.0,3819.88,No,2 Years,0.12,8.333333333333332,94.4,165.52,3972.6000000000004,7945.200000000001,0,6.0
CUST-01054,68,Upper Egypt,21,Two year,Fiber,288.4,468.61,2,1,1,Yes,No,3.0,5820.54,No,2 Years,0.05,8.333333333333332,144.2,234.3,5623.32,9840.81,0,2.0
CUST-01055,22,Cairo,30,Month-to-month,4G/5G,208.8,391.21,2,2,1,Yes,Yes,3.0,4200.69,No,3 Years,0.07,8.333333333333332,104.4,195.6,4694.5199999999995,11736.3,0,4.0
CUST-01056,70,Delta,49,Month-to-month,Fiber,334.9,764.9,6,1,0,Yes,Yes,4.0,8410.68,No,5 Years,0.02,0.0,55.82,127.48,9178.8,37480.1,1,1.0
CUST-01057,41,Cairo,72,One year,DSL,195.3,407.43,2,3,2,Yes,Yes,3.0,5641.59,No,6 Years,0.04,16.666666666666664,97.65,203.72,4889.16,29334.96,0,6.0
CUST-01058,58,Cairo,25,Month-to-month,DSL,322.4,651.21,6,0,2,Yes,Yes,2.0,6670.58,Yes,3 Years,0.0,16.666666666666664,53.73,108.54,7814.52,16280.25,1,0.0
CUST-01059,40,Giza,14,Month-to-month,Fiber,144.3,400.81,4,3,0,Yes,No,2.0,3725.26,Yes,2 Years,0.21,0.0,36.08,100.2,4809.72,5611.34,0,9.0
CUST-01060,34,Cairo,13,Month-to-month,DSL,94.7,320.62,3,3,2,No,No,5.0,3193.23,No,2 Years,0.23,16.666666666666664,31.57,106.87,3847.44,4168.06,0,0.0
CUST-01061,58,Alexandria,13,Month-to-month,DSL,155.9,314.21,2,2,0,Yes,Yes,4.0,3517.05,Yes,2 Years,0.15,0.0,77.95,157.1,3770.5199999999995,4084.7299999999996,0,2.0
CUST-01062,54,Alexandria,29,One year,Fiber,128.4,545.02,5,2,0,Yes,No,2.0,6106.06,No,3 Years,0.07,0.0,25.68,109.0,6540.24,15805.58,1,6.0
CUST-01063,25,Delta,3,One year,4G/5G,118.3,584.15,6,1,3,Yes,Yes,5.0,6399.34,No,<= Year,0.33,25.0,19.72,97.36,7009.799999999999,1752.4499999999998,1,0.0
CUST-01064,55,Giza,8,Month-to-month,DSL,267.2,677.96,6,2,2,No,No,3.0,6594.2,No,<= Year,0.25,16.666666666666664,44.53,112.99,8135.52,5423.68,1,4.0
CUST-01065,57,Alexandria,29,Two year,DSL,206.2,561.22,5,1,1,No,No,5.0,6835.03,No,3 Years,0.03,8.333333333333332,41.24,112.24,6734.64,16275.380000000001,1,0.0
CUST-01066,38,Giza,44,Month-to-month,Fiber,242.8,336.7,1,5,0,Yes,Yes,4.0,4183.22,No,4 Years,0.11,0.0,242.8,336.7,4040.3999999999996,14814.8,0,5.0
CUST-01067,67,Cairo,44,Two year,Fiber,277.5,629.87,6,2,2,Yes,No,4.0,8020.03,No,4 Years,0.05,16.666666666666664,46.25,104.98,7558.4400000000005,27714.28,1,2.0
CUST-01068,51,Cairo,26,Month-to-month,DSL,78.3,364.2,4,3,0,No,Yes,4.0,4102.2,No,3 Years,0.12,0.0,19.58,91.05,4370.4,9469.199999999999,0,3.0
CUST-01069,35,Alexandria,41,Two year,DSL,281.3,485.47,4,2,2,Yes,Yes,5.0,6556.67,No,4 Years,0.05,16.666666666666664,70.32,121.37,5825.64,19904.27,1,0.0
CUST-01070,18,Upper Egypt,50,Two year,Fiber,121.5,440.49,2,0,2,Yes,Yes,3.0,6351.67,No,5 Years,0.0,16.666666666666664,60.75,220.24,5285.88,22024.5,0,0.0
CUST-01071,53,Cairo,17,Two year,DSL,178.1,505.69,4,1,1,Yes,Yes,5.0,5738.38,No,2 Years,0.06,8.333333333333332,44.52,126.42,6068.28,8596.73,1,0.0
CUST-01072,29,Alexandria,47,One year,DSL,59.7,442.0,5,6,1,No,Yes,3.0,5927.93,No,4 Years,0.13,8.333333333333332,11.94,88.4,5304.0,20774.0,0,12.0
CUST-01073,58,Delta,6,Month-to-month,Fiber,288.9,568.13,4,1,2,Yes,No,3.0,5944.84,Yes,<= Year,0.17,16.666666666666664,72.22,142.03,6817.5599999999995,3408.7799999999997,1,2.0
CUST-01074,45,Delta,8,One year,4G/5G,78.0,376.71,1,0,2,No,Yes,4.0,4535.89,No,<= Year,0.0,16.666666666666664,78.0,376.71,4520.5199999999995,3013.68,0,0.0
CUST-01075,42,Alexandria,18,One year,DSL,122.0,404.69,5,3,2,Yes,No,4.0,5009.48,No,2 Years,0.17,16.666666666666664,24.4,80.94,4856.28,7284.42,0,3.0
CUST-01076,26,Alexandria,5,Month-to-month,DSL,128.5,523.92,5,2,2,Yes,Yes,3.0,5237.3,No,<= Year,0.4,16.666666666666664,25.7,104.78,6287.039999999999,2619.6,1,4.0
CUST-01077,55,Delta,35,Two year,4G/5G,218.4,587.14,5,0,1,Yes,No,5.0,7397.06,No,3 Years,0.0,8.333333333333332,43.68,117.43,7045.68,20549.899999999998,1,0.0
CUST-01078,26,Delta,16,Month-to-month,DSL,215.7,340.64,2,2,2,Yes,No,5.0,3492.73,No,2 Years,0.12,16.666666666666664,107.85,170.32,4087.68,5450.24,0,0.0
CUST-01079,40,Cairo,21,Month-to-month,4G/5G,303.1,424.15,2,0,1,No,No,4.0,4695.57,No,2 Years,0.0,8.333333333333332,151.55,212.08,5089.799999999999,8907.15,0,0.0
CUST-01080,62,Upper Egypt,22,Two year,4G/5G,220.6,471.94,3,2,2,Yes,No,2.0,5155.33,No,2 Years,0.09,16.666666666666664,73.53,157.31,5663.28,10382.68,0,6.0
CUST-01081,66,Cairo,18,Month-to-month,Fiber,316.9,674.23,6,3,2,Yes,Yes,5.0,6812.75,Yes,2 Years,0.17,16.666666666666664,52.82,112.37,8090.76,12136.14,1,0.0
CUST-01082,70,Delta,13,Month-to-month,Fiber,264.1,580.3,5,5,2,No,No,1.0,5415.83,Yes,2 Years,0.38,16.666666666666664,52.82,116.06,6963.599999999999,7543.9,1,20.0
CUST-01083,68,Cairo,34,Month-to-month,4G/5G,144.9,270.85,1,1,1,Yes,No,4.0,3207.5,No,3 Years,0.03,8.333333333333332,144.9,270.85,3250.2000000000003,9208.900000000001,0,1.0
CUST-01084,47,Cairo,15,One year,4G/5G,170.0,422.0,1,3,1,Yes,Yes,3.0,4402.81,No,2 Years,0.2,8.333333333333332,170.0,422.0,5064.0,6330.0,0,6.0
CUST-01085,28,Cairo,22,Two year,Fiber,366.0,409.85,1,0,1,Yes,Yes,5.0,5190.23,No,2 Years,0.0,8.333333333333332,366.0,409.85,4918.200000000001,9016.7,0,0.0
CUST-01086,62,Giza,30,Month-to-month,Fiber,340.5,710.45,6,4,0,No,No,2.0,6331.57,Yes,3 Years,0.13,0.0,56.75,118.41,8525.400000000001,21313.5,1,12.0
CUST-01087,60,Giza,50,One year,Fiber,304.2,728.77,6,1,2,Yes,No,3.0,7877.45,No,5 Years,0.02,16.666666666666664,50.7,121.46,8745.24,36438.5,1,2.0
CUST-01088,70,Cairo,47,One year,4G/5G,316.0,418.45,2,4,0,Yes,Yes,4.0,5648.97,No,4 Years,0.09,0.0,158.0,209.22,5021.4,19667.149999999998,0,4.0
CUST-01089,52,Giza,16,One year,4G/5G,271.9,635.28,6,4,1,Yes,No,4.0,7200.91,No,2 Years,0.25,8.333333333333332,45.32,105.88,7623.36,10164.48,1,4.0
CUST-01090,25,Giza,12,One year,4G/5G,260.2,546.51,4,1,2,Yes,No,3.0,5966.58,No,<= Year,0.08,16.666666666666664,65.05,136.63,6558.12,6558.12,1,2.0
CUST-01091,44,Delta,56,Two year,Fiber,234.5,392.46,2,3,0,Yes,Yes,3.0,5908.73,No,5 Years,0.05,0.0,117.25,196.23,4709.5199999999995,21977.76,0,6.0
CUST-01092,41,Upper Egypt,15,Month-to-month,4G/5G,382.9,536.0,5,1,1,Yes,Yes,5.0,5237.35,No,2 Years,0.07,8.333333333333332,76.58,107.2,6432.0,8040.0,1,0.0
CUST-01093,62,Alexandria,33,Month-to-month,Fiber,188.2,326.33,1,3,0,Yes,Yes,5.0,4053.08,Yes,3 Years,0.09,0.0,188.2,326.33,3915.96,10768.89,0,0.0
CUST-01094,38,Cairo,5,One year,Fiber,251.6,485.68,1,4,2,Yes,Yes,3.0,5071.29,No,<= Year,0.8,16.666666666666664,251.6,485.68,5828.16,2428.4,1,8.0
CUST-01095,35,Cairo,3,Month-to-month,Fiber,76.3,347.34,2,1,0,Yes,Yes,3.0,3350.32,No,<= Year,0.33,0.0,38.15,173.67,4168.08,1042.02,0,2.0
CUST-01096,22,Upper Egypt,25,Month-to-month,DSL,101.2,430.66,4,3,1,No,No,2.0,3808.38,No,3 Years,0.12,8.333333333333332,25.3,107.66,5167.92,10766.5,0,9.0
CUST-01097,62,Cairo,20,Month-to-month,DSL,393.4,571.56,6,6,1,Yes,No,4.0,5916.34,Yes,2 Years,0.3,8.333333333333332,65.57,95.26,6858.719999999999,11431.199999999999,1,6.0
CUST-01098,58,Giza,39,Month-to-month,Fiber,285.5,642.31,4,3,1,Yes,No,4.0,6333.93,No,4 Years,0.08,8.333333333333332,71.38,160.58,7707.719999999999,25050.089999999997,1,3.0
CUST-01099,20,Upper Egypt,13,Two year,Fiber,210.9,468.57,3,7,1,Yes,No,4.0,6461.71,No,2 Years,0.54,8.333333333333332,70.3,156.19,5622.84,6091.41,0,7.0
CUST-01100,40,Upper Egypt,29,Month-to-month,4G/5G,237.0,485.06,4,7,2,Yes,Yes,3.0,4793.92,No,3 Years,0.24,16.666666666666664,59.25,121.26,5820.72,14066.74,1,14.0
CUST-01101,43,Giza,37,One year,Fiber,107.8,328.61,1,1,1,Yes,No,5.0,3316.07,No,4 Years,0.03,8.333333333333332,107.8,328.61,3943.32,12158.57,0,0.0
CUST-01102,42,Alexandria,13,One year,DSL,191.5,595.98,4,3,1,Yes,No,1.0,6648.77,Yes,2 Years,0.23,8.333333333333332,47.88,149.0,7151.76,7747.74,1,12.0
CUST-01103,66,Giza,18,Month-to-month,Fiber,228.7,576.82,5,5,4,No,No,4.0,4718.05,Yes,2 Years,0.28,33.33333333333333,45.74,115.36,6921.84,10382.76,1,5.0
CUST-01104,25,Delta,9,Month-to-month,Fiber,203.4,473.68,3,1,0,Yes,Yes,4.0,4954.54,No,<= Year,0.11,0.0,67.8,157.89,5684.16,4263.12,0,1.0
CUST-01105,34,Cairo,40,Month-to-month,Fiber,291.2,412.11,4,2,0,No,No,4.0,4627.2,No,4 Years,0.05,0.0,72.8,103.03,4945.32,16484.4,0,2.0
CUST-01106,27,Cairo,34,Month-to-month,DSL,270.8,452.32,2,1,1,No,Yes,3.0,4840.2,No,3 Years,0.03,8.333333333333332,135.4,226.16,5427.84,15378.88,0,2.0
CUST-01107,30,Alexandria,36,Month-to-month,Fiber,373.0,673.53,6,0,2,No,Yes,3.0,6468.94,No,3 Years,0.0,16.666666666666664,62.17,112.26,8082.36,24247.079999999998,1,0.0
CUST-01108,66,Cairo,20,One year,Fiber,256.5,400.58,2,3,0,Yes,Yes,4.0,4204.14,No,2 Years,0.15,0.0,128.25,200.29,4806.96,8011.599999999999,0,3.0
CUST-01109,67,Alexandria,34,Month-to-month,4G/5G,10.0,216.82,1,1,1,Yes,No,3.0,2433.76,No,3 Years,0.03,8.333333333333332,10.0,216.82,2601.84,7371.88,0,2.0
CUST-01110,20,Giza,21,Month-to-month,Fiber,405.6,804.69,6,1,1,Yes,Yes,2.0,7880.11,No,2 Years,0.05,8.333333333333332,67.6,134.12,9656.28,16898.49,1,3.0
CUST-01111,51,Upper Egypt,62,Month-to-month,4G/5G,154.3,476.33,4,1,2,Yes,Yes,5.0,4886.3,No,6 Years,0.02,16.666666666666664,38.58,119.08,5715.96,29532.46,0,0.0
CUST-01112,30,Delta,23,Month-to-month,Fiber,244.6,414.23,3,2,0,No,No,4.0,4350.67,No,2 Years,0.09,0.0,81.53,138.08,4970.76,9527.29,0,2.0
CUST-01113,28,Giza,45,Month-to-month,4G/5G,239.2,554.66,5,4,1,Yes,No,4.0,4787.01,No,4 Years,0.09,8.333333333333332,47.84,110.93,6655.92,24959.699999999997,1,4.0
CUST-01114,33,Delta,20,Two year,Fiber,251.7,399.9,2,1,4,No,Yes,4.0,5040.61,No,2 Years,0.05,33.33333333333333,125.85,199.95,4798.799999999999,7998.0,0,1.0
CUST-01115,28,Cairo,54,Month-to-month,DSL,234.3,383.82,2,3,2,Yes,No,5.0,4013.77,No,5 Years,0.06,16.666666666666664,117.15,191.91,4605.84,20726.28,0,0.0
CUST-01116,43,Giza,12,Month-to-month,DSL,235.9,288.39,1,2,2,No,No,3.0,2253.63,Yes,<= Year,0.17,16.666666666666664,235.9,288.39,3460.68,3460.68,0,4.0
CUST-01117,70,Cairo,31,One year,DSL,111.1,340.89,4,1,1,Yes,Yes,2.0,4297.95,No,3 Years,0.03,8.333333333333332,27.78,85.22,4090.68,10567.59,0,3.0
CUST-01118,49,Upper Egypt,14,One year,4G/5G,462.8,646.34,5,1,1,Yes,No,4.0,7358.27,No,2 Years,0.07,8.333333333333332,92.56,129.27,7756.08,9048.76,1,1.0
CUST-01119,56,Delta,28,One year,Fiber,288.6,676.56,6,0,1,Yes,Yes,4.0,8094.65,No,3 Years,0.0,8.333333333333332,48.1,112.76,8118.719999999999,18943.68,1,0.0
CUST-01120,44,Upper Egypt,15,Month-to-month,Fiber,234.7,480.23,4,2,4,Yes,No,2.0,4549.59,Yes,2 Years,0.13,33.33333333333333,58.68,120.06,5762.76,7203.450000000001,0,6.0
CUST-01121,18,Upper Egypt,23,One year,4G/5G,395.8,297.59,1,5,1,No,Yes,5.0,3919.75,Yes,2 Years,0.22,8.333333333333332,395.8,297.59,3571.08,6844.57,0,0.0
CUST-01122,22,Upper Egypt,17,Month-to-month,4G/5G,133.5,376.28,2,3,2,Yes,No,4.0,3123.67,No,2 Years,0.18,16.666666666666664,66.75,188.14,4515.36,6396.759999999999,0,3.0
CUST-01123,32,Cairo,37,One year,DSL,308.2,376.66,2,0,0,Yes,No,3.0,4500.92,No,4 Years,0.0,0.0,154.1,188.33,4519.92,13936.42,0,0.0
CUST-01124,30,Upper Egypt,32,Month-to-month,Fiber,180.0,551.58,6,1,1,Yes,Yes,4.0,6501.03,No,3 Years,0.03,8.333333333333332,30.0,91.93,6618.960000000001,17650.56,1,1.0
CUST-01125,62,Alexandria,14,One year,4G/5G,266.2,562.18,4,4,1,No,No,4.0,7259.39,No,2 Years,0.29,8.333333333333332,66.55,140.54,6746.16,7870.5199999999995,1,4.0
CUST-01126,62,Giza,14,One year,4G/5G,268.2,525.29,6,4,0,Yes,Yes,3.0,6610.79,No,2 Years,0.29,0.0,44.7,87.55,6303.48,7354.0599999999995,1,8.0
CUST-01127,63,Alexandria,11,One year,4G/5G,19.7,540.81,6,2,2,No,Yes,4.0,6398.77,No,<= Year,0.18,16.666666666666664,3.28,90.14,6489.719999999999,5948.91,1,2.0
CUST-01128,51,Giza,10,Month-to-month,4G/5G,101.2,604.88,6,0,0,Yes,No,4.0,5587.04,No,<= Year,0.0,0.0,16.87,100.81,7258.5599999999995,6048.8,1,0.0
CUST-01129,47,Cairo,38,One year,Fiber,372.8,481.61,2,2,0,No,No,4.0,5869.54,No,4 Years,0.05,0.0,186.4,240.8,5779.32,18301.18,0,2.0
CUST-01130,52,Cairo,11,One year,DSL,207.3,385.89,4,4,2,No,No,4.0,4337.72,No,<= Year,0.36,16.666666666666664,51.82,96.47,4630.68,4244.79,0,4.0
CUST-01131,39,Cairo,30,Month-to-month,DSL,410.1,339.51,1,1,1,Yes,No,3.0,3429.69,No,3 Years,0.03,8.333333333333332,410.1,339.51,4074.12,10185.3,0,2.0
CUST-01132,53,Giza,16,Month-to-month,Fiber,347.9,512.38,3,5,0,Yes,Yes,4.0,4544.92,No,2 Years,0.31,0.0,115.97,170.79,6148.5599999999995,8198.08,1,5.0
CUST-01133,60,Upper Egypt,44,Month-to-month,4G/5G,210.2,303.02,2,3,0,Yes,Yes,5.0,3885.82,No,4 Years,0.07,0.0,105.1,151.51,3636.24,13332.88,0,0.0
CUST-01134,58,Alexandria,72,Month-to-month,DSL,202.2,317.27,1,1,1,Yes,No,4.0,2340.77,No,6 Years,0.01,8.333333333333332,202.2,317.27,3807.24,22843.44,0,1.0
CUST-01135,50,Alexandria,1,One year,Fiber,378.4,438.95,1,1,1,Yes,No,3.0,5482.08,No,,1.0,8.333333333333332,378.4,438.95,5267.4,438.95,0,2.0
CUST-01136,21,Giza,12,Month-to-month,DSL,228.7,453.96,3,2,2,No,Yes,4.0,4823.39,No,<= Year,0.17,16.666666666666664,76.23,151.32,5447.5199999999995,5447.5199999999995,0,2.0
CUST-01137,56,Giza,16,One year,Fiber,204.2,426.8,1,1,0,Yes,Yes,5.0,6341.4,No,2 Years,0.06,0.0,204.2,426.8,5121.6,6828.8,0,0.0
CUST-01138,37,Cairo,20,One year,Fiber,368.4,571.3,4,3,1,Yes,No,4.0,6651.81,No,2 Years,0.15,8.333333333333332,92.1,142.82,6855.599999999999,11426.0,1,3.0
CUST-01139,57,Delta,19,One year,DSL,322.7,479.02,2,5,0,Yes,Yes,4.0,5584.37,No,2 Years,0.26,0.0,161.35,239.51,5748.24,9101.38,0,5.0
CUST-01140,46,Cairo,8,One year,DSL,338.2,388.74,2,3,1,Yes,No,5.0,4779.1,No,<= Year,0.38,8.333333333333332,169.1,194.37,4664.88,3109.92,0,0.0
CUST-01141,64,Delta,72,One year,DSL,239.1,258.36,1,0,1,Yes,Yes,3.0,3666.21,No,6 Years,0.0,8.333333333333332,239.1,258.36,3100.32,18601.920000000002,0,0.0
CUST-01142,35,Delta,20,Month-to-month,Fiber,169.5,418.56,3,0,0,Yes,Yes,4.0,4297.15,No,2 Years,0.0,0.0,56.5,139.52,5022.72,8371.2,0,0.0
CUST-01143,67,Alexandria,32,Month-to-month,DSL,135.1,331.35,2,2,2,No,Yes,5.0,2929.06,No,3 Years,0.06,16.666666666666664,67.55,165.68,3976.2000000000003,10603.2,0,0.0
CUST-01144,62,Upper Egypt,33,Two year,Fiber,112.6,443.92,4,1,1,Yes,No,4.0,6176.43,No,3 Years,0.03,8.333333333333332,28.15,110.98,5327.04,14649.36,0,1.0
CUST-01145,35,Cairo,6,Two year,4G/5G,402.0,690.69,6,2,2,Yes,No,5.0,8849.57,No,<= Year,0.33,16.666666666666664,67.0,115.12,8288.28,4144.14,1,0.0
CUST-01146,43,Upper Egypt,18,Month-to-month,Fiber,231.0,580.75,5,2,1,Yes,Yes,3.0,5212.1,No,2 Years,0.11,8.333333333333332,46.2,116.15,6969.0,10453.5,1,4.0
CUST-01147,46,Delta,38,Two year,4G/5G,228.7,279.96,1,0,0,Yes,No,3.0,3192.71,No,4 Years,0.0,0.0,228.7,279.96,3359.5199999999995,10638.48,0,0.0
CUST-01148,58,Delta,56,Two year,Fiber,320.2,414.39,1,3,2,Yes,Yes,5.0,6762.64,No,5 Years,0.05,16.666666666666664,320.2,414.39,4972.68,23205.84,0,0.0
CUST-01149,54,Alexandria,18,Month-to-month,Fiber,186.9,696.28,6,1,1,Yes,Yes,2.0,7041.6,No,2 Years,0.06,8.333333333333332,31.15,116.05,8355.36,12533.039999999999,1,3.0
CUST-01150,63,Delta,7,One year,Fiber,171.4,605.27,6,4,1,Yes,No,4.0,7334.19,No,<= Year,0.57,8.333333333333332,28.57,100.88,7263.24,4236.889999999999,1,4.0
CUST-01151,37,Upper Egypt,15,One year,4G/5G,416.1,533.25,3,3,0,No,Yes,5.0,6438.35,No,2 Years,0.2,0.0,138.7,177.75,6399.0,7998.75,1,0.0
CUST-01152,44,Giza,17,Month-to-month,4G/5G,110.2,431.33,3,4,1,No,Yes,4.0,4652.71,No,2 Years,0.24,8.333333333333332,36.73,143.78,5175.96,7332.61,0,4.0
CUST-01153,40,Delta,17,Month-to-month,DSL,251.2,358.9,3,2,1,Yes,No,1.0,2950.75,Yes,2 Years,0.12,8.333333333333332,83.73,119.63,4306.799999999999,6101.299999999999,0,8.0
CUST-01154,66,Delta,11,Month-to-month,Fiber,176.8,555.94,4,2,1,Yes,Yes,2.0,5408.35,Yes,<= Year,0.18,8.333333333333332,44.2,138.99,6671.280000000001,6115.34,1,6.0
CUST-01155,34,Giza,6,One year,Fiber,162.5,456.58,2,2,0,Yes,No,3.0,5529.56,No,<= Year,0.33,0.0,81.25,228.29,5478.96,2739.48,0,4.0
CUST-01156,49,Upper Egypt,9,Month-to-month,DSL,98.3,585.47,6,2,0,Yes,Yes,4.0,5382.65,Yes,<= Year,0.22,0.0,16.38,97.58,7025.64,5269.2300000000005,1,2.0
CUST-01157,24,Giza,15,One year,Fiber,235.4,433.46,3,2,1,Yes,Yes,4.0,5137.39,No,2 Years,0.13,8.333333333333332,78.47,144.49,5201.5199999999995,6501.9,0,2.0
CUST-01158,63,Alexandria,38,One year,4G/5G,151.3,310.38,2,1,3,Yes,Yes,3.0,3445.29,No,4 Years,0.03,25.0,75.65,155.19,3724.56,11794.44,0,2.0
CUST-01159,38,Cairo,48,One year,DSL,283.2,379.64,2,4,1,Yes,Yes,4.0,4398.51,No,4 Years,0.08,8.333333333333332,141.6,189.82,4555.68,18222.72,0,4.0
CUST-01160,36,Cairo,25,Month-to-month,4G/5G,225.8,609.67,6,0,1,Yes,No,4.0,5809.06,No,3 Years,0.0,8.333333333333332,37.63,101.61,7316.039999999999,15241.749999999998,1,0.0
CUST-01161,48,Delta,9,Month-to-month,4G/5G,201.9,387.77,2,0,3,Yes,Yes,3.0,2846.45,No,<= Year,0.0,25.0,100.95,193.88,4653.24,3489.93,0,0.0
CUST-01162,44,Giza,15,Month-to-month,Fiber,151.8,553.08,5,2,2,Yes,No,4.0,5850.11,No,2 Years,0.13,16.666666666666664,30.36,110.62,6636.960000000001,8296.2,1,2.0
CUST-01163,62,Giza,3,Month-to-month,Fiber,358.8,661.55,5,5,3,Yes,Yes,3.0,6850.16,Yes,<= Year,1.67,25.0,71.76,132.31,7938.599999999999,1984.6499999999999,1,10.0
CUST-01164,46,Cairo,57,Month-to-month,4G/5G,296.2,502.09,6,2,0,No,Yes,4.0,4887.68,No,5 Years,0.04,0.0,49.37,83.68,6025.08,28619.129999999997,1,2.0
CUST-01165,45,Giza,14,Month-to-month,Fiber,168.7,395.29,1,5,0,Yes,No,3.0,4509.43,No,2 Years,0.36,0.0,168.7,395.29,4743.4800000000005,5534.06,0,10.0
CUST-01166,23,Delta,30,Month-to-month,DSL,107.7,451.87,3,4,0,No,Yes,4.0,4685.09,No,3 Years,0.13,0.0,35.9,150.62,5422.4400000000005,13556.1,0,4.0
CUST-01167,19,Upper Egypt,45,One year,4G/5G,60.1,522.41,6,4,1,Yes,Yes,4.0,6333.23,No,4 Years,0.09,8.333333333333332,10.02,87.07,6268.92,23508.449999999997,1,4.0
CUST-01168,39,Cairo,67,Month-to-month,Fiber,332.4,432.43,1,4,1,No,Yes,3.0,3939.63,Yes,6 Years,0.06,8.333333333333332,332.4,432.43,5189.16,28972.81,0,8.0
CUST-01169,70,Alexandria,41,Month-to-month,4G/5G,311.8,465.93,1,1,2,Yes,Yes,4.0,4435.13,No,4 Years,0.02,16.666666666666664,311.8,465.93,5591.16,19103.13,0,1.0
CUST-01170,66,Giza,17,Two year,Fiber,324.2,420.03,1,2,0,No,Yes,5.0,5966.78,No,2 Years,0.12,0.0,324.2,420.03,5040.36,7140.509999999999,0,0.0
CUST-01171,51,Alexandria,33,Month-to-month,DSL,219.2,320.08,1,2,1,Yes,No,2.0,2782.09,Yes,3 Years,0.06,8.333333333333332,219.2,320.08,3840.96,10562.64,0,6.0
CUST-01172,51,Giza,66,Two year,Fiber,302.5,731.26,5,1,0,Yes,Yes,5.0,9522.35,No,6 Years,0.02,0.0,60.5,146.25,8775.119999999999,48263.159999999996,1,0.0
CUST-01173,38,Giza,14,One year,DSL,322.4,564.53,3,7,1,Yes,No,5.0,6509.29,No,2 Years,0.5,8.333333333333332,107.47,188.18,6774.36,7903.42,1,0.0
CUST-01174,27,Giza,6,Month-to-month,Fiber,223.7,321.67,1,1,0,Yes,Yes,3.0,1747.56,No,<= Year,0.17,0.0,223.7,321.67,3860.04,1930.02,0,2.0
CUST-01175,18,Alexandria,11,Two year,Fiber,197.8,567.52,5,3,1,Yes,No,4.0,7505.36,No,<= Year,0.27,8.333333333333332,39.56,113.5,6810.24,6242.719999999999,1,3.0
CUST-01176,35,Giza,32,Two year,Fiber,142.1,453.16,2,0,0,No,Yes,3.0,6342.05,No,3 Years,0.0,0.0,71.05,226.58,5437.92,14501.12,0,0.0
CUST-01177,34,Giza,17,One year,Fiber,268.4,424.32,1,7,0,Yes,Yes,5.0,5435.35,No,2 Years,0.41,0.0,268.4,424.32,5091.84,7213.44,0,0.0
CUST-01178,28,Delta,22,Month-to-month,DSL,280.3,640.36,6,3,0,Yes,Yes,1.0,6608.02,No,2 Years,0.14,0.0,46.72,106.73,7684.32,14087.92,1,12.0
CUST-01179,31,Delta,35,Month-to-month,Fiber,193.4,389.31,4,0,1,Yes,No,5.0,3919.13,No,3 Years,0.0,8.333333333333332,48.35,97.33,4671.72,13625.85,0,0.0
CUST-01180,19,Giza,11,Month-to-month,Fiber,204.0,375.06,3,4,0,No,Yes,2.0,4540.61,Yes,<= Year,0.36,0.0,68.0,125.02,4500.72,4125.66,0,12.0
CUST-01181,50,Delta,21,One year,Fiber,210.4,748.1,6,2,2,No,No,4.0,8283.42,No,2 Years,0.1,16.666666666666664,35.07,124.68,8977.2,15710.1,1,2.0
CUST-01182,67,Delta,15,Month-to-month,Fiber,301.2,507.02,2,3,2,Yes,Yes,3.0,4759.73,No,2 Years,0.2,16.666666666666664,150.6,253.51,6084.24,7605.299999999999,1,6.0
CUST-01183,54,Cairo,64,Month-to-month,Fiber,106.3,519.85,4,4,1,Yes,No,5.0,5340.33,No,6 Years,0.06,8.333333333333332,26.58,129.96,6238.200000000001,33270.4,1,0.0
CUST-01184,41,Alexandria,40,Month-to-month,Fiber,130.5,496.27,5,1,2,No,No,3.0,4968.96,No,4 Years,0.02,16.666666666666664,26.1,99.25,5955.24,19850.8,1,2.0
CUST-01185,40,Cairo,17,Month-to-month,DSL,132.3,247.44,1,2,0,No,No,3.0,2533.26,Yes,2 Years,0.12,0.0,132.3,247.44,2969.2799999999997,4206.48,0,4.0
CUST-01186,34,Delta,17,Month-to-month,DSL,216.6,388.65,2,2,0,No,No,5.0,4076.45,No,2 Years,0.12,0.0,108.3,194.32,4663.799999999999,6607.049999999999,0,0.0
CUST-01187,25,Cairo,69,Month-to-month,Fiber,258.4,242.11,1,2,1,Yes,No,4.0,2525.86,No,6 Years,0.03,8.333333333333332,258.4,242.11,2905.32,16705.59,0,2.0
CUST-01188,49,Alexandria,65,Two year,Fiber,133.8,472.06,4,0,1,Yes,No,3.0,6158.93,No,6 Years,0.0,8.333333333333332,33.45,118.02,5664.72,30683.9,0,0.0
CUST-01189,48,Cairo,32,Month-to-month,4G/5G,311.8,614.14,5,3,1,No,Yes,2.0,4962.88,No,3 Years,0.09,8.333333333333332,62.36,122.83,7369.68,19652.48,1,9.0
CUST-01190,18,Giza,22,Month-to-month,DSL,361.6,389.86,1,3,0,Yes,No,2.0,4280.17,No,2 Years,0.14,0.0,361.6,389.86,4678.32,8576.92,0,9.0
CUST-01191,40,Upper Egypt,8,Month-to-month,DSL,228.7,292.78,1,2,0,Yes,Yes,5.0,2720.57,No,<= Year,0.25,0.0,228.7,292.78,3513.3599999999997,2342.24,0,0.0
CUST-01192,32,Giza,11,Month-to-month,Fiber,331.1,584.82,3,1,0,Yes,No,4.0,5628.16,No,<= Year,0.09,0.0,110.37,194.94,7017.84,6433.02,1,1.0
CUST-01193,27,Upper Egypt,7,One year,Fiber,147.6,513.34,3,2,0,Yes,Yes,4.0,5668.57,No,<= Year,0.29,0.0,49.2,171.11,6160.08,3593.38,1,2.0
CUST-01194,55,Upper Egypt,47,Month-to-month,DSL,149.8,178.31,1,3,0,No,No,4.0,2480.38,No,4 Years,0.06,0.0,149.8,178.31,2139.7200000000003,8380.57,0,3.0
CUST-01195,45,Upper Egypt,8,Two year,Fiber,276.3,710.09,5,2,2,Yes,Yes,1.0,8537.39,No,<= Year,0.25,16.666666666666664,55.26,142.02,8521.08,5680.72,1,8.0
CUST-01196,51,Cairo,16,Two year,DSL,226.5,590.24,5,2,3,Yes,Yes,3.0,6286.74,No,2 Years,0.12,25.0,45.3,118.05,7082.88,9443.84,1,4.0
CUST-01197,55,Delta,4,Two year,Fiber,149.6,473.21,3,1,3,Yes,Yes,3.0,5992.04,No,<= Year,0.25,25.0,49.87,157.74,5678.5199999999995,1892.84,0,2.0
CUST-01198,70,Cairo,6,One year,Fiber,358.3,533.59,3,0,3,No,No,5.0,5812.58,No,<= Year,0.0,25.0,119.43,177.86,6403.08,3201.54,1,0.0
CUST-01199,60,Giza,36,Month-to-month,Fiber,256.9,436.03,1,3,0,No,Yes,2.0,4410.75,No,3 Years,0.08,0.0,256.9,436.03,5232.36,15697.079999999998,0,9.0
CUST-01200,50,Upper Egypt,28,One year,Fiber,293.2,490.77,2,3,2,Yes,No,5.0,6250.36,No,3 Years,0.11,16.666666666666664,146.6,245.38,5889.24,13741.56,1,0.0
CUST-01201,64,Delta,23,Month-to-month,Fiber,169.3,509.41,4,1,0,Yes,No,5.0,4838.63,No,2 Years,0.04,0.0,42.32,127.35,6112.92,11716.43,1,0.0
CUST-01202,43,Alexandria,17,One year,Fiber,381.2,803.2,6,3,1,Yes,No,2.0,9182.18,No,2 Years,0.18,8.333333333333332,63.53,133.87,9638.400000000001,13654.400000000001,1,9.0
CUST-01203,70,Giza,5,Month-to-month,DSL,216.0,241.31,2,1,1,No,No,4.0,2156.4,No,<= Year,0.2,8.333333333333332,108.0,120.66,2895.7200000000003,1206.55,0,1.0
CUST-01204,58,Delta,15,Month-to-month,Fiber,321.7,600.68,5,5,0,Yes,Yes,4.0,6461.39,No,2 Years,0.33,0.0,64.34,120.14,7208.16,9010.199999999999,1,5.0
CUST-01205,52,Delta,20,Month-to-month,DSL,177.5,477.1,4,3,3,Yes,No,4.0,4621.14,Yes,2 Years,0.15,25.0,44.38,119.28,5725.200000000001,9542.0,0,3.0
CUST-01206,65,Giza,35,One year,4G/5G,245.2,510.3,4,4,0,Yes,Yes,1.0,6000.82,No,3 Years,0.11,0.0,61.3,127.58,6123.6,17860.5,1,16.0
CUST-01207,45,Upper Egypt,45,One year,4G/5G,280.2,454.96,2,3,0,No,Yes,4.0,5118.49,No,4 Years,0.07,0.0,140.1,227.48,5459.5199999999995,20473.2,0,3.0
CUST-01208,56,Cairo,37,Month-to-month,DSL,409.6,573.94,6,2,3,No,Yes,3.0,5834.65,No,4 Years,0.05,25.0,68.27,95.66,6887.280000000001,21235.780000000002,1,4.0
CUST-01209,33,Cairo,28,Month-to-month,Fiber,190.4,353.37,1,1,1,Yes,Yes,3.0,3982.21,No,3 Years,0.04,8.333333333333332,190.4,353.37,4240.4400000000005,9894.36,0,2.0
CUST-01210,69,Alexandria,23,Month-to-month,DSL,248.2,432.6,2,1,1,Yes,Yes,5.0,4119.35,No,2 Years,0.04,8.333333333333332,124.1,216.3,5191.200000000001,9949.800000000001,0,0.0
CUST-01211,51,Upper Egypt,26,One year,4G/5G,283.3,335.49,2,0,2,Yes,Yes,3.0,4023.55,No,3 Years,0.0,16.666666666666664,141.65,167.74,4025.88,8722.74,0,0.0
CUST-01212,59,Cairo,14,Month-to-month,DSL,102.7,410.79,4,1,1,No,No,4.0,4399.56,No,2 Years,0.07,8.333333333333332,25.68,102.7,4929.4800000000005,5751.06,0,1.0
CUST-01213,42,Cairo,24,Month-to-month,Fiber,34.3,388.84,3,1,2,Yes,Yes,3.0,4797.65,No,2 Years,0.04,16.666666666666664,11.43,129.61,4666.08,9332.16,0,2.0
CUST-01214,63,Cairo,20,One year,4G/5G,140.4,603.33,6,0,1,No,No,4.0,7301.54,No,2 Years,0.0,8.333333333333332,23.4,100.56,7239.960000000001,12066.6,1,0.0
CUST-01215,21,Upper Egypt,72,One year,Fiber,317.0,492.1,2,0,4,Yes,No,4.0,5830.68,Yes,6 Years,0.0,33.33333333333333,158.5,246.05,5905.200000000001,35431.200000000004,1,0.0
CUST-01216,24,Cairo,27,Two year,4G/5G,384.5,571.44,4,2,0,Yes,No,4.0,7516.55,No,3 Years,0.07,0.0,96.12,142.86,6857.280000000001,15428.880000000001,1,2.0
CUST-01217,44,Giza,3,One year,Fiber,146.9,444.89,3,4,0,Yes,No,3.0,5230.09,No,<= Year,1.33,0.0,48.97,148.3,5338.68,1334.67,0,8.0
CUST-01218,56,Upper Egypt,16,Two year,Fiber,120.5,399.27,2,4,1,Yes,No,4.0,5628.15,No,2 Years,0.25,8.333333333333332,60.25,199.64,4791.24,6388.32,0,4.0
CUST-01219,60,Cairo,18,Month-to-month,4G/5G,368.1,385.83,1,4,2,Yes,Yes,4.0,3424.48,No,2 Years,0.22,16.666666666666664,368.1,385.83,4629.96,6944.94,0,4.0
CUST-01220,41,Alexandria,41,Month-to-month,DSL,179.1,506.28,5,0,1,Yes,Yes,2.0,5423.46,No,4 Years,0.0,8.333333333333332,35.82,101.26,6075.36,20757.48,1,0.0
CUST-01221,52,Giza,29,Two year,Fiber,196.5,429.82,2,4,2,Yes,Yes,2.0,4775.57,No,3 Years,0.14,16.666666666666664,98.25,214.91,5157.84,12464.78,0,12.0
CUST-01222,47,Delta,28,Month-to-month,4G/5G,361.3,326.18,1,1,1,No,Yes,4.0,3712.88,No,3 Years,0.04,8.333333333333332,361.3,326.18,3914.16,9133.04,0,1.0
CUST-01223,68,Giza,53,One year,4G/5G,346.5,570.47,4,4,0,Yes,Yes,3.0,7365.06,No,5 Years,0.08,0.0,86.62,142.62,6845.64,30234.91,1,8.0
CUST-01224,52,Giza,65,Month-to-month,Fiber,314.1,362.53,1,4,1,Yes,Yes,5.0,4381.05,No,6 Years,0.06,8.333333333333332,314.1,362.53,4350.36,23564.449999999997,0,0.0
CUST-01225,40,Cairo,36,Month-to-month,4G/5G,76.0,556.39,4,0,1,Yes,No,5.0,5809.51,No,3 Years,0.0,8.333333333333332,19.0,139.1,6676.68,20030.04,1,0.0
CUST-01226,69,Delta,17,Month-to-month,Fiber,228.7,564.26,5,5,0,Yes,Yes,4.0,5864.18,No,2 Years,0.29,0.0,45.74,112.85,6771.12,9592.42,1,5.0
CUST-01227,23,Delta,17,One year,Fiber,330.8,405.99,2,3,1,Yes,No,5.0,4784.46,No,2 Years,0.18,8.333333333333332,165.4,203.0,4871.88,6901.83,0,0.0
CUST-01228,70,Cairo,49,One year,4G/5G,258.6,340.52,1,0,2,Yes,Yes,4.0,3699.8,No,5 Years,0.0,16.666666666666664,258.6,340.52,4086.24,16685.48,0,0.0
CUST-01229,26,Giza,17,Month-to-month,Fiber,160.0,275.56,1,1,0,Yes,No,4.0,3096.62,No,2 Years,0.06,0.0,160.0,275.56,3306.7200000000003,4684.52,0,1.0
CUST-01230,33,Upper Egypt,22,Month-to-month,4G/5G,199.0,295.79,1,5,1,No,Yes,4.0,2969.62,Yes,2 Years,0.23,8.333333333333332,199.0,295.79,3549.4800000000005,6507.38,0,5.0
CUST-01231,61,Cairo,16,Month-to-month,Fiber,330.0,564.26,3,3,1,Yes,No,4.0,5997.15,Yes,2 Years,0.19,8.333333333333332,110.0,188.09,6771.12,9028.16,1,3.0
CUST-01232,56,Cairo,9,Month-to-month,Fiber,367.5,619.51,3,1,0,Yes,No,5.0,6180.06,No,<= Year,0.11,0.0,122.5,206.5,7434.12,5575.59,1,0.0
CUST-01233,69,Alexandria,72,Month-to-month,Fiber,229.5,661.63,5,5,3,Yes,Yes,3.0,6564.42,Yes,6 Years,0.07,25.0,45.9,132.33,7939.5599999999995,47637.36,1,10.0
CUST-01234,57,Giza,22,Two year,DSL,168.2,388.14,3,0,1,Yes,No,2.0,5143.32,No,2 Years,0.0,8.333333333333332,56.07,129.38,4657.68,8539.08,0,0.0
CUST-01235,51,Cairo,58,Month-to-month,4G/5G,228.7,529.33,4,2,1,Yes,Yes,2.0,5562.12,No,5 Years,0.03,8.333333333333332,57.18,132.33,6351.960000000001,30701.140000000003,1,6.0
CUST-01236,36,Giza,17,Month-to-month,Fiber,350.9,582.8,3,1,1,Yes,No,5.0,6266.88,Yes,2 Years,0.06,8.333333333333332,116.97,194.27,6993.599999999999,9907.599999999999,1,0.0
CUST-01237,18,Cairo,14,Month-to-month,Fiber,349.1,661.4,3,5,0,No,Yes,4.0,6151.52,Yes,2 Years,0.36,0.0,116.37,220.47,7936.799999999999,9259.6,1,5.0
CUST-01238,24,Alexandria,34,Month-to-month,Fiber,247.5,575.82,5,1,0,Yes,Yes,5.0,6275.49,No,3 Years,0.03,0.0,49.5,115.16,6909.84,19577.88,1,0.0
CUST-01239,33,Delta,45,Month-to-month,Fiber,182.3,612.31,4,1,0,Yes,Yes,4.0,6194.95,No,4 Years,0.02,0.0,45.58,153.08,7347.719999999999,27553.949999999997,1,1.0
CUST-01240,20,Alexandria,47,One year,DSL,327.4,449.37,4,5,0,No,No,3.0,5833.05,No,4 Years,0.11,0.0,81.85,112.34,5392.4400000000005,21120.39,0,10.0
CUST-01241,44,Cairo,20,One year,DSL,376.1,537.8,3,4,0,No,No,5.0,7231.71,No,2 Years,0.2,0.0,125.37,179.27,6453.599999999999,10756.0,1,0.0
CUST-01242,59,Delta,37,One year,Fiber,99.2,518.55,5,2,0,Yes,No,3.0,5325.52,No,4 Years,0.05,0.0,19.84,103.71,6222.599999999999,19186.35,1,4.0
CUST-01243,69,Cairo,15,Month-to-month,Fiber,209.1,391.85,2,3,0,Yes,Yes,3.0,4529.18,No,2 Years,0.2,0.0,104.55,195.92,4702.200000000001,5877.75,0,6.0
CUST-01244,43,Delta,24,One year,DSL,228.7,331.28,1,3,0,Yes,Yes,4.0,4123.54,No,2 Years,0.12,0.0,228.7,331.28,3975.3599999999997,7950.719999999999,0,3.0
CUST-01245,64,Giza,18,Two year,Fiber,236.6,452.24,3,3,1,No,Yes,3.0,5489.0,No,2 Years,0.17,8.333333333333332,78.87,150.75,5426.88,8140.32,0,6.0
CUST-01246,70,Delta,16,Two year,Fiber,186.0,444.12,2,6,1,Yes,Yes,4.0,5645.78,No,2 Years,0.38,8.333333333333332,93.0,222.06,5329.4400000000005,7105.92,0,6.0
CUST-01247,63,Cairo,25,Two year,DSL,246.7,656.19,6,1,1,Yes,Yes,4.0,8070.15,No,3 Years,0.04,8.333333333333332,41.12,109.36,7874.280000000001,16404.75,1,1.0
CUST-01248,42,Cairo,9,Month-to-month,Fiber,263.4,553.94,6,4,0,Yes,Yes,4.0,5778.27,No,<= Year,0.44,0.0,43.9,92.32,6647.280000000001,4985.460000000001,1,4.0
CUST-01249,35,Giza,42,Two year,Fiber,128.6,389.26,2,1,1,Yes,Yes,3.0,4742.29,No,4 Years,0.02,8.333333333333332,64.3,194.63,4671.12,16348.92,0,2.0
CUST-01250,69,Cairo,16,One year,Fiber,238.2,435.74,3,3,2,Yes,No,2.0,5497.14,No,2 Years,0.19,16.666666666666664,79.4,145.25,5228.88,6971.84,0,9.0
CUST-01251,30,Cairo,41,One year,4G/5G,263.1,514.74,3,2,0,Yes,Yes,3.0,6562.66,No,4 Years,0.05,0.0,87.7,171.58,6176.88,21104.34,1,4.0
CUST-01252,39,Delta,11,One year,Fiber,185.8,498.74,2,0,0,Yes,No,3.0,6022.95,No,<= Year,0.0,0.0,92.9,249.37,5984.88,5486.14,1,0.0
CUST-01253,21,Delta,16,Two year,Fiber,159.8,306.14,1,3,4,Yes,No,4.0,2904.31,No,2 Years,0.19,33.33333333333333,159.8,306.14,3673.68,4898.24,0,3.0
CUST-01254,60,Cairo,9,Month-to-month,Fiber,181.6,600.32,6,3,0,No,No,3.0,5308.87,No,<= Year,0.33,0.0,30.27,100.05,7203.84,5402.88,1,6.0
CUST-01255,52,Upper Egypt,9,One year,DSL,142.6,350.36,4,4,1,No,No,2.0,4020.98,Yes,<= Year,0.44,8.333333333333332,35.65,87.59,4204.32,3153.2400000000002,0,12.0
CUST-01256,22,Delta,12,One year,4G/5G,306.6,588.67,3,2,1,Yes,Yes,2.0,6748.7,No,<= Year,0.17,8.333333333333332,102.2,196.22,7064.039999999999,7064.039999999999,1,6.0
CUST-01257,29,Upper Egypt,11,One year,Fiber,228.7,476.3,2,2,0,Yes,No,4.0,6170.59,No,<= Year,0.18,0.0,114.35,238.15,5715.6,5239.3,0,2.0
CUST-01258,47,Delta,9,One year,Fiber,247.0,390.05,3,1,0,No,Yes,4.0,3454.09,No,<= Year,0.11,0.0,82.33,130.02,4680.6,3510.4500000000003,0,1.0
CUST-01259,46,Alexandria,23,Month-to-month,Fiber,196.3,460.65,2,2,1,No,Yes,3.0,4225.09,No,2 Years,0.09,8.333333333333332,98.15,230.32,5527.799999999999,10594.949999999999,0,4.0
CUST-01260,60,Alexandria,34,Month-to-month,DSL,166.4,277.08,2,4,0,No,No,3.0,3380.17,Yes,3 Years,0.12,0.0,83.2,138.54,3324.96,9420.72,0,8.0
CUST-01261,32,Alexandria,35,Month-to-month,Fiber,353.4,676.33,6,3,0,Yes,No,4.0,6673.7,No,3 Years,0.09,0.0,58.9,112.72,8115.960000000001,23671.550000000003,1,3.0
CUST-01262,67,Upper Egypt,4,One year,4G/5G,218.2,434.26,4,2,1,Yes,Yes,4.0,4928.17,No,<= Year,0.5,8.333333333333332,54.55,108.56,5211.12,1737.04,0,2.0
CUST-01263,41,Cairo,18,One year,Fiber,169.8,304.46,2,0,2,No,No,5.0,2998.83,No,2 Years,0.0,16.666666666666664,84.9,152.23,3653.5199999999995,5480.28,0,0.0
CUST-01264,61,Cairo,17,Two year,Fiber,161.1,408.73,2,3,1,Yes,No,3.0,5802.23,No,2 Years,0.18,8.333333333333332,80.55,204.36,4904.76,6948.41,0,6.0
CUST-01265,30,Cairo,54,One year,Fiber,260.5,718.24,5,2,0,Yes,Yes,3.0,8393.55,No,5 Years,0.04,0.0,52.1,143.65,8618.880000000001,38784.96,1,4.0
CUST-01266,19,Upper Egypt,19,One year,Fiber,304.4,524.74,4,0,0,No,No,4.0,6906.2,No,2 Years,0.0,0.0,76.1,131.18,6296.88,9970.06,1,0.0
CUST-01267,20,Giza,21,Month-to-month,4G/5G,344.4,709.88,6,1,2,Yes,Yes,3.0,7449.09,No,2 Years,0.05,16.666666666666664,57.4,118.31,8518.56,14907.48,1,2.0
CUST-01268,37,Alexandria,6,One year,Fiber,228.7,654.32,5,5,1,Yes,No,3.0,8143.46,No,<= Year,0.83,8.333333333333332,45.74,130.86,7851.84,3925.92,1,10.0
CUST-01269,68,Delta,12,Two year,4G/5G,209.5,484.31,3,4,1,No,No,4.0,6309.57,No,<= Year,0.33,8.333333333333332,69.83,161.44,5811.72,5811.72,0,4.0
CUST-01270,20,Upper Egypt,6,One year,Fiber,241.8,661.68,4,4,3,Yes,Yes,5.0,7375.91,No,<= Year,0.67,25.0,60.45,165.42,7940.16,3970.08,1,0.0
CUST-01271,37,Cairo,24,Two year,DSL,245.0,475.65,3,3,2,Yes,No,4.0,5927.61,No,2 Years,0.12,16.666666666666664,81.67,158.55,5707.799999999999,11415.599999999999,0,3.0
CUST-01272,23,Delta,55,Two year,Fiber,160.5,455.25,1,3,3,Yes,Yes,2.0,6702.29,No,5 Years,0.05,25.0,160.5,455.25,5463.0,25038.75,0,9.0
CUST-01273,67,Upper Egypt,12,Month-to-month,4G/5G,361.6,329.33,1,2,0,Yes,No,5.0,3447.14,No,<= Year,0.17,0.0,361.6,329.33,3951.96,3951.96,0,0.0
CUST-01274,53,Cairo,19,One year,Fiber,232.0,424.15,1,2,2,Yes,No,4.0,5473.39,No,2 Years,0.11,16.666666666666664,232.0,424.15,5089.799999999999,8058.849999999999,0,2.0
CUST-01275,58,Delta,11,Month-to-month,DSL,278.1,683.79,6,5,0,Yes,No,4.0,6992.33,Yes,<= Year,0.45,0.0,46.35,113.96,8205.48,7521.69,1,5.0
CUST-01276,55,Giza,14,Month-to-month,4G/5G,268.2,589.46,6,1,0,Yes,No,3.0,5642.12,Yes,2 Years,0.07,0.0,44.7,98.24,7073.52,8252.44,1,2.0
CUST-01277,52,Alexandria,24,Month-to-month,DSL,266.4,239.48,3,2,1,Yes,No,5.0,2547.62,No,2 Years,0.08,8.333333333333332,88.8,79.83,2873.7599999999998,5747.5199999999995,0,0.0
CUST-01278,59,Giza,72,Month-to-month,Fiber,139.6,553.36,6,1,1,Yes,Yes,2.0,6131.95,No,6 Years,0.01,8.333333333333332,23.27,92.23,6640.32,39841.92,1,3.0
CUST-01279,18,Cairo,53,Month-to-month,4G/5G,229.4,522.32,5,7,1,No,No,2.0,5227.97,No,5 Years,0.13,8.333333333333332,45.88,104.46,6267.84,27682.960000000003,1,21.0
CUST-01280,63,Cairo,63,One year,Fiber,435.3,491.27,1,3,1,Yes,No,5.0,5952.27,No,6 Years,0.05,8.333333333333332,435.3,491.27,5895.24,30950.01,1,0.0
CUST-01281,57,Cairo,41,Month-to-month,Fiber,372.8,460.53,2,4,0,No,Yes,3.0,4392.44,Yes,4 Years,0.1,0.0,186.4,230.26,5526.36,18881.73,0,8.0
CUST-01282,57,Cairo,19,Month-to-month,DSL,244.1,422.94,3,0,2,Yes,Yes,5.0,4397.76,No,2 Years,0.0,16.666666666666664,81.37,140.98,5075.28,8035.86,0,0.0
CUST-01283,38,Alexandria,17,Month-to-month,4G/5G,197.0,516.61,5,1,1,Yes,Yes,5.0,4988.11,No,2 Years,0.06,8.333333333333332,39.4,103.32,6199.32,8782.37,1,0.0
CUST-01284,60,Giza,12,Month-to-month,Fiber,30.4,464.48,4,0,0,Yes,No,4.0,4994.8,No,<= Year,0.0,0.0,7.6,116.12,5573.76,5573.76,0,0.0
CUST-01285,38,Cairo,1,Two year,4G/5G,185.2,431.75,3,6,1,No,No,3.0,6678.09,No,,6.0,8.333333333333332,61.73,143.92,5181.0,431.75,0,12.0
CUST-01286,20,Delta,18,Month-to-month,DSL,222.9,544.94,6,2,3,Yes,No,4.0,5443.76,No,2 Years,0.11,25.0,37.15,90.82,6539.280000000001,9808.920000000002,1,2.0
CUST-01287,66,Delta,55,Month-to-month,Fiber,201.4,471.72,2,3,1,Yes,Yes,5.0,5802.12,No,5 Years,0.05,8.333333333333332,100.7,235.86,5660.64,25944.600000000002,0,0.0
CUST-01288,30,Alexandria,55,Two year,Fiber,207.7,724.85,6,1,0,Yes,No,4.0,9319.41,Yes,5 Years,0.02,0.0,34.62,120.81,8698.2,39866.75,1,1.0
CUST-01289,23,Upper Egypt,72,Two year,DSL,286.0,485.5,5,5,5,Yes,No,3.0,6466.82,No,6 Years,0.07,41.66666666666667,57.2,97.1,5826.0,34956.0,1,10.0
CUST-01290,50,Giza,26,One year,Fiber,140.0,580.14,5,1,1,Yes,Yes,4.0,7459.02,No,3 Years,0.04,8.333333333333332,28.0,116.03,6961.68,15083.64,1,1.0
CUST-01291,30,Delta,8,One year,Fiber,254.5,313.1,1,0,3,Yes,Yes,2.0,4052.69,No,<= Year,0.0,25.0,254.5,313.1,3757.2000000000003,2504.8,0,0.0
CUST-01292,63,Cairo,32,Month-to-month,Fiber,220.1,282.23,1,2,2,Yes,No,2.0,3337.34,Yes,3 Years,0.06,16.666666666666664,220.1,282.23,3386.76,9031.36,0,6.0
CUST-01293,41,Delta,72,One year,4G/5G,150.6,644.24,6,1,0,No,No,3.0,7874.43,No,6 Years,0.01,0.0,25.1,107.37,7730.88,46385.28,1,2.0
CUST-01294,18,Upper Egypt,60,Month-to-month,Fiber,380.7,770.06,5,1,3,No,Yes,4.0,7928.24,No,5 Years,0.02,25.0,76.14,154.01,9240.72,46203.6,1,1.0
CUST-01295,68,Delta,15,Month-to-month,Fiber,297.3,444.92,2,0,0,No,No,2.0,3941.49,No,2 Years,0.0,0.0,148.65,222.46,5339.04,6673.8,0,0.0
CUST-01296,45,Alexandria,8,Month-to-month,Fiber,159.2,731.34,6,2,2,Yes,No,4.0,7728.51,No,<= Year,0.25,16.666666666666664,26.53,121.89,8776.08,5850.72,1,2.0
CUST-01297,31,Alexandria,8,One year,Fiber,276.6,419.44,2,1,1,Yes,Yes,4.0,4562.8,No,<= Year,0.12,8.333333333333332,138.3,209.72,5033.28,3355.52,0,1.0
CUST-01298,53,Giza,13,Month-to-month,4G/5G,104.9,391.98,3,2,1,Yes,Yes,3.0,4438.33,No,2 Years,0.15,8.333333333333332,34.97,130.66,4703.76,5095.74,0,4.0
CUST-01299,46,Alexandria,14,Month-to-month,DSL,170.3,431.43,2,4,2,No,No,1.0,4457.82,Yes,2 Years,0.29,16.666666666666664,85.15,215.72,5177.16,6040.02,0,16.0
CUST-01300,19,Delta,18,Month-to-month,DSL,349.5,412.61,3,2,2,No,Yes,4.0,4538.73,No,2 Years,0.11,16.666666666666664,116.5,137.54,4951.32,7426.9800000000005,0,2.0
CUST-01301,58,Upper Egypt,35,One year,4G/5G,261.6,624.84,5,2,0,Yes,No,5.0,8552.7,No,3 Years,0.06,0.0,52.32,124.97,7498.08,21869.4,1,0.0
CUST-01302,39,Giza,17,Month-to-month,Fiber,254.4,372.52,1,2,2,Yes,Yes,4.0,4165.37,No,2 Years,0.12,16.666666666666664,254.4,372.52,4470.24,6332.84,0,2.0
CUST-01303,55,Cairo,23,Month-to-month,4G/5G,318.8,611.52,6,2,1,Yes,Yes,4.0,5461.82,No,2 Years,0.09,8.333333333333332,53.13,101.92,7338.24,14064.96,1,2.0
CUST-01304,65,Alexandria,5,Month-to-month,4G/5G,285.0,390.32,2,4,0,Yes,Yes,3.0,4183.84,No,<= Year,0.8,0.0,142.5,195.16,4683.84,1951.6,0,8.0
CUST-01305,50,Cairo,12,One year,DSL,206.1,454.04,6,1,2,Yes,No,4.0,4451.41,Yes,<= Year,0.08,16.666666666666664,34.35,75.67,5448.4800000000005,5448.4800000000005,0,1.0
CUST-01306,53,Cairo,12,Month-to-month,DSL,314.3,683.78,6,2,2,Yes,Yes,4.0,6539.22,No,<= Year,0.17,16.666666666666664,52.38,113.96,8205.36,8205.36,1,2.0
CUST-01307,31,Giza,5,Two year,Fiber,78.0,502.08,4,2,0,Yes,Yes,4.0,6420.93,No,<= Year,0.4,0.0,19.5,125.52,6024.96,2510.4,1,2.0
CUST-01308,30,Delta,17,Month-to-month,4G/5G,169.9,311.43,1,4,0,Yes,Yes,2.0,3447.04,No,2 Years,0.24,0.0,169.9,311.43,3737.16,5294.31,0,12.0
CUST-01309,39,Cairo,6,Month-to-month,Fiber,221.3,505.97,4,3,2,Yes,Yes,4.0,4515.55,No,<= Year,0.5,16.666666666666664,55.32,126.49,6071.64,3035.82,1,3.0
CUST-01310,63,Cairo,16,Month-to-month,DSL,279.3,563.28,5,2,1,No,No,3.0,5135.46,Yes,2 Years,0.12,8.333333333333332,55.86,112.66,6759.36,9012.48,1,4.0
CUST-01311,45,Cairo,24,Month-to-month,Fiber,200.8,694.87,6,1,0,No,Yes,4.0,7169.57,No,2 Years,0.04,0.0,33.47,115.81,8338.44,16676.88,1,1.0
CUST-01312,36,Upper Egypt,56,Month-to-month,DSL,69.4,231.29,1,1,0,No,Yes,1.0,3053.47,Yes,5 Years,0.02,0.0,69.4,231.29,2775.48,12952.24,0,4.0
CUST-01313,59,Delta,11,Month-to-month,4G/5G,56.8,549.58,5,4,1,No,Yes,3.0,5340.25,Yes,<= Year,0.36,8.333333333333332,11.36,109.92,6594.960000000001,6045.38,1,8.0
CUST-01314,63,Cairo,24,Two year,DSL,223.9,375.2,2,2,0,Yes,Yes,4.0,6167.89,No,2 Years,0.08,0.0,111.95,187.6,4502.4,9004.8,0,2.0
CUST-01315,65,Cairo,13,Month-to-month,Fiber,187.0,580.92,5,6,0,Yes,Yes,4.0,5667.98,No,2 Years,0.46,0.0,37.4,116.18,6971.039999999999,7551.959999999999,1,6.0
CUST-01316,33,Alexandria,5,Month-to-month,DSL,148.1,491.46,4,4,1,Yes,Yes,3.0,5070.93,No,<= Year,0.8,8.333333333333332,37.02,122.86,5897.5199999999995,2457.2999999999997,1,8.0
CUST-01317,55,Cairo,56,Month-to-month,4G/5G,133.0,552.62,6,6,0,Yes,No,1.0,5686.11,Yes,5 Years,0.11,0.0,22.17,92.1,6631.4400000000005,30946.72,1,24.0
CUST-01318,49,Alexandria,25,Month-to-month,DSL,242.0,243.14,1,0,2,No,Yes,4.0,2366.56,No,3 Years,0.0,16.666666666666664,242.0,243.14,2917.68,6078.5,0,0.0
CUST-01319,41,Giza,31,Month-to-month,4G/5G,347.2,549.02,4,3,3,Yes,Yes,5.0,5983.93,No,3 Years,0.1,25.0,86.8,137.26,6588.24,17019.62,1,0.0
CUST-01320,39,Upper Egypt,62,Month-to-month,4G/5G,242.0,568.92,5,2,2,No,Yes,3.0,5274.43,No,6 Years,0.03,16.666666666666664,48.4,113.78,6827.039999999999,35273.04,1,4.0
CUST-01321,24,Cairo,16,Month-to-month,4G/5G,348.4,485.17,3,3,1,Yes,No,3.0,3827.03,No,2 Years,0.19,8.333333333333332,116.13,161.72,5822.04,7762.72,1,6.0
CUST-01322,32,Alexandria,7,Month-to-month,Fiber,196.3,490.05,2,2,2,Yes,Yes,4.0,4685.15,No,<= Year,0.29,16.666666666666664,98.15,245.02,5880.6,3430.35,1,2.0
CUST-01323,47,Cairo,11,Two year,DSL,269.9,405.09,2,4,0,No,No,4.0,5314.97,Yes,<= Year,0.36,0.0,134.95,202.54,4861.08,4455.99,0,4.0
CUST-01324,64,Upper Egypt,7,One year,4G/5G,351.7,602.31,5,0,1,No,No,5.0,7607.35,Yes,<= Year,0.0,8.333333333333332,70.34,120.46,7227.719999999999,4216.17,1,0.0
CUST-01325,63,Upper Egypt,47,Two year,4G/5G,228.7,391.7,2,3,2,Yes,Yes,5.0,4761.0,No,4 Years,0.06,16.666666666666664,114.35,195.85,4700.4,18409.899999999998,0,0.0
CUST-01326,27,Delta,72,Month-to-month,Fiber,232.3,662.72,6,2,3,Yes,Yes,2.0,6658.75,No,6 Years,0.03,25.0,38.72,110.45,7952.64,47715.840000000004,1,6.0
CUST-01327,54,Giza,24,Two year,Fiber,196.3,453.53,2,6,0,Yes,No,3.0,6201.19,No,2 Years,0.25,0.0,98.15,226.76,5442.36,10884.72,0,12.0
CUST-01328,22,Cairo,36,Month-to-month,Fiber,283.3,515.55,3,3,0,Yes,No,4.0,5470.84,No,3 Years,0.08,0.0,94.43,171.85,6186.599999999999,18559.8,1,3.0
CUST-01329,53,Delta,43,Month-to-month,4G/5G,311.2,639.76,6,1,1,No,Yes,3.0,6813.01,No,4 Years,0.02,8.333333333333332,51.87,106.63,7677.12,27509.68,1,2.0
CUST-01330,36,Delta,65,One year,4G/5G,261.6,281.03,1,2,0,Yes,No,4.0,3804.49,No,6 Years,0.03,0.0,261.6,281.03,3372.3599999999997,18266.949999999997,0,2.0
CUST-01331,41,Cairo,72,Month-to-month,DSL,209.4,370.51,3,6,2,No,No,3.0,3891.5,No,6 Years,0.08,16.666666666666664,69.8,123.5,4446.12,26676.72,0,12.0
CUST-01332,56,Giza,3,Month-to-month,Fiber,95.0,621.34,6,5,1,Yes,Yes,3.0,6173.41,Yes,<= Year,1.67,8.333333333333332,15.83,103.56,7456.08,1864.02,1,10.0
CUST-01333,40,Giza,14,One year,Fiber,225.6,446.08,2,4,2,No,No,3.0,5095.94,No,2 Years,0.29,16.666666666666664,112.8,223.04,5352.96,6245.12,0,8.0
CUST-01334,60,Delta,22,One year,4G/5G,212.7,309.14,2,4,1,Yes,Yes,2.0,3048.15,No,2 Years,0.18,8.333333333333332,106.35,154.57,3709.68,6801.08,0,12.0
CUST-01335,46,Delta,12,Month-to-month,Fiber,251.2,359.57,1,3,1,No,No,3.0,3380.82,Yes,<= Year,0.25,8.333333333333332,251.2,359.57,4314.84,4314.84,0,6.0
CUST-01336,70,Alexandria,18,Month-to-month,Fiber,240.5,335.26,1,2,0,Yes,Yes,3.0,3351.48,No,2 Years,0.11,0.0,240.5,335.26,4023.12,6034.68,0,4.0
CUST-01337,51,Alexandria,30,Month-to-month,Fiber,371.5,566.23,2,4,3,No,Yes,3.0,5136.84,No,3 Years,0.13,25.0,185.75,283.12,6794.76,16986.9,1,8.0
CUST-01338,33,Cairo,29,Two year,4G/5G,167.3,607.4,6,4,3,No,No,4.0,7602.87,No,3 Years,0.14,25.0,27.88,101.23,7288.799999999999,17614.6,1,4.0
CUST-01339,59,Giza,42,Month-to-month,DSL,88.2,442.2,4,2,2,Yes,Yes,3.0,4469.77,No,4 Years,0.05,16.666666666666664,22.05,110.55,5306.4,18572.399999999998,0,4.0
CUST-01340,39,Cairo,23,Month-to-month,Fiber,127.2,394.66,2,2,2,Yes,Yes,5.0,3885.7,No,2 Years,0.09,16.666666666666664,63.6,197.33,4735.92,9077.18,0,0.0
CUST-01341,46,Delta,1,Month-to-month,Fiber,173.0,546.28,5,2,1,No,Yes,5.0,5802.49,No,,2.0,8.333333333333332,34.6,109.26,6555.36,546.28,1,0.0
CUST-01342,25,Giza,17,Two year,4G/5G,327.4,519.91,4,3,3,No,No,3.0,6904.73,No,2 Years,0.18,25.0,81.85,129.98,6238.92,8838.47,1,6.0
CUST-01343,24,Giza,28,One year,Fiber,113.2,420.13,2,2,1,No,Yes,4.0,4028.66,No,3 Years,0.07,8.333333333333332,56.6,210.06,5041.5599999999995,11763.64,0,2.0
CUST-01344,48,Cairo,44,Month-to-month,Fiber,125.3,383.29,2,1,1,Yes,No,5.0,3462.7,No,4 Years,0.02,8.333333333333332,62.65,191.64,4599.4800000000005,16864.760000000002,0,0.0
CUST-01345,27,Cairo,40,Two year,Fiber,267.3,479.23,2,3,1,Yes,No,3.0,5238.59,No,4 Years,0.08,8.333333333333332,133.65,239.62,5750.76,19169.2,0,6.0
CUST-01346,70,Alexandria,20,Month-to-month,Fiber,306.4,639.31,5,2,1,Yes,Yes,3.0,6100.72,No,2 Years,0.1,8.333333333333332,61.28,127.86,7671.719999999999,12786.199999999999,1,4.0
CUST-01347,63,Cairo,13,Two year,4G/5G,90.6,525.67,5,1,0,No,No,5.0,6874.17,No,2 Years,0.08,0.0,18.12,105.13,6308.039999999999,6833.709999999999,1,0.0
CUST-01348,55,Cairo,21,Month-to-month,4G/5G,70.5,465.86,4,4,3,Yes,Yes,4.0,4553.35,No,2 Years,0.19,25.0,17.62,116.46,5590.32,9783.06,0,4.0
CUST-01349,56,Delta,4,Month-to-month,Fiber,159.2,436.56,3,1,0,Yes,Yes,5.0,4885.35,No,<= Year,0.25,0.0,53.07,145.52,5238.72,1746.24,0,0.0
CUST-01350,49,Giza,14,Month-to-month,4G/5G,289.2,512.78,4,1,2,No,Yes,4.0,4970.4,No,2 Years,0.07,16.666666666666664,72.3,128.2,6153.36,7178.92,1,1.0
CUST-01351,21,Giza,49,Two year,Fiber,242.9,712.28,6,2,0,Yes,Yes,3.0,9103.02,No,5 Years,0.04,0.0,40.48,118.71,8547.36,34901.72,1,4.0
CUST-01352,38,Giza,21,Two year,4G/5G,162.5,582.2,4,2,1,Yes,No,4.0,7428.92,No,2 Years,0.1,8.333333333333332,40.62,145.55,6986.400000000001,12226.2,1,2.0
CUST-01353,44,Delta,29,One year,Fiber,296.5,623.18,4,1,2,No,No,4.0,7072.2,No,3 Years,0.03,16.666666666666664,74.12,155.79,7478.16,18072.219999999998,1,1.0
CUST-01354,66,Giza,6,Month-to-month,Fiber,241.2,288.26,2,1,0,Yes,Yes,5.0,2463.31,No,<= Year,0.17,0.0,120.6,144.13,3459.12,1729.56,0,0.0
CUST-01355,29,Delta,43,Month-to-month,4G/5G,220.3,407.03,3,3,1,Yes,Yes,5.0,4755.82,No,4 Years,0.07,8.333333333333332,73.43,135.68,4884.36,17502.289999999997,0,0.0
CUST-01356,44,Upper Egypt,20,Month-to-month,4G/5G,84.7,293.5,1,3,0,No,Yes,5.0,3438.2,No,2 Years,0.15,0.0,84.7,293.5,3522.0,5870.0,0,0.0
CUST-01357,36,Alexandria,28,Month-to-month,4G/5G,160.7,365.65,3,3,4,No,Yes,4.0,4134.47,No,3 Years,0.11,33.33333333333333,53.57,121.88,4387.799999999999,10238.199999999999,0,3.0
CUST-01358,25,Giza,32,Month-to-month,DSL,406.1,531.35,5,4,2,Yes,No,5.0,4776.74,No,3 Years,0.12,16.666666666666664,81.22,106.27,6376.200000000001,17003.2,1,0.0
CUST-01359,23,Delta,42,One year,4G/5G,199.7,527.87,5,4,0,Yes,Yes,2.0,5597.72,No,4 Years,0.1,0.0,39.94,105.57,6334.4400000000005,22170.54,1,12.0
CUST-01360,37,Giza,25,One year,DSL,143.9,568.67,6,1,0,Yes,No,4.0,6438.42,No,3 Years,0.04,0.0,23.98,94.78,6824.039999999999,14216.749999999998,1,1.0
CUST-01361,22,Giza,20,Two year,Fiber,195.6,513.29,3,2,3,Yes,Yes,3.0,6625.36,Yes,2 Years,0.1,25.0,65.2,171.1,6159.48,10265.8,1,4.0
CUST-01362,21,Alexandria,8,Month-to-month,Fiber,240.7,586.27,5,3,0,Yes,No,5.0,6314.0,No,<= Year,0.38,0.0,48.14,117.25,7035.24,4690.16,1,0.0
CUST-01363,36,Cairo,6,Month-to-month,DSL,309.5,533.18,5,0,1,Yes,No,3.0,5289.42,Yes,<= Year,0.0,8.333333333333332,61.9,106.64,6398.16,3199.08,1,0.0
CUST-01364,28,Cairo,25,Month-to-month,DSL,285.9,502.24,5,3,1,Yes,Yes,5.0,5190.58,No,3 Years,0.12,8.333333333333332,57.18,100.45,6026.88,12556.0,1,0.0
CUST-01365,47,Giza,28,Month-to-month,4G/5G,169.1,567.15,5,1,0,Yes,No,3.0,6073.07,Yes,3 Years,0.04,0.0,33.82,113.43,6805.799999999999,15880.199999999999,1,2.0
CUST-01366,18,Cairo,31,One year,DSL,344.4,485.08,3,1,2,No,No,4.0,5539.98,No,3 Years,0.03,16.666666666666664,114.8,161.69,5820.96,15037.48,1,1.0
CUST-01367,33,Giza,11,One year,Fiber,303.3,570.15,3,1,0,Yes,Yes,3.0,7201.69,No,<= Year,0.09,0.0,101.1,190.05,6841.799999999999,6271.65,1,2.0
CUST-01368,42,Alexandria,14,Month-to-month,Fiber,189.9,539.31,4,2,1,Yes,Yes,3.0,6151.23,No,2 Years,0.14,8.333333333333332,47.48,134.83,6471.719999999999,7550.339999999999,1,4.0
CUST-01369,69,Upper Egypt,24,Month-to-month,4G/5G,218.5,375.9,3,5,2,No,Yes,4.0,3280.18,No,2 Years,0.21,16.666666666666664,72.83,125.3,4510.799999999999,9021.599999999999,0,5.0
CUST-01370,51,Cairo,16,Two year,Fiber,284.1,603.75,5,3,1,Yes,No,4.0,7720.52,No,2 Years,0.19,8.333333333333332,56.82,120.75,7245.0,9660.0,1,3.0
CUST-01371,64,Alexandria,72,Month-to-month,4G/5G,326.7,701.29,6,2,0,No,No,3.0,6538.61,No,6 Years,0.03,0.0,54.45,116.88,8415.48,50492.88,1,4.0
CUST-01372,36,Giza,14,Month-to-month,Fiber,93.3,235.01,1,1,1,No,Yes,4.0,2055.36,No,2 Years,0.07,8.333333333333332,93.3,235.01,2820.12,3290.14,0,1.0
CUST-01373,41,Cairo,30,One year,Fiber,236.3,545.14,4,6,0,No,No,5.0,6875.87,No,3 Years,0.2,0.0,59.08,136.28,6541.68,16354.199999999999,1,0.0
CUST-01374,40,Cairo,39,One year,4G/5G,227.2,467.02,3,0,4,No,No,3.0,4544.44,No,4 Years,0.0,33.33333333333333,75.73,155.67,5604.24,18213.78,0,0.0
CUST-01375,65,Cairo,40,Month-to-month,Fiber,178.6,473.09,1,2,1,No,No,5.0,4577.28,No,4 Years,0.05,8.333333333333332,178.6,473.09,5677.08,18923.6,0,0.0
CUST-01376,68,Cairo,15,One year,4G/5G,178.2,344.65,2,3,3,Yes,Yes,4.0,4456.74,No,2 Years,0.2,25.0,89.1,172.32,4135.799999999999,5169.75,0,3.0
CUST-01377,69,Cairo,33,Two year,Fiber,324.9,631.77,5,1,0,Yes,No,3.0,8390.01,No,3 Years,0.03,0.0,64.98,126.35,7581.24,20848.41,1,2.0
CUST-01378,57,Giza,30,Month-to-month,DSL,278.1,528.5,3,3,1,Yes,No,4.0,5662.4,No,3 Years,0.1,8.333333333333332,92.7,176.17,6342.0,15855.0,1,3.0
CUST-01379,44,Alexandria,33,Month-to-month,DSL,419.6,347.09,1,1,1,No,No,5.0,3131.66,No,3 Years,0.03,8.333333333333332,419.6,347.09,4165.08,11453.97,0,0.0
CUST-01380,46,Cairo,24,One year,4G/5G,178.7,602.02,5,1,2,Yes,Yes,4.0,7061.28,No,2 Years,0.04,16.666666666666664,35.74,120.4,7224.24,14448.48,1,1.0
CUST-01381,69,Cairo,39,One year,Fiber,242.3,463.69,2,1,1,Yes,Yes,4.0,6494.41,No,4 Years,0.03,8.333333333333332,121.15,231.84,5564.28,18083.91,0,1.0
CUST-01382,33,Cairo,26,Month-to-month,Fiber,257.9,490.84,3,3,1,Yes,Yes,1.0,4406.37,No,3 Years,0.12,8.333333333333332,85.97,163.61,5890.08,12761.84,1,12.0
CUST-01383,36,Alexandria,7,Month-to-month,DSL,228.7,417.89,2,2,2,Yes,No,2.0,3686.8,Yes,<= Year,0.29,16.666666666666664,114.35,208.94,5014.68,2925.23,0,6.0
CUST-01384,65,Giza,26,One year,4G/5G,352.3,600.74,5,1,2,Yes,No,4.0,7288.16,Yes,3 Years,0.04,16.666666666666664,70.46,120.15,7208.88,15619.24,1,1.0
CUST-01385,38,Alexandria,28,Month-to-month,4G/5G,238.4,744.78,6,2,1,Yes,No,2.0,6766.23,Yes,3 Years,0.07,8.333333333333332,39.73,124.13,8937.36,20853.84,1,6.0
CUST-01386,30,Cairo,37,Month-to-month,4G/5G,131.5,466.35,6,0,3,No,Yes,4.0,4892.83,No,4 Years,0.0,25.0,21.92,77.73,5596.200000000001,17254.95,0,0.0
CUST-01387,47,Cairo,25,Month-to-month,DSL,166.0,267.55,1,2,1,Yes,No,4.0,2040.8,Yes,3 Years,0.08,8.333333333333332,166.0,267.55,3210.6000000000004,6688.75,0,2.0
CUST-01388,35,Upper Egypt,66,Month-to-month,DSL,242.8,573.36,6,1,2,No,No,3.0,4645.09,No,6 Years,0.02,16.666666666666664,40.47,95.56,6880.32,37841.76,1,2.0
CUST-01389,65,Cairo,21,Two year,4G/5G,331.0,538.43,4,4,1,No,Yes,2.0,7026.09,No,2 Years,0.19,8.333333333333332,82.75,134.61,6461.16,11307.029999999999,1,12.0
CUST-01390,66,Cairo,15,One year,4G/5G,99.8,572.36,5,4,0,Yes,Yes,3.0,6330.26,No,2 Years,0.27,0.0,19.96,114.47,6868.32,8585.4,1,8.0
CUST-01391,34,Cairo,53,Month-to-month,4G/5G,124.7,277.8,1,1,0,Yes,No,4.0,2930.61,No,5 Years,0.02,0.0,124.7,277.8,3333.6000000000004,14723.400000000001,0,1.0
CUST-01392,46,Upper Egypt,20,Two year,4G/5G,298.1,670.36,6,3,0,No,No,5.0,9260.54,No,2 Years,0.15,0.0,49.68,111.73,8044.32,13407.2,1,0.0
CUST-01393,70,Alexandria,23,Month-to-month,4G/5G,113.6,365.89,2,0,1,No,Yes,1.0,3800.62,No,2 Years,0.0,8.333333333333332,56.8,182.94,4390.68,8415.47,0,0.0
CUST-01394,57,Alexandria,28,Month-to-month,Fiber,128.7,500.04,3,0,1,Yes,No,4.0,4488.09,No,3 Years,0.0,8.333333333333332,42.9,166.68,6000.4800000000005,14001.12,1,0.0
CUST-01395,29,Upper Egypt,26,Month-to-month,Fiber,332.3,688.72,6,4,1,Yes,Yes,2.0,6870.34,Yes,3 Years,0.15,8.333333333333332,55.38,114.79,8264.64,17906.72,1,12.0
CUST-01396,49,Cairo,33,One year,4G/5G,210.1,572.55,5,2,0,Yes,No,4.0,6808.29,No,3 Years,0.06,0.0,42.02,114.51,6870.599999999999,18894.149999999998,1,2.0
CUST-01397,50,Upper Egypt,36,One year,DSL,203.2,455.43,4,2,1,Yes,No,3.0,5644.89,No,3 Years,0.06,8.333333333333332,50.8,113.86,5465.16,16395.48,0,4.0
CUST-01398,52,Cairo,14,One year,Fiber,353.1,594.96,5,0,1,Yes,Yes,5.0,7072.11,No,2 Years,0.0,8.333333333333332,70.62,118.99,7139.52,8329.44,1,0.0
CUST-01399,19,Alexandria,9,Month-to-month,DSL,134.3,468.99,3,2,1,Yes,Yes,3.0,3898.22,Yes,<= Year,0.22,8.333333333333332,44.77,156.33,5627.88,4220.91,0,4.0
CUST-01400,33,Giza,9,Month-to-month,DSL,116.2,497.25,6,3,1,Yes,No,5.0,4678.37,No,<= Year,0.33,8.333333333333332,19.37,82.88,5967.0,4475.25,1,0.0
CUST-01401,63,Giza,49,Month-to-month,4G/5G,376.6,371.8,1,1,2,Yes,No,5.0,2839.62,No,5 Years,0.02,16.666666666666664,376.6,371.8,4461.6,18218.2,0,0.0
CUST-01402,30,Upper Egypt,19,Two year,4G/5G,251.0,468.25,4,2,1,Yes,Yes,3.0,6162.14,No,2 Years,0.11,8.333333333333332,62.75,117.06,5619.0,8896.75,0,4.0
CUST-01403,33,Cairo,39,Month-to-month,Fiber,291.2,427.76,1,2,2,No,Yes,4.0,4497.41,Yes,4 Years,0.05,16.666666666666664,291.2,427.76,5133.12,16682.64,0,2.0
CUST-01404,35,Upper Egypt,36,One year,Fiber,202.0,455.46,3,1,0,No,Yes,4.0,5320.62,No,3 Years,0.03,0.0,67.33,151.82,5465.5199999999995,16396.559999999998,0,1.0
CUST-01405,27,Giza,23,One year,Fiber,220.4,627.09,4,1,3,Yes,No,3.0,7076.54,Yes,2 Years,0.04,25.0,55.1,156.77,7525.08,14423.070000000002,1,2.0
CUST-01406,26,Alexandria,11,Month-to-month,4G/5G,166.7,622.7,6,2,1,No,No,3.0,5585.13,Yes,<= Year,0.18,8.333333333333332,27.78,103.78,7472.400000000001,6849.700000000001,1,4.0
CUST-01407,36,Upper Egypt,37,Month-to-month,Fiber,258.6,653.05,6,2,5,No,Yes,3.0,6602.96,No,4 Years,0.05,41.66666666666667,43.1,108.84,7836.599999999999,24162.85,1,4.0
CUST-01408,64,Cairo,23,Month-to-month,DSL,304.8,505.8,5,1,1,Yes,Yes,2.0,4330.58,No,2 Years,0.04,8.333333333333332,60.96,101.16,6069.6,11633.4,1,3.0
CUST-01409,18,Upper Egypt,8,One year,DSL,247.6,583.01,6,2,1,Yes,Yes,3.0,6616.43,Yes,<= Year,0.25,8.333333333333332,41.27,97.17,6996.12,4664.08,1,4.0
CUST-01410,33,Alexandria,16,Two year,DSL,325.5,372.28,1,4,0,Yes,Yes,3.0,4381.89,No,2 Years,0.25,0.0,325.5,372.28,4467.36,5956.48,0,8.0
CUST-01411,21,Delta,5,Month-to-month,DSL,289.6,492.53,4,2,1,No,Yes,4.0,4960.75,No,<= Year,0.4,8.333333333333332,72.4,123.13,5910.36,2462.6499999999996,1,2.0
CUST-01412,47,Cairo,16,Two year,DSL,135.6,428.82,4,3,0,No,No,4.0,6218.91,No,2 Years,0.19,0.0,33.9,107.2,5145.84,6861.12,0,3.0
CUST-01413,31,Alexandria,24,Month-to-month,DSL,217.0,246.32,1,0,1,Yes,No,3.0,1631.4,No,2 Years,0.0,8.333333333333332,217.0,246.32,2955.84,5911.68,0,0.0
CUST-01414,59,Alexandria,21,Month-to-month,Fiber,189.6,655.44,4,2,2,Yes,Yes,3.0,6574.21,No,2 Years,0.1,16.666666666666664,47.4,163.86,7865.280000000001,13764.240000000002,1,4.0
CUST-01415,49,Giza,19,Two year,Fiber,297.8,397.11,1,2,2,No,No,4.0,5905.08,No,2 Years,0.11,16.666666666666664,297.8,397.11,4765.32,7545.09,0,2.0
CUST-01416,59,Cairo,24,Two year,DSL,271.5,412.59,4,1,1,No,Yes,4.0,5547.13,No,2 Years,0.04,8.333333333333332,67.88,103.15,4951.08,9902.16,0,1.0
CUST-01417,51,Cairo,32,Month-to-month,Fiber,241.5,382.63,2,2,0,Yes,No,3.0,3677.77,Yes,3 Years,0.06,0.0,120.75,191.32,4591.5599999999995,12244.16,0,4.0
CUST-01418,41,Delta,41,One year,4G/5G,321.2,633.14,6,2,1,Yes,No,2.0,7389.67,No,4 Years,0.05,8.333333333333332,53.53,105.52,7597.68,25958.739999999998,1,6.0
CUST-01419,63,Cairo,44,Two year,Fiber,62.1,480.56,2,3,1,No,Yes,3.0,6111.82,Yes,4 Years,0.07,8.333333333333332,31.05,240.28,5766.72,21144.64,0,6.0
CUST-01420,43,Delta,13,One year,4G/5G,175.7,477.4,4,1,1,Yes,No,3.0,6474.02,Yes,2 Years,0.08,8.333333333333332,43.92,119.35,5728.799999999999,6206.2,0,2.0
CUST-01421,68,Upper Egypt,47,One year,Fiber,228.7,509.06,4,3,2,No,Yes,5.0,6552.95,No,4 Years,0.06,16.666666666666664,57.18,127.26,6108.72,23925.82,1,0.0
CUST-01422,70,Cairo,23,Month-to-month,4G/5G,252.7,672.47,6,2,0,No,No,4.0,7134.5,No,2 Years,0.09,0.0,42.12,112.08,8069.64,15466.810000000001,1,2.0
CUST-01423,49,Cairo,17,Month-to-month,Fiber,279.8,561.78,3,1,1,Yes,Yes,3.0,6453.02,No,2 Years,0.06,8.333333333333332,93.27,187.26,6741.36,9550.26,1,2.0
CUST-01424,53,Alexandria,10,One year,DSL,229.9,453.61,3,2,0,Yes,No,5.0,6171.71,No,<= Year,0.2,0.0,76.63,151.2,5443.32,4536.1,0,0.0
CUST-01425,31,Cairo,1,Month-to-month,Fiber,111.7,568.42,5,3,2,No,Yes,3.0,5310.8,No,,3.0,16.666666666666664,22.34,113.68,6821.039999999999,568.42,1,6.0
CUST-01426,61,Alexandria,30,Month-to-month,DSL,266.6,260.57,1,0,1,Yes,Yes,5.0,2900.38,No,3 Years,0.0,8.333333333333332,266.6,260.57,3126.84,7817.099999999999,0,0.0
CUST-01427,53,Delta,30,Month-to-month,Fiber,241.5,510.47,4,3,1,Yes,Yes,5.0,6289.94,No,3 Years,0.1,8.333333333333332,60.38,127.62,6125.64,15314.1,1,0.0
CUST-01428,65,Alexandria,15,Month-to-month,4G/5G,97.8,314.67,3,2,1,Yes,No,5.0,2987.62,No,2 Years,0.13,8.333333333333332,32.6,104.89,3776.04,4720.05,0,0.0
CUST-01429,32,Giza,15,Month-to-month,DSL,203.4,559.98,6,4,1,Yes,Yes,4.0,5459.18,No,2 Years,0.27,8.333333333333332,33.9,93.33,6719.76,8399.7,1,4.0
CUST-01430,59,Delta,20,Month-to-month,4G/5G,263.7,496.84,4,3,2,Yes,Yes,4.0,4414.57,Yes,2 Years,0.15,16.666666666666664,65.92,124.21,5962.08,9936.8,1,3.0
CUST-01431,42,Alexandria,17,Month-to-month,DSL,378.8,554.88,5,3,0,No,Yes,4.0,4780.42,No,2 Years,0.18,0.0,75.76,110.98,6658.5599999999995,9432.96,1,3.0
CUST-01432,27,Cairo,12,Month-to-month,DSL,132.0,505.51,5,3,2,Yes,Yes,4.0,4515.71,No,<= Year,0.25,16.666666666666664,26.4,101.1,6066.12,6066.12,1,3.0
CUST-01433,27,Alexandria,9,Two year,4G/5G,301.1,333.28,1,5,0,Yes,Yes,3.0,4057.23,No,<= Year,0.56,0.0,301.1,333.28,3999.3599999999997,2999.5199999999995,0,10.0
CUST-01434,47,Upper Egypt,47,One year,Fiber,133.1,491.86,4,4,3,Yes,Yes,3.0,5441.87,No,4 Years,0.09,25.0,33.28,122.96,5902.32,23117.420000000002,1,8.0
CUST-01435,34,Alexandria,16,Month-to-month,DSL,228.7,457.2,5,2,0,Yes,Yes,5.0,5034.88,No,2 Years,0.12,0.0,45.74,91.44,5486.4,7315.2,0,0.0
CUST-01436,23,Giza,30,Month-to-month,Fiber,121.0,449.21,3,7,0,No,No,4.0,4669.27,No,3 Years,0.23,0.0,40.33,149.74,5390.5199999999995,13476.3,0,7.0
CUST-01437,40,Giza,34,Month-to-month,DSL,284.5,403.15,2,3,1,Yes,Yes,5.0,4698.4,No,3 Years,0.09,8.333333333333332,142.25,201.58,4837.799999999999,13707.099999999999,0,0.0
CUST-01438,52,Cairo,31,One year,Fiber,241.7,422.89,3,4,2,No,Yes,2.0,4953.17,No,3 Years,0.13,16.666666666666664,80.57,140.96,5074.68,13109.59,0,12.0
CUST-01439,34,Cairo,35,One year,Fiber,201.7,396.56,1,1,1,Yes,No,3.0,4868.82,No,3 Years,0.03,8.333333333333332,201.7,396.56,4758.72,13879.6,0,2.0
CUST-01440,68,Cairo,30,One year,DSL,271.2,612.59,6,3,1,Yes,Yes,4.0,7148.93,No,3 Years,0.1,8.333333333333332,45.2,102.1,7351.08,18377.7,1,3.0
CUST-01441,59,Upper Egypt,14,One year,Fiber,233.7,406.82,1,0,0,Yes,No,3.0,5775.07,No,2 Years,0.0,0.0,233.7,406.82,4881.84,5695.48,0,0.0
CUST-01442,45,Cairo,18,Month-to-month,Fiber,239.9,393.51,1,2,0,No,Yes,2.0,3742.71,No,2 Years,0.11,0.0,239.9,393.51,4722.12,7083.18,0,6.0
CUST-01443,67,Delta,47,Month-to-month,Fiber,202.7,391.91,1,0,2,Yes,Yes,4.0,4435.74,No,4 Years,0.0,16.666666666666664,202.7,391.91,4702.92,18419.77,0,0.0
CUST-01444,40,Cairo,15,Month-to-month,4G/5G,137.5,339.4,2,2,2,No,No,5.0,2919.76,No,2 Years,0.13,16.666666666666664,68.75,169.7,4072.7999999999997,5091.0,0,0.0
CUST-01445,25,Cairo,23,Month-to-month,Fiber,382.2,519.63,2,4,0,Yes,Yes,3.0,5109.16,No,2 Years,0.17,0.0,191.1,259.82,6235.5599999999995,11951.49,1,8.0
CUST-01446,19,Giza,32,Month-to-month,Fiber,356.0,658.25,4,4,0,No,No,4.0,7544.59,No,3 Years,0.12,0.0,89.0,164.56,7899.0,21064.0,1,4.0
CUST-01447,67,Giza,58,One year,4G/5G,373.1,369.54,1,1,0,No,Yes,5.0,5166.65,No,5 Years,0.02,0.0,373.1,369.54,4434.4800000000005,21433.32,0,0.0
CUST-01448,68,Delta,44,Month-to-month,4G/5G,181.5,518.71,5,2,1,No,Yes,5.0,4745.21,No,4 Years,0.05,8.333333333333332,36.3,103.74,6224.52,22823.24,1,0.0
CUST-01449,57,Upper Egypt,11,One year,Fiber,168.6,503.76,3,4,2,Yes,Yes,3.0,5313.03,No,<= Year,0.36,16.666666666666664,56.2,167.92,6045.12,5541.36,1,8.0
CUST-01450,23,Upper Egypt,29,Month-to-month,DSL,192.7,372.76,3,1,0,Yes,Yes,2.0,4514.95,No,3 Years,0.03,0.0,64.23,124.25,4473.12,10810.039999999999,0,3.0
CUST-01451,33,Cairo,27,Month-to-month,Fiber,326.7,544.58,4,4,3,Yes,No,4.0,5291.99,No,3 Years,0.15,25.0,81.68,136.15,6534.960000000001,14703.660000000002,1,4.0
CUST-01452,20,Delta,18,One year,4G/5G,230.0,365.61,1,2,2,Yes,Yes,5.0,4290.25,No,2 Years,0.11,16.666666666666664,230.0,365.61,4387.32,6580.9800000000005,0,0.0
CUST-01453,20,Cairo,23,Month-to-month,Fiber,181.1,505.15,4,1,2,No,Yes,5.0,4692.61,No,2 Years,0.04,16.666666666666664,45.28,126.29,6061.799999999999,11618.449999999999,1,0.0
CUST-01454,31,Upper Egypt,13,Month-to-month,Fiber,262.7,627.04,4,1,1,Yes,Yes,3.0,5931.26,No,2 Years,0.08,8.333333333333332,65.68,156.76,7524.48,8151.5199999999995,1,2.0
CUST-01455,48,Giza,20,Month-to-month,Fiber,163.7,551.57,5,2,1,Yes,Yes,5.0,6198.96,No,2 Years,0.1,8.333333333333332,32.74,110.31,6618.84,11031.400000000001,1,0.0
CUST-01456,21,Giza,15,One year,DSL,108.0,215.99,1,3,1,Yes,Yes,5.0,2496.41,No,2 Years,0.2,8.333333333333332,108.0,215.99,2591.88,3239.8500000000004,0,0.0
CUST-01457,70,Cairo,24,Month-to-month,Fiber,241.6,386.56,1,0,2,Yes,Yes,2.0,3427.27,No,2 Years,0.0,16.666666666666664,241.6,386.56,4638.72,9277.44,0,0.0
CUST-01458,42,Cairo,18,Two year,4G/5G,183.6,348.7,1,0,0,Yes,Yes,5.0,5111.55,No,2 Years,0.0,0.0,183.6,348.7,4184.4,6276.599999999999,0,0.0
CUST-01459,31,Cairo,61,Two year,DSL,228.8,599.55,6,3,1,No,No,4.0,7539.51,No,6 Years,0.05,8.333333333333332,38.13,99.92,7194.599999999999,36572.549999999996,1,3.0
CUST-01460,45,Upper Egypt,25,One year,DSL,10.0,363.44,3,6,1,Yes,No,3.0,3943.87,No,3 Years,0.24,8.333333333333332,3.33,121.15,4361.28,9086.0,0,12.0
CUST-01461,59,Delta,22,Month-to-month,4G/5G,149.7,336.47,2,5,3,Yes,Yes,4.0,3282.17,No,2 Years,0.23,25.0,74.85,168.24,4037.6400000000003,7402.34,0,5.0
CUST-01462,34,Upper Egypt,19,One year,Fiber,225.9,443.31,1,3,2,Yes,Yes,4.0,5229.66,No,2 Years,0.16,16.666666666666664,225.9,443.31,5319.72,8422.89,0,3.0
CUST-01463,20,Cairo,18,Month-to-month,Fiber,93.5,294.5,2,2,0,Yes,Yes,3.0,2722.32,No,2 Years,0.11,0.0,46.75,147.25,3534.0,5301.0,0,4.0
CUST-01464,20,Alexandria,8,Two year,Fiber,96.6,398.76,3,2,1,Yes,No,3.0,5369.4,No,<= Year,0.25,8.333333333333332,32.2,132.92,4785.12,3190.08,0,4.0
CUST-01465,63,Cairo,38,Month-to-month,4G/5G,233.5,620.84,6,1,4,Yes,Yes,3.0,5939.49,No,4 Years,0.03,33.33333333333333,38.92,103.47,7450.08,23591.920000000002,1,2.0
CUST-01466,23,Alexandria,53,Month-to-month,Fiber,293.1,588.05,5,2,4,Yes,Yes,4.0,4801.09,No,5 Years,0.04,33.33333333333333,58.62,117.61,7056.599999999999,31166.649999999998,1,2.0
CUST-01467,51,Giza,15,Month-to-month,4G/5G,149.7,569.87,6,2,0,Yes,No,3.0,6000.21,Yes,2 Years,0.13,0.0,24.95,94.98,6838.4400000000005,8548.05,1,4.0
CUST-01468,38,Cairo,46,One year,DSL,206.4,244.44,1,1,0,No,Yes,2.0,2891.02,No,4 Years,0.02,0.0,206.4,244.44,2933.2799999999997,11244.24,0,3.0
CUST-01469,59,Alexandria,72,Two year,DSL,208.5,452.78,4,3,5,No,Yes,3.0,6113.38,No,6 Years,0.04,41.66666666666667,52.12,113.2,5433.36,32600.159999999996,0,6.0
CUST-01470,21,Cairo,72,Month-to-month,DSL,89.4,389.44,3,3,1,No,No,3.0,5081.0,No,6 Years,0.04,8.333333333333332,29.8,129.81,4673.28,28039.68,0,6.0
CUST-01471,65,Giza,52,Month-to-month,Fiber,336.5,448.43,2,0,0,Yes,No,2.0,4587.15,No,5 Years,0.0,0.0,168.25,224.22,5381.16,23318.36,0,0.0
CUST-01472,55,Alexandria,9,One year,Fiber,213.5,437.8,3,7,2,Yes,Yes,5.0,4893.19,No,<= Year,0.78,16.666666666666664,71.17,145.93,5253.6,3940.2000000000003,0,0.0
CUST-01473,41,Cairo,9,Two year,4G/5G,214.5,476.16,4,0,2,Yes,Yes,4.0,6727.92,No,<= Year,0.0,16.666666666666664,53.62,119.04,5713.92,4285.4400000000005,0,0.0
CUST-01474,28,Upper Egypt,35,One year,Fiber,263.6,455.87,1,3,1,Yes,Yes,2.0,4999.6,No,3 Years,0.09,8.333333333333332,263.6,455.87,5470.4400000000005,15955.45,0,9.0
CUST-01475,69,Giza,23,Month-to-month,DSL,89.6,589.3,6,4,1,No,Yes,2.0,6542.49,No,2 Years,0.17,8.333333333333332,14.93,98.22,7071.599999999999,13553.9,1,12.0
CUST-01476,34,Delta,3,One year,4G/5G,312.8,567.57,5,3,1,Yes,No,3.0,6348.54,Yes,<= Year,1.0,8.333333333333332,62.56,113.51,6810.84,1702.71,1,6.0
CUST-01477,43,Alexandria,17,Two year,Fiber,324.6,721.29,6,1,2,Yes,No,2.0,8764.54,Yes,2 Years,0.06,16.666666666666664,54.1,120.21,8655.48,12261.93,1,3.0
CUST-01478,38,Delta,34,Month-to-month,Fiber,242.6,386.2,1,1,3,No,Yes,3.0,4789.46,No,3 Years,0.03,25.0,242.6,386.2,4634.4,13130.8,0,2.0
CUST-01479,30,Delta,20,Month-to-month,Fiber,271.6,468.83,1,1,0,Yes,Yes,4.0,4971.61,No,2 Years,0.05,0.0,271.6,468.83,5625.96,9376.6,0,1.0
CUST-01480,40,Upper Egypt,23,Month-to-month,Fiber,200.7,656.78,6,3,2,Yes,Yes,4.0,7112.38,No,2 Years,0.13,16.666666666666664,33.45,109.46,7881.36,15105.939999999999,1,3.0
CUST-01481,26,Alexandria,9,Month-to-month,4G/5G,307.7,635.84,6,4,2,No,No,4.0,6104.65,No,<= Year,0.44,16.666666666666664,51.28,105.97,7630.08,5722.56,1,4.0
CUST-01482,18,Cairo,16,One year,4G/5G,155.9,567.25,4,2,2,Yes,Yes,3.0,6474.75,No,2 Years,0.12,16.666666666666664,38.98,141.81,6807.0,9076.0,1,4.0
CUST-01483,33,Cairo,35,Month-to-month,Fiber,227.1,385.48,2,3,0,No,No,4.0,2786.78,Yes,3 Years,0.09,0.0,113.55,192.74,4625.76,13491.800000000001,0,3.0
CUST-01484,23,Alexandria,16,Month-to-month,4G/5G,232.5,415.89,2,3,0,Yes,No,5.0,4827.99,No,2 Years,0.19,0.0,116.25,207.94,4990.68,6654.24,0,0.0
CUST-01485,39,Cairo,49,Month-to-month,Fiber,226.5,676.21,5,1,1,No,Yes,1.0,6727.7,No,5 Years,0.02,8.333333333333332,45.3,135.24,8114.52,33134.29,1,4.0
CUST-01486,63,Cairo,23,Two year,4G/5G,326.2,690.6,6,3,0,No,No,4.0,9003.41,No,2 Years,0.13,0.0,54.37,115.1,8287.2,15883.800000000001,1,3.0
CUST-01487,26,Cairo,30,Two year,4G/5G,426.9,595.28,5,5,0,Yes,No,2.0,8005.46,No,3 Years,0.17,0.0,85.38,119.06,7143.36,17858.399999999998,1,15.0
CUST-01488,18,Alexandria,34,Month-to-month,Fiber,220.1,443.73,3,3,2,No,No,5.0,4540.51,No,3 Years,0.09,16.666666666666664,73.37,147.91,5324.76,15086.82,0,0.0
CUST-01489,23,Cairo,33,One year,DSL,272.3,466.02,5,6,4,Yes,Yes,4.0,4917.17,Yes,3 Years,0.18,33.33333333333333,54.46,93.2,5592.24,15378.66,0,6.0
CUST-01490,44,Alexandria,10,Month-to-month,4G/5G,157.8,451.52,2,6,1,No,Yes,4.0,4659.39,No,<= Year,0.6,8.333333333333332,78.9,225.76,5418.24,4515.2,0,6.0
CUST-01491,32,Delta,12,Two year,Fiber,322.9,355.38,1,3,2,Yes,Yes,3.0,4449.36,No,<= Year,0.25,16.666666666666664,322.9,355.38,4264.5599999999995,4264.5599999999995,0,6.0
CUST-01492,43,Delta,3,One year,Fiber,183.4,513.94,3,2,0,Yes,Yes,4.0,6465.71,Yes,<= Year,0.67,0.0,61.13,171.31,6167.280000000001,1541.8200000000002,1,2.0
CUST-01493,19,Cairo,18,Month-to-month,DSL,513.1,446.51,3,1,3,Yes,Yes,4.0,4163.16,Yes,2 Years,0.06,25.0,171.03,148.84,5358.12,8037.18,0,1.0
CUST-01494,35,Alexandria,11,Two year,Fiber,79.6,630.9,4,0,1,Yes,No,1.0,7697.74,No,<= Year,0.0,8.333333333333332,19.9,157.72,7570.799999999999,6939.9,1,0.0
CUST-01495,39,Alexandria,16,Month-to-month,Fiber,423.3,601.43,5,2,3,Yes,Yes,4.0,5484.53,No,2 Years,0.12,25.0,84.66,120.29,7217.16,9622.88,1,2.0
CUST-01496,40,Giza,19,One year,Fiber,319.2,638.64,5,0,1,Yes,Yes,4.0,7121.05,No,2 Years,0.0,8.333333333333332,63.84,127.73,7663.68,12134.16,1,0.0
CUST-01497,47,Alexandria,25,Month-to-month,DSL,129.0,390.68,2,1,0,Yes,No,2.0,3706.64,No,3 Years,0.04,0.0,64.5,195.34,4688.16,9767.0,0,3.0
CUST-01498,59,Cairo,20,One year,Fiber,438.8,588.06,4,4,2,No,Yes,4.0,7047.63,No,2 Years,0.2,16.666666666666664,109.7,147.01,7056.719999999999,11761.199999999999,1,4.0
CUST-01499,42,Upper Egypt,20,Month-to-month,DSL,146.4,306.66,1,2,0,No,Yes,4.0,2952.94,No,2 Years,0.1,0.0,146.4,306.66,3679.92,6133.200000000001,0,2.0
CUST-01500,62,Cairo,29,Month-to-month,Fiber,201.7,631.15,6,1,0,Yes,No,5.0,5923.61,Yes,3 Years,0.03,0.0,33.62,105.19,7573.799999999999,18303.35,1,0.0
CUST-01501,46,Delta,22,Month-to-month,Fiber,113.3,469.41,3,1,0,Yes,Yes,3.0,5098.88,No,2 Years,0.05,0.0,37.77,156.47,5632.92,10327.02,0,2.0
CUST-01502,31,Alexandria,40,Two year,DSL,216.8,636.83,6,2,1,Yes,Yes,4.0,8305.51,No,4 Years,0.05,8.333333333333332,36.13,106.14,7641.960000000001,25473.2,1,2.0
CUST-01503,30,Cairo,22,Month-to-month,Fiber,225.3,632.04,6,1,5,No,Yes,4.0,6191.47,No,2 Years,0.05,41.66666666666667,37.55,105.34,7584.48,13904.88,1,1.0
CUST-01504,35,Delta,58,One year,DSL,304.7,473.12,2,3,2,No,No,1.0,5407.63,No,5 Years,0.05,16.666666666666664,152.35,236.56,5677.4400000000005,27440.96,0,12.0
CUST-01505,49,Cairo,10,Month-to-month,Fiber,449.4,485.17,1,4,1,No,No,3.0,4473.94,No,<= Year,0.4,8.333333333333332,449.4,485.17,5822.04,4851.7,1,8.0
CUST-01506,30,Delta,18,Two year,DSL,183.8,672.02,6,3,3,No,No,4.0,7712.39,No,2 Years,0.17,25.0,30.63,112.0,8064.24,12096.36,1,3.0
CUST-01507,66,Alexandria,14,Month-to-month,Fiber,10.0,363.04,3,3,0,Yes,Yes,1.0,3039.61,No,2 Years,0.21,0.0,3.33,121.01,4356.4800000000005,5082.56,0,12.0
CUST-01508,43,Cairo,26,One year,4G/5G,288.4,329.26,1,4,1,Yes,No,4.0,3671.42,No,3 Years,0.15,8.333333333333332,288.4,329.26,3951.12,8560.76,0,4.0
CUST-01509,63,Cairo,10,Two year,Fiber,180.5,515.8,4,2,2,Yes,Yes,4.0,6733.67,No,<= Year,0.2,16.666666666666664,45.12,128.95,6189.599999999999,5158.0,1,2.0
CUST-01510,54,Delta,6,Month-to-month,4G/5G,393.7,612.9,6,3,1,Yes,No,4.0,5937.65,No,<= Year,0.5,8.333333333333332,65.62,102.15,7354.799999999999,3677.3999999999996,1,3.0
CUST-01511,35,Cairo,12,Month-to-month,Fiber,226.9,597.14,4,0,0,Yes,Yes,4.0,5507.76,No,<= Year,0.0,0.0,56.72,149.28,7165.68,7165.68,1,0.0
CUST-01512,30,Upper Egypt,7,Two year,Fiber,161.7,407.27,2,2,1,Yes,Yes,3.0,4006.37,No,<= Year,0.29,8.333333333333332,80.85,203.64,4887.24,2850.89,0,4.0
CUST-01513,57,Delta,20,Month-to-month,DSL,138.8,319.72,3,4,0,No,No,4.0,3620.75,No,2 Years,0.2,0.0,46.27,106.57,3836.6400000000003,6394.400000000001,0,4.0
CUST-01514,35,Delta,25,Month-to-month,Fiber,286.1,413.45,2,3,1,Yes,No,4.0,4609.71,No,3 Years,0.12,8.333333333333332,143.05,206.72,4961.4,10336.25,0,3.0
CUST-01515,31,Cairo,6,Month-to-month,Fiber,205.2,490.14,4,4,0,Yes,Yes,4.0,5371.81,No,<= Year,0.67,0.0,51.3,122.54,5881.68,2940.84,1,4.0
CUST-01516,67,Delta,17,One year,4G/5G,362.1,553.4,3,0,1,No,No,2.0,5953.16,Yes,2 Years,0.0,8.333333333333332,120.7,184.47,6640.799999999999,9407.8,1,0.0
CUST-01517,43,Upper Egypt,44,Two year,4G/5G,211.0,470.34,3,1,1,Yes,Yes,4.0,6771.94,No,4 Years,0.02,8.333333333333332,70.33,156.78,5644.08,20694.96,0,1.0
CUST-01518,20,Cairo,52,One year,DSL,357.3,403.49,2,1,2,Yes,Yes,4.0,5186.06,No,5 Years,0.02,16.666666666666664,178.65,201.74,4841.88,20981.48,0,1.0
CUST-01519,44,Giza,37,One year,4G/5G,105.8,275.11,1,1,0,Yes,Yes,4.0,3860.77,No,4 Years,0.03,0.0,105.8,275.11,3301.32,10179.07,0,1.0
CUST-01520,42,Cairo,2,Month-to-month,Fiber,73.5,529.81,5,2,4,Yes,Yes,3.0,4534.79,No,<= Year,1.0,33.33333333333333,14.7,105.96,6357.719999999999,1059.62,1,4.0
CUST-01521,63,Giza,24,Month-to-month,Fiber,304.6,728.72,5,2,2,Yes,Yes,2.0,6841.08,Yes,2 Years,0.08,16.666666666666664,60.92,145.74,8744.64,17489.28,1,6.0
CUST-01522,55,Delta,47,Month-to-month,4G/5G,188.2,313.65,1,5,2,Yes,No,2.0,3954.97,No,4 Years,0.11,16.666666666666664,188.2,313.65,3763.7999999999997,14741.55,0,15.0
CUST-01523,28,Giza,16,Month-to-month,Fiber,206.3,475.55,2,1,1,Yes,No,5.0,5585.97,No,2 Years,0.06,8.333333333333332,103.15,237.78,5706.6,7608.8,0,0.0
CUST-01524,25,Alexandria,8,Month-to-month,Fiber,138.9,439.67,3,1,1,Yes,Yes,4.0,4353.59,No,<= Year,0.12,8.333333333333332,46.3,146.56,5276.04,3517.36,0,1.0
CUST-01525,49,Cairo,45,One year,Fiber,132.3,602.81,4,2,1,Yes,No,5.0,7411.0,No,4 Years,0.04,8.333333333333332,33.08,150.7,7233.719999999999,27126.449999999997,1,0.0
CUST-01526,20,Cairo,49,Month-to-month,Fiber,287.2,612.08,6,1,1,No,Yes,5.0,5286.36,Yes,5 Years,0.02,8.333333333333332,47.87,102.01,7344.960000000001,29991.920000000002,1,0.0
CUST-01527,34,Cairo,22,Month-to-month,Fiber,228.3,646.14,5,3,0,Yes,No,3.0,6939.67,No,2 Years,0.14,0.0,45.66,129.23,7753.68,14215.08,1,6.0
CUST-01528,25,Delta,8,Month-to-month,Fiber,134.6,469.37,4,2,0,Yes,No,3.0,5008.88,No,<= Year,0.25,0.0,33.65,117.34,5632.4400000000005,3754.96,0,4.0
CUST-01529,19,Alexandria,5,Month-to-month,DSL,301.1,676.17,5,2,1,Yes,No,3.0,6649.21,Yes,<= Year,0.4,8.333333333333332,60.22,135.23,8114.039999999999,3380.85,1,4.0
CUST-01530,66,Giza,28,Month-to-month,4G/5G,335.7,585.94,4,4,4,Yes,No,4.0,5273.29,Yes,3 Years,0.14,33.33333333333333,83.92,146.49,7031.280000000001,16406.32,1,4.0
CUST-01531,22,Delta,14,Month-to-month,4G/5G,220.2,519.97,6,2,1,Yes,No,2.0,5026.8,No,2 Years,0.14,8.333333333333332,36.7,86.66,6239.64,7279.58,1,6.0
CUST-01532,18,Cairo,21,Month-to-month,Fiber,320.3,640.48,6,1,2,Yes,Yes,4.0,6879.47,No,2 Years,0.05,16.666666666666664,53.38,106.75,7685.76,13450.08,1,1.0
CUST-01533,67,Cairo,19,Month-to-month,Fiber,139.8,495.82,3,5,0,No,No,4.0,5218.77,No,2 Years,0.26,0.0,46.6,165.27,5949.84,9420.58,1,5.0
CUST-01534,27,Cairo,11,One year,DSL,281.9,363.32,1,1,2,No,No,2.0,5297.49,No,<= Year,0.09,16.666666666666664,281.9,363.32,4359.84,3996.52,0,3.0
CUST-01535,61,Upper Egypt,5,Two year,Fiber,244.6,695.0,6,2,1,No,Yes,2.0,9123.81,No,<= Year,0.4,8.333333333333332,40.77,115.83,8340.0,3475.0,1,6.0
CUST-01536,19,Delta,16,One year,Fiber,158.8,418.94,2,2,2,No,Yes,4.0,4512.2,No,2 Years,0.12,16.666666666666664,79.4,209.47,5027.28,6703.04,0,2.0
CUST-01537,26,Alexandria,24,One year,DSL,414.8,415.07,2,1,2,Yes,Yes,5.0,4817.17,No,2 Years,0.04,16.666666666666664,207.4,207.54,4980.84,9961.68,0,0.0
CUST-01538,23,Cairo,25,Two year,4G/5G,250.9,410.13,1,3,0,Yes,Yes,3.0,5164.03,No,3 Years,0.12,0.0,250.9,410.13,4921.5599999999995,10253.25,0,6.0
CUST-01539,55,Cairo,13,Month-to-month,Fiber,176.8,534.67,5,0,4,Yes,No,4.0,5375.43,No,2 Years,0.0,33.33333333333333,35.36,106.93,6416.039999999999,6950.709999999999,1,0.0
CUST-01540,50,Alexandria,49,One year,DSL,231.8,366.01,2,3,1,Yes,Yes,3.0,5032.69,No,5 Years,0.06,8.333333333333332,115.9,183.0,4392.12,17934.489999999998,0,6.0
CUST-01541,43,Giza,9,Month-to-month,DSL,151.7,518.55,6,1,0,Yes,Yes,4.0,5990.94,No,<= Year,0.11,0.0,25.28,86.42,6222.599999999999,4666.95,1,1.0
CUST-01542,30,Upper Egypt,42,Month-to-month,4G/5G,125.9,319.34,2,5,5,Yes,Yes,3.0,2789.45,Yes,4 Years,0.12,41.66666666666667,62.95,159.67,3832.08,13412.279999999999,0,10.0
CUST-01543,22,Delta,24,Month-to-month,Fiber,189.6,341.78,1,5,1,No,Yes,3.0,3669.71,Yes,2 Years,0.21,8.333333333333332,189.6,341.78,4101.36,8202.72,0,10.0
CUST-01544,48,Giza,16,Month-to-month,4G/5G,195.6,453.91,4,2,4,Yes,No,5.0,4904.75,No,2 Years,0.12,33.33333333333333,48.9,113.48,5446.92,7262.56,0,0.0
CUST-01545,30,Delta,30,One year,4G/5G,157.6,400.13,2,2,1,No,No,4.0,5580.91,No,3 Years,0.07,8.333333333333332,78.8,200.06,4801.5599999999995,12003.9,0,2.0
CUST-01546,49,Upper Egypt,19,Month-to-month,Fiber,342.6,399.0,2,1,1,No,Yes,2.0,3335.93,No,2 Years,0.05,8.333333333333332,171.3,199.5,4788.0,7581.0,0,3.0
CUST-01547,54,Giza,6,One year,DSL,161.1,304.92,1,3,2,Yes,No,4.0,3868.51,No,<= Year,0.5,16.666666666666664,161.1,304.92,3659.04,1829.52,0,3.0
CUST-01548,63,Alexandria,8,Two year,DSL,146.1,405.63,4,4,1,Yes,Yes,5.0,4865.44,No,<= Year,0.5,8.333333333333332,36.52,101.41,4867.5599999999995,3245.04,0,0.0
CUST-01549,44,Upper Egypt,18,Month-to-month,Fiber,123.3,398.52,2,2,3,Yes,Yes,4.0,3569.35,Yes,2 Years,0.11,25.0,61.65,199.26,4782.24,7173.36,0,2.0
CUST-01550,18,Cairo,14,Month-to-month,Fiber,114.6,549.38,5,2,1,Yes,Yes,3.0,4764.14,Yes,2 Years,0.14,8.333333333333332,22.92,109.88,6592.5599999999995,7691.32,1,4.0
CUST-01551,32,Upper Egypt,41,Month-to-month,Fiber,322.5,445.08,2,2,0,No,Yes,3.0,4331.54,No,4 Years,0.05,0.0,161.25,222.54,5340.96,18248.28,0,4.0
CUST-01552,63,Cairo,14,Month-to-month,4G/5G,253.2,527.95,3,2,0,No,Yes,3.0,4599.26,No,2 Years,0.14,0.0,84.4,175.98,6335.400000000001,7391.300000000001,1,4.0
CUST-01553,46,Alexandria,13,Two year,Fiber,292.1,495.61,3,5,1,Yes,No,3.0,5858.34,No,2 Years,0.38,8.333333333333332,97.37,165.2,5947.32,6442.93,1,10.0
CUST-01554,50,Delta,12,One year,DSL,321.7,545.92,4,1,1,Yes,Yes,3.0,5950.94,No,<= Year,0.08,8.333333333333332,80.42,136.48,6551.039999999999,6551.039999999999,1,2.0
CUST-01555,42,Alexandria,11,One year,Fiber,200.0,630.4,5,2,0,No,No,3.0,7542.33,No,<= Year,0.18,0.0,40.0,126.08,7564.799999999999,6934.4,1,4.0
CUST-01556,26,Giza,11,Month-to-month,DSL,362.5,342.76,1,0,1,Yes,Yes,5.0,3578.47,No,<= Year,0.0,8.333333333333332,362.5,342.76,4113.12,3770.3599999999997,0,0.0
CUST-01557,65,Alexandria,7,One year,DSL,173.6,271.78,2,0,0,No,Yes,4.0,2680.83,No,<= Year,0.0,0.0,86.8,135.89,3261.3599999999997,1902.4599999999998,0,0.0
CUST-01558,58,Cairo,25,One year,DSL,131.4,441.41,5,3,0,Yes,No,5.0,6737.71,No,3 Years,0.12,0.0,26.28,88.28,5296.92,11035.25,0,0.0
CUST-01559,70,Cairo,20,Month-to-month,DSL,263.6,665.51,6,5,1,Yes,No,3.0,6249.35,Yes,2 Years,0.25,8.333333333333332,43.93,110.92,7986.12,13310.2,1,10.0
CUST-01560,63,Cairo,19,Month-to-month,Fiber,243.0,524.43,3,4,2,Yes,No,3.0,4445.53,Yes,2 Years,0.21,16.666666666666664,81.0,174.81,6293.16,9964.169999999998,1,8.0
CUST-01561,33,Alexandria,5,Month-to-month,Fiber,242.9,394.93,1,5,0,Yes,Yes,4.0,4303.66,No,<= Year,1.0,0.0,242.9,394.93,4739.16,1974.65,0,5.0
CUST-01562,31,Giza,29,Month-to-month,DSL,321.4,585.94,6,2,1,Yes,Yes,4.0,5847.32,No,3 Years,0.07,8.333333333333332,53.57,97.66,7031.280000000001,16992.260000000002,1,2.0
CUST-01563,31,Cairo,31,Two year,Fiber,239.6,646.28,4,0,0,Yes,No,4.0,8174.92,No,3 Years,0.0,0.0,59.9,161.57,7755.36,20034.68,1,0.0
CUST-01564,66,Upper Egypt,56,One year,4G/5G,258.2,470.36,4,3,0,Yes,Yes,4.0,6081.44,No,5 Years,0.05,0.0,64.55,117.59,5644.32,26340.16,0,3.0
CUST-01565,47,Giza,30,Month-to-month,DSL,352.4,471.58,3,4,2,No,No,5.0,4461.43,No,3 Years,0.13,16.666666666666664,117.47,157.19,5658.96,14147.4,0,0.0
CUST-01566,42,Giza,64,Two year,4G/5G,254.0,599.12,5,1,0,Yes,Yes,3.0,7903.95,No,6 Years,0.02,0.0,50.8,119.82,7189.4400000000005,38343.68,1,2.0
CUST-01567,69,Giza,13,Month-to-month,Fiber,274.5,382.49,2,0,1,No,Yes,4.0,4524.64,No,2 Years,0.0,8.333333333333332,137.25,191.24,4589.88,4972.37,0,0.0
CUST-01568,49,Cairo,58,Month-to-month,DSL,102.4,327.2,3,0,2,Yes,No,4.0,3528.17,No,5 Years,0.0,16.666666666666664,34.13,109.07,3926.3999999999996,18977.6,0,0.0
CUST-01569,66,Delta,30,Two year,Fiber,564.7,704.43,5,3,1,Yes,No,4.0,9437.64,No,3 Years,0.1,8.333333333333332,112.94,140.89,8453.16,21132.899999999998,1,3.0
CUST-01570,70,Giza,28,Two year,4G/5G,86.8,445.4,3,5,1,Yes,No,4.0,5683.61,No,3 Years,0.18,8.333333333333332,28.93,148.47,5344.799999999999,12471.199999999999,0,5.0
CUST-01571,22,Cairo,19,One year,DSL,181.5,539.87,6,4,1,No,No,3.0,6393.72,No,2 Years,0.21,8.333333333333332,30.25,89.98,6478.4400000000005,10257.53,1,8.0
CUST-01572,37,Upper Egypt,16,Month-to-month,DSL,178.7,318.93,3,3,1,Yes,Yes,2.0,2778.32,Yes,2 Years,0.19,8.333333333333332,59.57,106.31,3827.16,5102.88,0,9.0
CUST-01573,56,Delta,14,Two year,DSL,419.7,460.22,4,2,0,Yes,Yes,4.0,5766.74,No,2 Years,0.14,0.0,104.92,115.06,5522.64,6443.08,0,2.0
CUST-01574,61,Delta,59,One year,Fiber,175.9,484.67,4,3,0,No,Yes,2.0,5736.56,No,5 Years,0.05,0.0,43.98,121.17,5816.04,28595.530000000002,0,9.0
CUST-01575,25,Upper Egypt,18,One year,DSL,269.8,460.56,5,1,1,Yes,No,4.0,5192.55,No,2 Years,0.06,8.333333333333332,53.96,92.11,5526.72,8290.08,0,1.0
CUST-01576,34,Upper Egypt,31,Month-to-month,4G/5G,179.4,530.43,4,1,3,No,No,2.0,5446.93,Yes,3 Years,0.03,25.0,44.85,132.61,6365.16,16443.329999999998,1,3.0
CUST-01577,47,Giza,35,Month-to-month,Fiber,136.4,501.26,3,2,1,No,No,5.0,5427.4,Yes,3 Years,0.06,8.333333333333332,45.47,167.09,6015.12,17544.1,1,0.0
CUST-01578,60,Alexandria,35,Two year,4G/5G,281.3,582.29,5,1,3,Yes,Yes,3.0,6350.5,No,3 Years,0.03,25.0,56.26,116.46,6987.48,20380.149999999998,1,2.0
CUST-01579,23,Alexandria,25,Two year,4G/5G,165.3,523.34,5,4,0,Yes,Yes,5.0,7832.17,No,3 Years,0.16,0.0,33.06,104.67,6280.08,13083.5,1,0.0
CUST-01580,49,Cairo,58,One year,4G/5G,248.7,390.29,1,3,3,No,No,3.0,4920.95,No,5 Years,0.05,25.0,248.7,390.29,4683.4800000000005,22636.82,0,6.0
CUST-01581,33,Cairo,29,Month-to-month,4G/5G,286.4,567.34,4,1,1,No,No,3.0,6110.4,No,3 Years,0.03,8.333333333333332,71.6,141.84,6808.08,16452.86,1,2.0
CUST-01582,29,Cairo,13,One year,Fiber,401.6,668.34,6,1,0,Yes,Yes,4.0,7846.99,No,2 Years,0.08,0.0,66.93,111.39,8020.08,8688.42,1,1.0
CUST-01583,45,Alexandria,17,Month-to-month,DSL,116.4,382.57,4,1,1,No,Yes,4.0,3213.49,No,2 Years,0.06,8.333333333333332,29.1,95.64,4590.84,6503.69,0,1.0
CUST-01584,39,Delta,5,Month-to-month,Fiber,216.2,691.03,6,0,0,No,No,3.0,6137.25,Yes,<= Year,0.0,0.0,36.03,115.17,8292.36,3455.1499999999996,1,0.0
CUST-01585,51,Delta,27,Month-to-month,4G/5G,220.0,463.47,3,2,4,Yes,No,3.0,5081.32,No,3 Years,0.07,33.33333333333333,73.33,154.49,5561.64,12513.69,0,4.0
CUST-01586,34,Cairo,32,Month-to-month,Fiber,230.1,470.88,2,3,2,No,No,3.0,3875.2,No,3 Years,0.09,16.666666666666664,115.05,235.44,5650.5599999999995,15068.16,0,6.0
CUST-01587,61,Cairo,34,One year,4G/5G,461.2,491.09,3,5,3,Yes,No,4.0,5158.93,No,3 Years,0.15,25.0,153.73,163.7,5893.08,16697.059999999998,1,5.0
CUST-01588,22,Giza,30,Month-to-month,Fiber,214.4,335.13,1,5,2,Yes,No,2.0,3052.05,No,3 Years,0.17,16.666666666666664,214.4,335.13,4021.56,10053.9,0,15.0
CUST-01589,63,Alexandria,19,Month-to-month,Fiber,10.0,324.31,1,1,1,No,No,2.0,2567.43,No,2 Years,0.05,8.333333333333332,10.0,324.31,3891.7200000000003,6161.89,0,3.0
CUST-01590,19,Upper Egypt,22,Two year,Fiber,212.1,503.11,4,3,0,No,No,5.0,7028.67,No,2 Years,0.14,0.0,53.02,125.78,6037.32,11068.42,1,0.0
CUST-01591,57,Upper Egypt,22,One year,DSL,219.3,219.75,1,1,1,Yes,Yes,5.0,3163.69,No,2 Years,0.05,8.333333333333332,219.3,219.75,2637.0,4834.5,0,0.0
CUST-01592,36,Upper Egypt,41,Month-to-month,Fiber,208.3,337.48,1,3,1,Yes,Yes,3.0,3689.99,No,4 Years,0.07,8.333333333333332,208.3,337.48,4049.76,13836.68,0,6.0
CUST-01593,38,Delta,4,Month-to-month,Fiber,165.3,456.54,3,4,0,Yes,Yes,2.0,4176.84,No,<= Year,1.0,0.0,55.1,152.18,5478.4800000000005,1826.16,0,12.0
CUST-01594,19,Upper Egypt,15,One year,Fiber,111.1,485.79,2,1,3,Yes,No,5.0,5784.6,No,2 Years,0.07,25.0,55.55,242.9,5829.4800000000005,7286.85,1,0.0
CUST-01595,55,Giza,9,Month-to-month,Fiber,424.4,465.14,2,3,0,Yes,Yes,2.0,5361.32,Yes,<= Year,0.33,0.0,212.2,232.57,5581.68,4186.26,0,9.0
CUST-01596,26,Cairo,72,Month-to-month,4G/5G,258.6,514.89,4,4,0,Yes,No,3.0,4774.1,No,6 Years,0.06,0.0,64.65,128.72,6178.68,37072.08,1,8.0
CUST-01597,52,Cairo,46,Month-to-month,DSL,212.7,468.19,2,2,0,Yes,Yes,4.0,5434.73,No,4 Years,0.04,0.0,106.35,234.1,5618.28,21536.74,0,2.0
CUST-01598,56,Giza,16,Month-to-month,Fiber,421.5,560.03,4,4,0,Yes,No,2.0,5845.45,No,2 Years,0.25,0.0,105.38,140.01,6720.36,8960.48,1,12.0
CUST-01599,62,Cairo,7,One year,Fiber,151.8,499.02,3,2,1,No,Yes,4.0,5836.56,Yes,<= Year,0.29,8.333333333333332,50.6,166.34,5988.24,3493.14,1,2.0
CUST-01600,55,Cairo,8,Month-to-month,Fiber,228.7,418.9,2,4,2,No,Yes,4.0,4155.76,No,<= Year,0.5,16.666666666666664,114.35,209.45,5026.799999999999,3351.2,0,4.0
CUST-01601,33,Upper Egypt,41,Month-to-month,Fiber,117.6,581.78,5,2,2,Yes,Yes,3.0,5850.94,No,4 Years,0.05,16.666666666666664,23.52,116.36,6981.36,23852.98,1,4.0
CUST-01602,57,Cairo,5,Month-to-month,Fiber,297.6,811.48,6,6,2,Yes,No,3.0,7221.03,No,<= Year,1.2,16.666666666666664,49.6,135.25,9737.76,4057.4,1,12.0
CUST-01603,61,Upper Egypt,22,Month-to-month,Fiber,127.9,607.14,5,3,1,No,Yes,5.0,5358.26,No,2 Years,0.14,8.333333333333332,25.58,121.43,7285.68,13357.08,1,0.0
CUST-01604,34,Delta,37,Month-to-month,Fiber,272.3,461.84,2,1,2,Yes,Yes,3.0,4955.78,No,4 Years,0.03,16.666666666666664,136.15,230.92,5542.08,17088.079999999998,0,2.0
CUST-01605,24,Alexandria,8,Two year,Fiber,405.8,561.89,4,2,3,Yes,No,4.0,6512.16,No,<= Year,0.25,25.0,101.45,140.47,6742.68,4495.12,1,2.0
CUST-01606,65,Alexandria,22,Month-to-month,4G/5G,238.4,335.95,1,4,1,Yes,No,3.0,2902.55,No,2 Years,0.18,8.333333333333332,238.4,335.95,4031.3999999999996,7390.9,0,8.0
CUST-01607,25,Giza,16,Month-to-month,Fiber,32.7,276.32,1,0,1,No,No,2.0,2494.34,No,2 Years,0.0,8.333333333333332,32.7,276.32,3315.84,4421.12,0,0.0
CUST-01608,49,Alexandria,14,Month-to-month,DSL,233.2,228.84,1,2,3,Yes,No,4.0,2359.99,No,2 Years,0.14,25.0,233.2,228.84,2746.08,3203.76,0,2.0
CUST-01609,30,Cairo,13,One year,DSL,273.2,426.74,5,2,1,No,No,5.0,4953.93,No,2 Years,0.15,8.333333333333332,54.64,85.35,5120.88,5547.62,0,0.0
CUST-01610,24,Upper Egypt,39,Month-to-month,4G/5G,311.1,602.54,6,3,1,No,Yes,5.0,5808.97,No,4 Years,0.08,8.333333333333332,51.85,100.42,7230.48,23499.059999999998,1,0.0
CUST-01611,59,Cairo,53,Two year,Fiber,362.6,596.06,4,1,1,No,Yes,2.0,8192.59,No,5 Years,0.02,8.333333333333332,90.65,149.01,7152.719999999999,31591.179999999997,1,3.0
CUST-01612,25,Cairo,18,One year,4G/5G,367.2,731.1,6,3,0,No,Yes,1.0,8266.9,Yes,2 Years,0.17,0.0,61.2,121.85,8773.2,13159.800000000001,1,12.0
CUST-01613,53,Delta,28,Month-to-month,4G/5G,218.2,407.32,3,2,1,No,Yes,4.0,3813.2,No,3 Years,0.07,8.333333333333332,72.73,135.77,4887.84,11404.96,0,2.0
CUST-01614,54,Alexandria,22,One year,4G/5G,170.7,330.39,1,1,2,No,Yes,3.0,4054.34,No,2 Years,0.05,16.666666666666664,170.7,330.39,3964.68,7268.58,0,2.0
CUST-01615,21,Giza,4,Month-to-month,4G/5G,129.3,485.58,6,1,0,Yes,No,2.0,4751.4,Yes,<= Year,0.25,0.0,21.55,80.93,5826.96,1942.32,1,3.0
CUST-01616,27,Alexandria,17,Two year,Fiber,181.4,539.91,5,3,1,No,No,4.0,7056.02,No,2 Years,0.18,8.333333333333332,36.28,107.98,6478.92,9178.47,1,3.0
CUST-01617,60,Cairo,3,Two year,4G/5G,272.9,389.09,4,1,1,Yes,Yes,3.0,5210.44,No,<= Year,0.33,8.333333333333332,68.22,97.27,4669.08,1167.27,0,2.0
CUST-01618,44,Alexandria,15,Month-to-month,4G/5G,108.6,419.15,1,5,2,Yes,No,2.0,3896.42,Yes,2 Years,0.33,16.666666666666664,108.6,419.15,5029.799999999999,6287.25,0,15.0
CUST-01619,24,Cairo,21,One year,Fiber,146.6,636.59,6,2,2,Yes,Yes,3.0,7705.87,No,2 Years,0.1,16.666666666666664,24.43,106.1,7639.08,13368.390000000001,1,4.0
CUST-01620,70,Cairo,35,Month-to-month,Fiber,280.6,410.78,1,1,1,No,Yes,4.0,3597.15,No,3 Years,0.03,8.333333333333332,280.6,410.78,4929.36,14377.3,0,1.0
CUST-01621,32,Cairo,26,Month-to-month,4G/5G,171.8,349.73,1,2,3,Yes,Yes,4.0,3982.02,Yes,3 Years,0.08,25.0,171.8,349.73,4196.76,9092.98,0,2.0
CUST-01622,18,Giza,39,One year,Fiber,263.3,534.33,1,3,2,Yes,No,4.0,5931.34,No,4 Years,0.08,16.666666666666664,263.3,534.33,6411.960000000001,20838.870000000003,1,3.0
CUST-01623,66,Giza,11,Two year,4G/5G,156.7,565.61,6,0,1,Yes,No,4.0,6597.33,No,<= Year,0.0,8.333333333333332,26.12,94.27,6787.32,6221.71,1,0.0
CUST-01624,18,Giza,49,Month-to-month,Fiber,255.9,558.3,5,2,0,Yes,No,2.0,5275.95,No,5 Years,0.04,0.0,51.18,111.66,6699.599999999999,27356.699999999997,1,6.0
CUST-01625,47,Cairo,53,One year,DSL,160.5,391.01,1,1,2,Yes,No,3.0,4558.33,No,5 Years,0.02,16.666666666666664,160.5,391.01,4692.12,20723.53,0,2.0
CUST-01626,70,Cairo,3,One year,Fiber,58.8,359.65,3,1,0,Yes,No,4.0,4061.15,No,<= Year,0.33,0.0,19.6,119.88,4315.799999999999,1078.9499999999998,0,1.0
CUST-01627,48,Alexandria,5,Month-to-month,DSL,316.0,576.49,4,1,1,Yes,Yes,3.0,5126.63,No,<= Year,0.2,8.333333333333332,79.0,144.12,6917.88,2882.45,1,2.0
CUST-01628,48,Cairo,21,One year,DSL,167.4,444.54,4,3,2,No,No,3.0,5614.17,No,2 Years,0.14,16.666666666666664,41.85,111.14,5334.4800000000005,9335.34,0,6.0
CUST-01629,38,Delta,14,One year,4G/5G,207.6,412.73,2,0,1,No,Yes,3.0,4473.82,No,2 Years,0.0,8.333333333333332,103.8,206.36,4952.76,5778.22,0,0.0
CUST-01630,24,Upper Egypt,16,One year,Fiber,167.8,279.74,1,0,0,Yes,Yes,3.0,2459.5,No,2 Years,0.0,0.0,167.8,279.74,3356.88,4475.84,0,0.0
CUST-01631,48,Giza,26,Two year,Fiber,279.0,543.67,1,1,1,Yes,Yes,4.0,6977.28,No,3 Years,0.04,8.333333333333332,279.0,543.67,6524.039999999999,14135.419999999998,1,1.0
CUST-01632,65,Upper Egypt,40,Month-to-month,Fiber,260.0,647.77,6,3,0,Yes,Yes,5.0,7583.57,No,4 Years,0.08,0.0,43.33,107.96,7773.24,25910.8,1,0.0
CUST-01633,22,Cairo,10,Month-to-month,Fiber,278.8,527.37,4,1,1,Yes,No,5.0,4807.32,No,<= Year,0.1,8.333333333333332,69.7,131.84,6328.4400000000005,5273.7,1,0.0
CUST-01634,64,Cairo,45,Month-to-month,4G/5G,180.5,628.77,6,1,2,No,Yes,2.0,5665.41,No,4 Years,0.02,16.666666666666664,30.08,104.8,7545.24,28294.649999999998,1,3.0
CUST-01635,39,Delta,12,Month-to-month,Fiber,225.5,620.23,6,0,1,No,Yes,4.0,5823.66,No,<= Year,0.0,8.333333333333332,37.58,103.37,7442.76,7442.76,1,0.0
CUST-01636,46,Delta,72,Month-to-month,Fiber,267.5,475.01,2,0,1,Yes,Yes,4.0,5720.97,No,6 Years,0.0,8.333333333333332,133.75,237.5,5700.12,34200.72,0,0.0
CUST-01637,26,Delta,49,Two year,4G/5G,369.1,325.89,1,1,1,No,No,5.0,4450.35,No,5 Years,0.02,8.333333333333332,369.1,325.89,3910.68,15968.609999999999,0,0.0
CUST-01638,50,Cairo,13,Month-to-month,Fiber,257.6,565.89,4,0,4,Yes,Yes,2.0,4661.25,No,2 Years,0.0,33.33333333333333,64.4,141.47,6790.68,7356.57,1,0.0
CUST-01639,27,Delta,7,One year,Fiber,139.7,369.91,2,3,1,No,No,4.0,4590.98,No,<= Year,0.43,8.333333333333332,69.85,184.96,4438.92,2589.3700000000003,0,3.0
CUST-01640,32,Giza,13,Month-to-month,DSL,254.1,493.48,5,2,0,Yes,Yes,2.0,4973.86,No,2 Years,0.15,0.0,50.82,98.7,5921.76,6415.24,1,6.0
CUST-01641,56,Cairo,12,Month-to-month,Fiber,215.2,599.98,6,1,2,No,Yes,4.0,6014.84,No,<= Year,0.08,16.666666666666664,35.87,100.0,7199.76,7199.76,1,1.0
CUST-01642,20,Cairo,32,Two year,4G/5G,50.1,597.77,6,0,2,Yes,Yes,3.0,7182.07,No,3 Years,0.0,16.666666666666664,8.35,99.63,7173.24,19128.64,1,0.0
CUST-01643,41,Upper Egypt,3,One year,DSL,63.9,280.02,2,5,1,Yes,No,4.0,3139.65,No,<= Year,1.67,8.333333333333332,31.95,140.01,3360.24,840.06,0,5.0
CUST-01644,49,Cairo,5,Month-to-month,Fiber,224.0,480.01,3,3,1,Yes,Yes,2.0,5084.47,Yes,<= Year,0.6,8.333333333333332,74.67,160.0,5760.12,2400.05,0,9.0
CUST-01645,24,Delta,31,Two year,DSL,231.6,551.5,5,2,2,No,Yes,2.0,7181.74,No,3 Years,0.06,16.666666666666664,46.32,110.3,6618.0,17096.5,1,6.0
CUST-01646,33,Alexandria,11,Month-to-month,4G/5G,203.5,450.03,2,2,0,No,Yes,5.0,5031.17,No,<= Year,0.18,0.0,101.75,225.02,5400.36,4950.33,0,0.0
CUST-01647,36,Delta,15,Month-to-month,Fiber,309.6,526.86,4,0,0,No,Yes,4.0,5302.06,No,2 Years,0.0,0.0,77.4,131.72,6322.32,7902.900000000001,1,0.0
CUST-01648,53,Delta,36,Month-to-month,DSL,145.8,397.55,3,0,1,Yes,Yes,5.0,4676.47,No,3 Years,0.0,8.333333333333332,48.6,132.52,4770.6,14311.800000000001,0,0.0
CUST-01649,69,Delta,41,One year,Fiber,105.2,449.96,4,3,2,Yes,Yes,5.0,5612.48,No,4 Years,0.07,16.666666666666664,26.3,112.49,5399.5199999999995,18448.36,0,0.0
CUST-01650,62,Cairo,47,Month-to-month,DSL,155.7,432.69,4,2,2,No,No,2.0,4009.41,No,4 Years,0.04,16.666666666666664,38.92,108.17,5192.28,20336.43,0,6.0
CUST-01651,28,Cairo,34,Two year,DSL,175.1,620.13,6,4,2,Yes,No,4.0,8364.62,No,3 Years,0.12,16.666666666666664,29.18,103.36,7441.5599999999995,21084.42,1,4.0
CUST-01652,18,Alexandria,18,Month-to-month,Fiber,224.8,361.38,3,3,0,Yes,Yes,2.0,3238.72,No,2 Years,0.17,0.0,74.93,120.46,4336.5599999999995,6504.84,0,9.0
CUST-01653,20,Giza,17,Month-to-month,Fiber,158.2,359.36,2,3,1,Yes,Yes,3.0,4283.23,No,2 Years,0.18,8.333333333333332,79.1,179.68,4312.32,6109.12,0,6.0
CUST-01654,49,Cairo,16,Two year,Fiber,37.2,296.43,1,1,2,No,Yes,2.0,4193.1,No,2 Years,0.06,16.666666666666664,37.2,296.43,3557.16,4742.88,0,3.0
CUST-01655,26,Cairo,8,Month-to-month,DSL,10.0,464.73,5,1,1,Yes,No,2.0,4318.19,No,<= Year,0.12,8.333333333333332,2.0,92.95,5576.76,3717.84,0,3.0
CUST-01656,30,Giza,10,Month-to-month,DSL,241.1,598.7,5,1,1,Yes,No,3.0,5710.58,No,<= Year,0.1,8.333333333333332,48.22,119.74,7184.400000000001,5987.0,1,2.0
CUST-01657,62,Cairo,43,Month-to-month,Fiber,128.4,360.44,3,4,2,Yes,Yes,3.0,3688.25,No,4 Years,0.09,16.666666666666664,42.8,120.15,4325.28,15498.92,0,8.0
CUST-01658,64,Cairo,12,Month-to-month,Fiber,49.5,666.67,6,2,1,Yes,No,4.0,6442.23,No,<= Year,0.17,8.333333333333332,8.25,111.11,8000.039999999999,8000.039999999999,1,2.0
CUST-01659,62,Upper Egypt,8,Month-to-month,4G/5G,286.2,502.42,3,5,0,Yes,Yes,2.0,5496.17,Yes,<= Year,0.62,0.0,95.4,167.47,6029.04,4019.36,1,15.0
CUST-01660,31,Cairo,46,Month-to-month,Fiber,369.1,532.01,3,1,2,No,Yes,4.0,5087.18,No,4 Years,0.02,16.666666666666664,123.03,177.34,6384.12,24472.46,1,1.0
CUST-01661,50,Upper Egypt,25,One year,Fiber,221.5,298.37,1,4,2,No,No,5.0,3014.5,No,3 Years,0.16,16.666666666666664,221.5,298.37,3580.44,7459.25,0,0.0
CUST-01662,50,Upper Egypt,60,Month-to-month,Fiber,254.2,525.1,4,1,0,No,Yes,4.0,5418.51,No,5 Years,0.02,0.0,63.55,131.28,6301.200000000001,31506.0,1,1.0
CUST-01663,27,Cairo,56,Month-to-month,DSL,254.9,538.26,4,1,3,Yes,Yes,3.0,5596.72,No,5 Years,0.02,25.0,63.72,134.56,6459.12,30142.559999999998,1,2.0
CUST-01664,47,Delta,8,One year,Fiber,21.8,414.74,3,6,1,Yes,No,4.0,5394.91,No,<= Year,0.75,8.333333333333332,7.27,138.25,4976.88,3317.92,0,6.0
CUST-01665,45,Alexandria,20,Month-to-month,4G/5G,310.0,527.85,4,1,0,Yes,No,2.0,5251.87,No,2 Years,0.05,0.0,77.5,131.96,6334.200000000001,10557.0,1,3.0
CUST-01666,38,Delta,9,One year,DSL,341.6,461.37,4,2,0,No,Yes,4.0,5284.05,No,<= Year,0.22,0.0,85.4,115.34,5536.4400000000005,4152.33,0,2.0
CUST-01667,57,Cairo,9,One year,Fiber,395.3,705.62,5,2,0,Yes,No,2.0,8144.6,No,<= Year,0.22,0.0,79.06,141.12,8467.44,6350.58,1,6.0
CUST-01668,53,Cairo,15,Month-to-month,DSL,190.6,284.2,1,2,0,Yes,No,5.0,2840.28,No,2 Years,0.13,0.0,190.6,284.2,3410.3999999999996,4263.0,0,0.0
CUST-01669,46,Cairo,32,Month-to-month,Fiber,127.8,495.56,4,5,0,Yes,No,4.0,4081.11,No,3 Years,0.16,0.0,31.95,123.89,5946.72,15857.92,1,5.0
CUST-01670,56,Alexandria,33,Month-to-month,Fiber,352.3,533.62,3,2,0,Yes,Yes,4.0,5096.31,No,3 Years,0.06,0.0,117.43,177.87,6403.4400000000005,17609.46,1,2.0
CUST-01671,58,Upper Egypt,30,Month-to-month,DSL,274.9,398.97,3,1,1,No,Yes,4.0,4334.07,No,3 Years,0.03,8.333333333333332,91.63,132.99,4787.64,11969.1,0,1.0
CUST-01672,48,Alexandria,18,Month-to-month,Fiber,308.7,477.47,3,2,2,Yes,No,3.0,4477.34,No,2 Years,0.11,16.666666666666664,102.9,159.16,5729.64,8594.460000000001,0,4.0
CUST-01673,32,Delta,34,One year,4G/5G,171.8,456.7,5,2,1,Yes,No,3.0,5322.68,Yes,3 Years,0.06,8.333333333333332,34.36,91.34,5480.4,15527.8,0,4.0
CUST-01674,58,Upper Egypt,8,One year,DSL,254.4,557.62,6,4,0,Yes,Yes,3.0,7067.99,No,<= Year,0.5,0.0,42.4,92.94,6691.4400000000005,4460.96,1,8.0
CUST-01675,56,Alexandria,25,Month-to-month,Fiber,135.2,302.36,2,2,2,Yes,No,5.0,2721.35,No,3 Years,0.08,16.666666666666664,67.6,151.18,3628.32,7559.0,0,0.0
CUST-01676,70,Cairo,22,Two year,4G/5G,229.5,368.93,1,5,2,No,Yes,4.0,4444.51,No,2 Years,0.23,16.666666666666664,229.5,368.93,4427.16,8116.46,0,5.0
CUST-01677,25,Upper Egypt,18,Month-to-month,DSL,198.7,368.78,3,1,0,No,No,2.0,3850.73,Yes,2 Years,0.06,0.0,66.23,122.93,4425.36,6638.039999999999,0,3.0
CUST-01678,40,Giza,26,Two year,Fiber,440.9,495.97,2,1,4,No,No,4.0,5919.41,No,3 Years,0.04,33.33333333333333,220.45,247.98,5951.64,12895.220000000001,1,1.0
CUST-01679,66,Cairo,3,One year,DSL,279.4,324.12,1,0,0,Yes,No,4.0,3668.51,No,<= Year,0.0,0.0,279.4,324.12,3889.44,972.36,0,0.0
CUST-01680,45,Giza,10,Month-to-month,4G/5G,36.3,334.68,3,4,3,No,Yes,3.0,3819.77,Yes,<= Year,0.4,25.0,12.1,111.56,4016.16,3346.8,0,8.0
CUST-01681,67,Upper Egypt,31,Month-to-month,Fiber,229.9,482.72,4,1,1,Yes,No,3.0,4330.86,No,3 Years,0.03,8.333333333333332,57.48,120.68,5792.64,14964.320000000002,0,2.0
CUST-01682,18,Cairo,21,Month-to-month,Fiber,263.1,682.19,6,1,1,Yes,Yes,4.0,6380.69,No,2 Years,0.05,8.333333333333332,43.85,113.7,8186.280000000001,14325.990000000002,1,1.0
CUST-01683,19,Giza,6,Two year,Fiber,187.3,690.09,5,2,0,Yes,Yes,4.0,9159.78,Yes,<= Year,0.33,0.0,37.46,138.02,8281.08,4140.54,1,2.0
CUST-01684,60,Cairo,21,Month-to-month,Fiber,130.8,504.74,3,4,0,Yes,Yes,4.0,5127.39,No,2 Years,0.19,0.0,43.6,168.25,6056.88,10599.54,1,4.0
CUST-01685,36,Cairo,14,Two year,Fiber,289.4,640.38,4,3,1,Yes,No,4.0,7663.91,Yes,2 Years,0.21,8.333333333333332,72.35,160.1,7684.5599999999995,8965.32,1,3.0
CUST-01686,45,Cairo,44,Month-to-month,DSL,143.5,258.11,2,4,0,No,No,3.0,3678.68,No,4 Years,0.09,0.0,71.75,129.06,3097.32,11356.84,0,8.0
CUST-01687,40,Delta,8,Month-to-month,4G/5G,281.8,351.55,1,2,1,No,Yes,4.0,3193.09,No,<= Year,0.25,8.333333333333332,281.8,351.55,4218.6,2812.4,0,2.0
CUST-01688,39,Upper Egypt,8,One year,DSL,135.9,425.74,4,0,4,Yes,Yes,3.0,4571.87,No,<= Year,0.0,33.33333333333333,33.98,106.44,5108.88,3405.92,0,0.0
CUST-01689,67,Cairo,28,Month-to-month,Fiber,181.9,552.7,3,1,1,Yes,No,2.0,5569.88,Yes,3 Years,0.04,8.333333333333332,60.63,184.23,6632.400000000001,15475.600000000002,1,3.0
CUST-01690,22,Cairo,19,Month-to-month,Fiber,316.1,520.53,2,1,2,No,No,5.0,6140.18,Yes,2 Years,0.05,16.666666666666664,158.05,260.26,6246.36,9890.07,1,0.0
CUST-01691,58,Cairo,18,Two year,Fiber,274.0,665.1,6,1,3,Yes,Yes,2.0,8066.09,No,2 Years,0.06,25.0,45.67,110.85,7981.200000000001,11971.800000000001,1,3.0
CUST-01692,65,Cairo,72,Month-to-month,Fiber,232.8,422.61,4,2,0,No,No,2.0,4061.94,Yes,6 Years,0.03,0.0,58.2,105.65,5071.32,30427.920000000002,0,6.0
CUST-01693,52,Alexandria,33,Two year,DSL,227.3,407.64,4,7,1,Yes,Yes,5.0,5776.36,No,3 Years,0.21,8.333333333333332,56.82,101.91,4891.68,13452.119999999999,0,0.0
CUST-01694,38,Delta,17,Two year,Fiber,238.1,640.31,5,0,1,No,Yes,2.0,9075.72,No,2 Years,0.0,8.333333333333332,47.62,128.06,7683.719999999999,10885.269999999999,1,0.0
CUST-01695,26,Alexandria,5,Month-to-month,4G/5G,158.8,352.69,2,0,0,Yes,Yes,3.0,3627.35,No,<= Year,0.0,0.0,79.4,176.34,4232.28,1763.45,0,0.0
CUST-01696,54,Giza,16,Month-to-month,DSL,228.7,414.47,4,2,1,Yes,Yes,2.0,3890.95,No,2 Years,0.12,8.333333333333332,57.18,103.62,4973.64,6631.52,0,6.0
CUST-01697,42,Alexandria,7,Month-to-month,DSL,281.2,635.62,6,4,1,Yes,Yes,3.0,6300.45,Yes,<= Year,0.57,8.333333333333332,46.87,105.94,7627.4400000000005,4449.34,1,8.0
CUST-01698,25,Cairo,10,One year,4G/5G,367.7,621.98,4,1,0,Yes,No,5.0,6532.0,No,<= Year,0.1,0.0,91.92,155.5,7463.76,6219.8,1,0.0
CUST-01699,37,Cairo,10,Two year,DSL,284.4,560.23,6,2,1,Yes,Yes,3.0,6904.9,No,<= Year,0.2,8.333333333333332,47.4,93.37,6722.76,5602.3,1,4.0
CUST-01700,68,Upper Egypt,42,Two year,4G/5G,252.9,383.63,1,2,1,Yes,Yes,4.0,4396.36,No,4 Years,0.05,8.333333333333332,252.9,383.63,4603.5599999999995,16112.46,0,2.0
CUST-01701,32,Delta,6,Two year,4G/5G,121.2,609.7,5,0,1,Yes,Yes,4.0,7697.03,No,<= Year,0.0,8.333333333333332,24.24,121.94,7316.400000000001,3658.2000000000003,1,0.0
CUST-01702,27,Upper Egypt,39,Month-to-month,DSL,308.9,580.94,4,0,0,No,Yes,3.0,5641.74,No,4 Years,0.0,0.0,77.22,145.24,6971.280000000001,22656.660000000003,1,0.0
CUST-01703,54,Upper Egypt,29,Month-to-month,Fiber,273.3,644.67,6,0,3,Yes,No,5.0,5092.21,No,3 Years,0.0,25.0,45.55,107.44,7736.039999999999,18695.43,1,0.0
CUST-01704,28,Alexandria,29,Month-to-month,Fiber,298.4,699.62,6,2,1,Yes,No,4.0,6994.06,Yes,3 Years,0.07,8.333333333333332,49.73,116.6,8395.44,20288.98,1,2.0
CUST-01705,66,Upper Egypt,10,Two year,4G/5G,323.1,419.05,1,0,3,Yes,No,4.0,5577.9,No,<= Year,0.0,25.0,323.1,419.05,5028.6,4190.5,0,0.0
CUST-01706,63,Giza,36,Month-to-month,Fiber,372.7,547.75,3,3,0,No,Yes,3.0,5459.9,No,3 Years,0.08,0.0,124.23,182.58,6573.0,19719.0,1,6.0
CUST-01707,70,Cairo,9,Month-to-month,4G/5G,129.7,565.57,6,1,2,Yes,Yes,4.0,4770.96,Yes,<= Year,0.11,16.666666666666664,21.62,94.26,6786.84,5090.13,1,1.0
CUST-01708,66,Cairo,53,Month-to-month,Fiber,114.0,463.14,5,3,2,Yes,Yes,3.0,5209.36,No,5 Years,0.06,16.666666666666664,22.8,92.63,5557.68,24546.42,0,6.0
CUST-01709,30,Cairo,43,Month-to-month,DSL,243.3,264.89,1,3,1,No,No,5.0,3848.07,No,4 Years,0.07,8.333333333333332,243.3,264.89,3178.68,11390.269999999999,0,0.0
CUST-01710,29,Cairo,59,Month-to-month,Fiber,147.0,477.61,4,1,0,Yes,Yes,3.0,5185.49,No,5 Years,0.02,0.0,36.75,119.4,5731.32,28178.99,0,2.0
CUST-01711,36,Giza,22,Month-to-month,4G/5G,131.4,345.55,3,3,0,Yes,No,5.0,3584.99,Yes,2 Years,0.14,0.0,43.8,115.18,4146.6,7602.1,0,0.0
CUST-01712,42,Delta,19,Two year,Fiber,339.8,650.15,5,1,1,Yes,No,4.0,8275.38,No,2 Years,0.05,8.333333333333332,67.96,130.03,7801.799999999999,12352.85,1,1.0
CUST-01713,64,Delta,16,One year,Fiber,139.2,560.55,4,1,3,No,No,3.0,6538.01,Yes,2 Years,0.06,25.0,34.8,140.14,6726.599999999999,8968.8,1,2.0
CUST-01714,56,Alexandria,72,Month-to-month,4G/5G,229.0,373.96,2,0,0,Yes,Yes,3.0,4140.8,No,6 Years,0.0,0.0,114.5,186.98,4487.5199999999995,26925.12,0,0.0
CUST-01715,52,Cairo,32,One year,Fiber,83.2,315.4,3,1,2,Yes,No,3.0,3953.72,No,3 Years,0.03,16.666666666666664,27.73,105.13,3784.7999999999997,10092.8,0,2.0
CUST-01716,64,Delta,8,Month-to-month,Fiber,235.7,653.05,6,2,0,No,Yes,3.0,6594.98,Yes,<= Year,0.25,0.0,39.28,108.84,7836.599999999999,5224.4,1,4.0
CUST-01717,52,Giza,49,One year,4G/5G,336.5,507.92,3,5,3,No,No,4.0,5662.17,No,5 Years,0.1,25.0,112.17,169.31,6095.04,24888.08,1,5.0
CUST-01718,38,Cairo,18,Month-to-month,4G/5G,339.2,450.24,2,2,1,Yes,Yes,3.0,4073.94,No,2 Years,0.11,8.333333333333332,169.6,225.12,5402.88,8104.32,0,4.0
CUST-01719,39,Cairo,1,One year,Fiber,324.0,378.48,1,1,1,Yes,No,5.0,4448.03,No,,1.0,8.333333333333332,324.0,378.48,4541.76,378.48,0,0.0
CUST-01720,45,Giza,12,Month-to-month,DSL,222.9,238.44,1,2,0,Yes,Yes,3.0,2742.23,No,<= Year,0.17,0.0,222.9,238.44,2861.2799999999997,2861.2799999999997,0,4.0
CUST-01721,22,Cairo,42,Month-to-month,Fiber,330.0,469.17,1,2,0,No,No,3.0,4139.66,No,4 Years,0.05,0.0,330.0,469.17,5630.04,19705.14,0,4.0
CUST-01722,57,Delta,29,One year,Fiber,228.7,416.45,1,0,0,Yes,Yes,3.0,4979.7,No,3 Years,0.0,0.0,228.7,416.45,4997.4,12077.05,0,0.0
CUST-01723,52,Delta,33,One year,DSL,190.5,419.92,4,4,1,Yes,Yes,5.0,5185.5,No,3 Years,0.12,8.333333333333332,47.62,104.98,5039.04,13857.36,0,0.0
CUST-01724,56,Delta,49,One year,Fiber,264.4,477.89,4,5,1,No,Yes,2.0,5476.54,No,5 Years,0.1,8.333333333333332,66.1,119.47,5734.68,23416.61,0,15.0
CUST-01725,46,Cairo,4,Month-to-month,Fiber,309.7,644.93,5,0,0,No,Yes,4.0,7007.8,No,<= Year,0.0,0.0,61.94,128.99,7739.16,2579.72,1,0.0
CUST-01726,59,Delta,12,Month-to-month,Fiber,110.5,452.63,4,0,1,Yes,Yes,4.0,5071.0,No,<= Year,0.0,8.333333333333332,27.62,113.16,5431.5599999999995,5431.5599999999995,0,0.0
CUST-01727,68,Alexandria,22,One year,4G/5G,134.6,382.18,2,7,1,No,No,2.0,4668.01,Yes,2 Years,0.32,8.333333333333332,67.3,191.09,4586.16,8407.960000000001,0,21.0
CUST-01728,48,Cairo,43,Month-to-month,DSL,217.1,476.17,4,2,1,Yes,Yes,5.0,5768.63,No,4 Years,0.05,8.333333333333332,54.28,119.04,5714.04,20475.31,0,0.0
CUST-01729,41,Alexandria,9,Month-to-month,Fiber,120.0,564.85,3,1,0,No,No,3.0,5967.21,Yes,<= Year,0.11,0.0,40.0,188.28,6778.200000000001,5083.650000000001,1,2.0
CUST-01730,23,Giza,16,Month-to-month,4G/5G,118.8,350.84,2,1,0,Yes,Yes,4.0,3744.24,No,2 Years,0.06,0.0,59.4,175.42,4210.08,5613.44,0,1.0
CUST-01731,59,Giza,21,Month-to-month,4G/5G,192.1,603.06,4,3,1,Yes,No,5.0,5835.0,No,2 Years,0.14,8.333333333333332,48.02,150.76,7236.719999999999,12664.259999999998,1,0.0
CUST-01732,65,Cairo,11,Month-to-month,Fiber,319.3,585.83,4,5,0,Yes,No,3.0,5600.52,No,<= Year,0.45,0.0,79.82,146.46,7029.960000000001,6444.13,1,10.0
CUST-01733,55,Giza,21,Month-to-month,4G/5G,317.6,449.0,3,2,1,Yes,Yes,4.0,4698.88,No,2 Years,0.1,8.333333333333332,105.87,149.67,5388.0,9429.0,0,2.0
CUST-01734,63,Cairo,19,One year,Fiber,258.9,335.33,1,0,0,Yes,No,3.0,3950.21,Yes,2 Years,0.0,0.0,258.9,335.33,4023.96,6371.2699999999995,0,0.0
CUST-01735,63,Cairo,14,One year,Fiber,246.2,340.33,1,1,2,Yes,No,3.0,3266.28,No,2 Years,0.07,16.666666666666664,246.2,340.33,4083.96,4764.62,0,2.0
CUST-01736,60,Cairo,36,One year,Fiber,417.9,697.39,5,2,0,Yes,No,5.0,8275.26,No,3 Years,0.06,0.0,83.58,139.48,8368.68,25106.04,1,0.0
CUST-01737,44,Upper Egypt,32,One year,Fiber,181.5,371.06,1,3,2,Yes,Yes,3.0,4847.96,No,3 Years,0.09,16.666666666666664,181.5,371.06,4452.72,11873.92,0,6.0
CUST-01738,23,Cairo,37,Month-to-month,DSL,251.7,269.52,2,1,1,Yes,No,1.0,1529.37,No,4 Years,0.03,8.333333333333332,125.85,134.76,3234.24,9972.24,0,4.0
CUST-01739,18,Giza,39,Two year,DSL,177.0,563.37,5,1,1,Yes,No,3.0,7997.18,Yes,4 Years,0.03,8.333333333333332,35.4,112.67,6760.4400000000005,21971.43,1,2.0
CUST-01740,28,Giza,57,One year,4G/5G,114.1,489.6,3,1,3,Yes,Yes,4.0,6086.01,No,5 Years,0.02,25.0,38.03,163.2,5875.200000000001,27907.2,1,1.0
CUST-01741,40,Upper Egypt,5,Month-to-month,Fiber,336.6,541.24,5,2,1,Yes,Yes,4.0,5205.51,Yes,<= Year,0.4,8.333333333333332,67.32,108.25,6494.88,2706.2,1,2.0
CUST-01742,57,Alexandria,6,Month-to-month,Fiber,202.5,537.62,3,7,1,Yes,Yes,3.0,5331.6,Yes,<= Year,1.17,8.333333333333332,67.5,179.21,6451.4400000000005,3225.7200000000003,1,14.0
CUST-01743,42,Upper Egypt,34,One year,Fiber,292.5,773.73,6,3,1,Yes,Yes,3.0,9470.21,No,3 Years,0.09,8.333333333333332,48.75,128.96,9284.76,26306.82,1,6.0
CUST-01744,19,Cairo,15,One year,Fiber,207.8,385.2,3,3,0,No,Yes,3.0,4675.07,No,2 Years,0.2,0.0,69.27,128.4,4622.4,5778.0,0,6.0
CUST-01745,29,Cairo,13,One year,4G/5G,342.2,359.34,1,0,1,No,No,5.0,4845.2,No,2 Years,0.0,8.333333333333332,342.2,359.34,4312.08,4671.42,0,0.0
CUST-01746,69,Alexandria,12,One year,DSL,140.2,446.57,5,6,1,Yes,No,3.0,5620.17,No,<= Year,0.5,8.333333333333332,28.04,89.31,5358.84,5358.84,0,12.0
CUST-01747,70,Giza,38,Two year,4G/5G,334.8,600.77,4,2,2,Yes,Yes,4.0,7886.43,No,4 Years,0.05,16.666666666666664,83.7,150.19,7209.24,22829.26,1,2.0
CUST-01748,37,Delta,72,Two year,DSL,310.5,590.17,6,2,1,Yes,Yes,2.0,7285.55,No,6 Years,0.03,8.333333333333332,51.75,98.36,7082.039999999999,42492.24,1,6.0
CUST-01749,60,Upper Egypt,39,One year,Fiber,68.5,296.02,1,1,2,Yes,Yes,3.0,3530.14,No,4 Years,0.03,16.666666666666664,68.5,296.02,3552.24,11544.779999999999,0,2.0
CUST-01750,56,Giza,14,Two year,Fiber,183.5,552.89,4,1,0,Yes,No,2.0,6211.51,No,2 Years,0.07,0.0,45.88,138.22,6634.68,7740.46,1,3.0
CUST-01751,67,Upper Egypt,36,Two year,Fiber,321.9,723.09,5,1,1,Yes,No,5.0,9704.75,Yes,3 Years,0.03,8.333333333333332,64.38,144.62,8677.08,26031.24,1,0.0
CUST-01752,65,Alexandria,6,Month-to-month,4G/5G,377.4,505.01,3,5,1,Yes,No,2.0,4627.99,No,<= Year,0.83,8.333333333333332,125.8,168.34,6060.12,3030.06,1,15.0
CUST-01753,51,Cairo,18,One year,Fiber,294.4,435.98,2,1,0,Yes,No,4.0,5050.97,No,2 Years,0.06,0.0,147.2,217.99,5231.76,7847.64,0,1.0
CUST-01754,38,Giza,4,Month-to-month,Fiber,194.3,408.2,2,4,1,No,Yes,4.0,4355.71,Yes,<= Year,1.0,8.333333333333332,97.15,204.1,4898.4,1632.8,0,4.0
CUST-01755,51,Cairo,15,Month-to-month,DSL,142.8,310.48,1,3,3,Yes,Yes,4.0,2429.41,Yes,2 Years,0.2,25.0,142.8,310.48,3725.76,4657.200000000001,0,3.0
CUST-01756,34,Delta,24,Month-to-month,Fiber,281.0,493.55,4,2,4,No,No,1.0,4470.11,Yes,2 Years,0.08,33.33333333333333,70.25,123.39,5922.6,11845.2,1,8.0
CUST-01757,36,Cairo,72,Month-to-month,DSL,191.7,511.93,5,3,0,Yes,No,1.0,5078.72,No,6 Years,0.04,0.0,38.34,102.39,6143.16,36858.96,1,12.0
CUST-01758,50,Cairo,46,Month-to-month,Fiber,195.5,427.71,3,0,1,No,No,4.0,4372.15,Yes,4 Years,0.0,8.333333333333332,65.17,142.57,5132.5199999999995,19674.66,0,0.0
CUST-01759,48,Alexandria,4,Month-to-month,DSL,209.8,233.57,1,2,1,Yes,No,3.0,2474.13,No,<= Year,0.5,8.333333333333332,209.8,233.57,2802.84,934.28,0,4.0
CUST-01760,48,Cairo,5,Month-to-month,Fiber,309.4,525.6,5,1,3,Yes,Yes,3.0,5705.15,Yes,<= Year,0.2,25.0,61.88,105.12,6307.200000000001,2628.0,1,2.0
CUST-01761,38,Cairo,11,One year,4G/5G,392.6,650.86,6,1,0,Yes,Yes,3.0,7815.98,No,<= Year,0.09,0.0,65.43,108.48,7810.32,7159.46,1,2.0
CUST-01762,39,Delta,64,Two year,DSL,228.7,566.85,4,3,0,Yes,No,2.0,8165.5,No,6 Years,0.05,0.0,57.18,141.71,6802.200000000001,36278.4,1,9.0
CUST-01763,18,Cairo,4,Two year,Fiber,230.9,273.64,1,2,1,Yes,Yes,2.0,4123.0,No,<= Year,0.5,8.333333333333332,230.9,273.64,3283.68,1094.56,0,6.0
CUST-01764,49,Giza,12,Month-to-month,4G/5G,149.1,451.5,3,3,1,Yes,Yes,3.0,4772.37,No,<= Year,0.25,8.333333333333332,49.7,150.5,5418.0,5418.0,0,6.0
CUST-01765,48,Giza,12,Month-to-month,4G/5G,290.1,494.55,4,2,3,Yes,No,1.0,3639.2,Yes,<= Year,0.17,25.0,72.53,123.64,5934.6,5934.6,1,8.0
CUST-01766,67,Cairo,28,Two year,DSL,379.9,580.87,6,3,2,Yes,Yes,3.0,7321.43,No,3 Years,0.11,16.666666666666664,63.32,96.81,6970.4400000000005,16264.36,1,6.0
CUST-01767,44,Cairo,37,Month-to-month,4G/5G,320.3,505.63,3,2,2,No,No,3.0,4466.95,Yes,4 Years,0.05,16.666666666666664,106.77,168.54,6067.5599999999995,18708.31,1,4.0
CUST-01768,42,Delta,32,Two year,4G/5G,248.7,421.59,1,3,0,Yes,No,3.0,6950.03,No,3 Years,0.09,0.0,248.7,421.59,5059.08,13490.88,0,6.0
CUST-01769,21,Upper Egypt,25,One year,Fiber,186.0,668.07,5,3,3,Yes,No,5.0,7309.08,No,3 Years,0.12,25.0,37.2,133.61,8016.84,16701.75,1,0.0
CUST-01770,28,Cairo,6,Month-to-month,Fiber,261.1,629.81,5,4,1,Yes,No,2.0,5311.25,Yes,<= Year,0.67,8.333333333333332,52.22,125.96,7557.719999999999,3778.8599999999997,1,12.0
CUST-01771,35,Upper Egypt,23,Month-to-month,Fiber,333.9,473.02,2,5,0,No,Yes,4.0,3615.81,Yes,2 Years,0.22,0.0,166.95,236.51,5676.24,10879.46,0,5.0
CUST-01772,37,Alexandria,50,Month-to-month,DSL,250.9,446.88,3,2,1,No,No,4.0,4186.48,No,5 Years,0.04,8.333333333333332,83.63,148.96,5362.5599999999995,22344.0,0,2.0
CUST-01773,37,Alexandria,61,Month-to-month,4G/5G,220.7,475.1,1,0,1,Yes,No,4.0,5027.18,No,6 Years,0.0,8.333333333333332,220.7,475.1,5701.200000000001,28981.100000000002,0,0.0
CUST-01774,38,Delta,28,Month-to-month,DSL,168.1,267.8,1,0,0,Yes,No,3.0,3375.86,No,3 Years,0.0,0.0,168.1,267.8,3213.6000000000004,7498.400000000001,0,0.0
CUST-01775,58,Delta,4,Two year,Fiber,463.0,588.38,2,2,0,Yes,No,5.0,7281.4,No,<= Year,0.5,0.0,231.5,294.19,7060.5599999999995,2353.52,1,0.0
CUST-01776,24,Delta,28,One year,4G/5G,149.8,279.35,1,7,0,Yes,Yes,4.0,4138.23,Yes,3 Years,0.25,0.0,149.8,279.35,3352.2000000000003,7821.800000000001,0,7.0
CUST-01777,35,Giza,19,Month-to-month,DSL,141.5,283.08,2,4,2,Yes,Yes,4.0,2836.01,No,2 Years,0.21,16.666666666666664,70.75,141.54,3396.96,5378.5199999999995,0,4.0
CUST-01778,26,Alexandria,5,Month-to-month,Fiber,244.8,650.3,4,1,2,Yes,Yes,2.0,5853.39,No,<= Year,0.2,16.666666666666664,61.2,162.57,7803.599999999999,3251.5,1,3.0
CUST-01779,34,Giza,8,Month-to-month,4G/5G,211.8,445.64,3,0,0,Yes,No,4.0,4608.97,No,<= Year,0.0,0.0,70.6,148.55,5347.68,3565.12,0,0.0
CUST-01780,54,Cairo,10,Month-to-month,Fiber,322.1,429.75,1,1,0,Yes,Yes,3.0,4950.35,No,<= Year,0.1,0.0,322.1,429.75,5157.0,4297.5,0,2.0
CUST-01781,20,Alexandria,34,One year,DSL,325.1,538.64,4,4,2,Yes,Yes,3.0,6308.81,No,3 Years,0.12,16.666666666666664,81.28,134.66,6463.68,18313.76,1,8.0
CUST-01782,35,Cairo,59,One year,DSL,120.7,491.78,6,2,0,Yes,No,3.0,5583.51,No,5 Years,0.03,0.0,20.12,81.96,5901.36,29015.019999999997,1,4.0
CUST-01783,19,Cairo,30,One year,4G/5G,162.0,457.45,4,2,0,Yes,No,3.0,5740.95,No,3 Years,0.07,0.0,40.5,114.36,5489.4,13723.5,0,4.0
CUST-01784,68,Cairo,35,Month-to-month,Fiber,151.2,372.15,2,0,1,Yes,No,4.0,4061.97,No,3 Years,0.0,8.333333333333332,75.6,186.08,4465.799999999999,13025.25,0,0.0
CUST-01785,56,Cairo,20,Month-to-month,Fiber,228.7,647.5,5,1,1,No,Yes,5.0,6374.98,No,2 Years,0.05,8.333333333333332,45.74,129.5,7770.0,12950.0,1,0.0
CUST-01786,30,Alexandria,13,Two year,DSL,268.6,452.21,3,1,1,Yes,No,4.0,6388.33,No,2 Years,0.08,8.333333333333332,89.53,150.74,5426.5199999999995,5878.73,0,1.0
CUST-01787,28,Alexandria,31,One year,4G/5G,196.6,296.67,1,1,1,Yes,No,4.0,2691.29,No,3 Years,0.03,8.333333333333332,196.6,296.67,3560.04,9196.77,0,1.0
CUST-01788,23,Giza,26,One year,Fiber,249.5,666.33,4,5,2,Yes,Yes,4.0,7926.86,No,3 Years,0.19,16.666666666666664,62.38,166.58,7995.960000000001,17324.58,1,5.0
CUST-01789,43,Cairo,11,Month-to-month,Fiber,128.6,562.38,5,2,0,No,Yes,3.0,5911.8,No,<= Year,0.18,0.0,25.72,112.48,6748.5599999999995,6186.18,1,4.0
CUST-01790,57,Giza,24,Two year,4G/5G,163.2,377.66,2,1,2,Yes,No,3.0,4221.2,No,2 Years,0.04,16.666666666666664,81.6,188.83,4531.92,9063.84,0,2.0
CUST-01791,48,Giza,21,Month-to-month,4G/5G,113.0,481.83,3,0,3,Yes,Yes,3.0,3887.47,Yes,2 Years,0.0,25.0,37.67,160.61,5781.96,10118.43,0,0.0
CUST-01792,64,Delta,16,Month-to-month,Fiber,243.1,339.25,1,2,0,Yes,No,3.0,3944.58,Yes,2 Years,0.12,0.0,243.1,339.25,4071.0,5428.0,0,4.0
CUST-01793,36,Alexandria,13,One year,Fiber,242.8,468.6,3,3,3,Yes,Yes,4.0,5899.29,No,2 Years,0.23,25.0,80.93,156.2,5623.200000000001,6091.8,0,3.0
CUST-01794,32,Giza,28,Month-to-month,Fiber,141.4,474.44,3,3,1,No,Yes,5.0,5492.63,No,3 Years,0.11,8.333333333333332,47.13,158.15,5693.28,13284.32,0,0.0
CUST-01795,43,Giza,14,One year,DSL,267.9,295.64,2,3,1,Yes,Yes,3.0,3233.02,No,2 Years,0.21,8.333333333333332,133.95,147.82,3547.68,4138.96,0,6.0
CUST-01796,28,Upper Egypt,72,Month-to-month,DSL,325.1,495.49,4,1,0,Yes,No,3.0,5328.3,Yes,6 Years,0.01,0.0,81.28,123.87,5945.88,35675.28,1,2.0
CUST-01797,69,Delta,30,Month-to-month,4G/5G,137.3,639.96,5,3,0,Yes,No,5.0,6689.96,No,3 Years,0.1,0.0,27.46,127.99,7679.52,19198.800000000003,1,0.0
CUST-01798,27,Giza,28,Month-to-month,Fiber,200.6,581.83,3,5,0,Yes,No,1.0,4897.72,Yes,3 Years,0.18,0.0,66.87,193.94,6981.960000000001,16291.240000000002,1,20.0
CUST-01799,43,Giza,18,Two year,4G/5G,276.2,629.31,5,3,0,Yes,Yes,5.0,8414.59,No,2 Years,0.17,0.0,55.24,125.86,7551.719999999999,11327.579999999998,1,0.0
CUST-01800,45,Cairo,15,One year,Fiber,229.4,557.23,3,0,6,Yes,No,2.0,5983.01,No,2 Years,0.0,50.0,76.47,185.74,6686.76,8358.45,1,0.0
CUST-01801,21,Upper Egypt,3,Month-to-month,4G/5G,106.5,432.61,3,3,0,Yes,Yes,4.0,4719.64,Yes,<= Year,1.0,0.0,35.5,144.2,5191.32,1297.83,0,3.0
CUST-01802,42,Cairo,11,Month-to-month,Fiber,190.3,508.59,4,5,2,No,Yes,3.0,4598.21,Yes,<= Year,0.45,16.666666666666664,47.58,127.15,6103.08,5594.49,1,10.0
CUST-01803,42,Cairo,4,Month-to-month,Fiber,187.3,511.59,2,2,1,No,No,4.0,5591.15,No,<= Year,0.5,8.333333333333332,93.65,255.8,6139.08,2046.36,1,2.0
CUST-01804,31,Upper Egypt,4,Month-to-month,Fiber,214.7,599.39,6,2,0,Yes,Yes,5.0,6066.41,No,<= Year,0.5,0.0,35.78,99.9,7192.68,2397.56,1,0.0
CUST-01805,24,Delta,7,One year,Fiber,218.5,596.29,4,1,2,Yes,Yes,3.0,7570.56,No,<= Year,0.14,16.666666666666664,54.62,149.07,7155.48,4174.03,1,2.0
CUST-01806,20,Cairo,47,Month-to-month,Fiber,370.9,517.95,3,2,1,No,Yes,2.0,5479.0,No,4 Years,0.04,8.333333333333332,123.63,172.65,6215.400000000001,24343.65,1,6.0
CUST-01807,18,Cairo,47,Month-to-month,DSL,211.2,330.58,2,4,1,No,No,4.0,3674.15,Yes,4 Years,0.09,8.333333333333332,105.6,165.29,3966.96,15537.259999999998,0,4.0
CUST-01808,43,Cairo,11,Month-to-month,4G/5G,75.4,533.27,5,3,2,Yes,No,5.0,4714.53,No,<= Year,0.27,16.666666666666664,15.08,106.65,6399.24,5865.969999999999,1,0.0
CUST-01809,22,Alexandria,5,One year,DSL,238.2,422.39,1,0,5,Yes,No,4.0,4015.51,No,<= Year,0.0,41.66666666666667,238.2,422.39,5068.68,2111.95,0,0.0
CUST-01810,68,Cairo,15,One year,DSL,387.3,445.75,1,3,1,Yes,Yes,4.0,6043.44,No,2 Years,0.2,8.333333333333332,387.3,445.75,5349.0,6686.25,0,3.0
CUST-01811,30,Upper Egypt,34,One year,Fiber,215.0,560.32,4,4,0,Yes,Yes,4.0,7205.35,No,3 Years,0.12,0.0,53.75,140.08,6723.84,19050.88,1,4.0
CUST-01812,52,Upper Egypt,41,One year,4G/5G,190.6,440.88,3,1,0,Yes,Yes,2.0,5209.79,No,4 Years,0.02,0.0,63.53,146.96,5290.5599999999995,18076.079999999998,0,3.0
CUST-01813,53,Alexandria,24,Two year,Fiber,202.5,469.95,2,2,1,Yes,No,4.0,6017.36,No,2 Years,0.08,8.333333333333332,101.25,234.98,5639.4,11278.8,0,2.0
CUST-01814,44,Alexandria,27,Month-to-month,Fiber,282.6,587.46,3,5,1,Yes,No,3.0,5873.49,Yes,3 Years,0.19,8.333333333333332,94.2,195.82,7049.52,15861.420000000002,1,10.0
CUST-01815,64,Cairo,25,Two year,Fiber,202.2,494.99,5,0,0,No,Yes,5.0,6097.12,No,3 Years,0.0,0.0,40.44,99.0,5939.88,12374.75,1,0.0
CUST-01816,23,Cairo,4,One year,Fiber,93.6,433.58,3,3,2,Yes,Yes,4.0,4820.33,No,<= Year,0.75,16.666666666666664,31.2,144.53,5202.96,1734.32,0,3.0
CUST-01817,30,Delta,6,Month-to-month,DSL,169.5,391.54,4,4,1,Yes,Yes,2.0,4030.47,No,<= Year,0.67,8.333333333333332,42.38,97.88,4698.4800000000005,2349.2400000000002,0,12.0
CUST-01818,31,Cairo,61,One year,Fiber,224.2,368.16,1,1,1,No,No,3.0,4933.68,No,6 Years,0.02,8.333333333333332,224.2,368.16,4417.92,22457.760000000002,0,2.0
CUST-01819,25,Cairo,24,One year,Fiber,278.2,551.53,5,1,0,No,Yes,4.0,6495.66,No,2 Years,0.04,0.0,55.64,110.31,6618.36,13236.72,1,1.0
CUST-01820,33,Cairo,2,One year,4G/5G,177.6,223.14,1,3,0,Yes,No,2.0,3407.11,No,<= Year,1.5,0.0,177.6,223.14,2677.68,446.28,0,9.0
CUST-01821,34,Cairo,28,Month-to-month,Fiber,203.3,354.71,2,1,0,Yes,Yes,2.0,4090.34,No,3 Years,0.04,0.0,101.65,177.36,4256.5199999999995,9931.88,0,3.0
CUST-01822,58,Giza,9,Month-to-month,DSL,234.0,333.49,2,4,2,Yes,Yes,3.0,2860.56,No,<= Year,0.44,16.666666666666664,117.0,166.74,4001.88,3001.41,0,8.0
CUST-01823,33,Delta,43,Two year,Fiber,228.7,498.07,3,1,2,Yes,No,4.0,5976.82,No,4 Years,0.02,16.666666666666664,76.23,166.02,5976.84,21417.01,1,1.0
CUST-01824,64,Delta,40,Month-to-month,4G/5G,221.7,349.5,2,3,1,Yes,No,5.0,4038.85,No,4 Years,0.08,8.333333333333332,110.85,174.75,4194.0,13980.0,0,0.0
CUST-01825,58,Alexandria,32,Month-to-month,DSL,272.0,495.76,5,3,2,Yes,Yes,4.0,4717.83,No,3 Years,0.09,16.666666666666664,54.4,99.15,5949.12,15864.32,1,3.0
CUST-01826,65,Delta,24,Month-to-month,Fiber,123.2,473.59,3,1,0,No,No,5.0,4664.75,No,2 Years,0.04,0.0,41.07,157.86,5683.08,11366.16,0,0.0
CUST-01827,23,Giza,50,Month-to-month,4G/5G,257.6,368.65,1,1,0,Yes,No,3.0,4040.9,No,5 Years,0.02,0.0,257.6,368.65,4423.799999999999,18432.5,0,2.0
CUST-01828,70,Delta,53,Two year,Fiber,131.9,548.73,3,2,1,No,No,4.0,7656.89,No,5 Years,0.04,8.333333333333332,43.97,182.91,6584.76,29082.690000000002,1,2.0
CUST-01829,50,Giza,10,One year,Fiber,133.7,397.2,1,0,1,No,No,2.0,4946.83,Yes,<= Year,0.0,8.333333333333332,133.7,397.2,4766.4,3972.0,0,0.0
CUST-01830,70,Cairo,32,Two year,DSL,170.3,283.31,2,5,0,Yes,No,5.0,4120.52,No,3 Years,0.16,0.0,85.15,141.66,3399.7200000000003,9065.92,0,0.0
CUST-01831,36,Upper Egypt,13,Month-to-month,DSL,352.9,482.22,4,2,0,Yes,Yes,5.0,3946.28,No,2 Years,0.15,0.0,88.22,120.56,5786.64,6268.860000000001,0,0.0
CUST-01832,68,Cairo,8,Month-to-month,Fiber,75.6,529.8,4,2,1,No,Yes,4.0,5648.39,No,<= Year,0.25,8.333333333333332,18.9,132.45,6357.599999999999,4238.4,1,2.0
CUST-01833,49,Cairo,53,Month-to-month,Fiber,188.2,482.77,4,2,2,Yes,Yes,2.0,4381.02,No,5 Years,0.04,16.666666666666664,47.05,120.69,5793.24,25586.809999999998,0,6.0
CUST-01834,21,Cairo,36,Month-to-month,Fiber,227.6,473.66,3,4,2,Yes,Yes,4.0,4872.2,No,3 Years,0.11,16.666666666666664,75.87,157.89,5683.92,17051.760000000002,0,4.0
CUST-01835,39,Giza,25,One year,DSL,335.0,528.24,6,1,3,Yes,No,3.0,5968.61,No,3 Years,0.04,25.0,55.83,88.04,6338.88,13206.0,1,2.0
CUST-01836,25,Giza,10,Month-to-month,4G/5G,405.3,337.16,1,2,0,Yes,No,4.0,4535.6,No,<= Year,0.2,0.0,405.3,337.16,4045.92,3371.6000000000004,0,2.0
CUST-01837,67,Alexandria,54,Month-to-month,Fiber,192.0,547.23,3,1,3,Yes,Yes,2.0,6178.15,No,5 Years,0.02,25.0,64.0,182.41,6566.76,29550.420000000002,1,3.0
CUST-01838,34,Upper Egypt,9,Two year,4G/5G,278.5,425.04,2,1,1,No,No,4.0,5362.76,No,<= Year,0.11,8.333333333333332,139.25,212.52,5100.4800000000005,3825.36,0,1.0
CUST-01839,29,Cairo,7,One year,Fiber,221.5,344.57,1,2,1,Yes,No,3.0,3456.67,No,<= Year,0.29,8.333333333333332,221.5,344.57,4134.84,2411.99,0,4.0
CUST-01840,47,Alexandria,21,Month-to-month,4G/5G,220.9,477.08,4,1,2,Yes,Yes,3.0,4040.57,No,2 Years,0.05,16.666666666666664,55.22,119.27,5724.96,10018.68,0,2.0
CUST-01841,40,Giza,34,One year,4G/5G,254.6,446.09,1,2,0,Yes,Yes,4.0,5644.07,No,3 Years,0.06,0.0,254.6,446.09,5353.08,15167.06,0,2.0
CUST-01842,23,Delta,16,Month-to-month,DSL,87.3,382.05,4,2,2,Yes,Yes,3.0,3453.12,No,2 Years,0.12,16.666666666666664,21.82,95.51,4584.6,6112.8,0,4.0
CUST-01843,61,Cairo,72,Two year,Fiber,225.7,681.8,6,4,1,No,No,3.0,8508.83,No,6 Years,0.06,8.333333333333332,37.62,113.63,8181.599999999999,49089.6,1,8.0
CUST-01844,62,Cairo,24,One year,Fiber,228.7,665.75,5,5,0,Yes,Yes,4.0,7713.96,No,2 Years,0.21,0.0,45.74,133.15,7989.0,15978.0,1,5.0
CUST-01845,57,Giza,13,Month-to-month,Fiber,152.6,652.47,5,1,0,Yes,No,5.0,6775.15,No,2 Years,0.08,0.0,30.52,130.49,7829.64,8482.11,1,0.0
CUST-01846,50,Alexandria,14,Month-to-month,DSL,271.2,331.23,2,3,1,Yes,No,4.0,3355.14,No,2 Years,0.21,8.333333333333332,135.6,165.62,3974.76,4637.22,0,3.0
CUST-01847,39,Delta,66,Month-to-month,4G/5G,74.4,371.32,4,2,3,Yes,No,2.0,3448.46,Yes,6 Years,0.03,25.0,18.6,92.83,4455.84,24507.12,0,6.0
CUST-01848,46,Alexandria,19,One year,Fiber,238.4,489.9,4,3,1,Yes,No,2.0,5520.45,No,2 Years,0.16,8.333333333333332,59.6,122.48,5878.799999999999,9308.1,1,9.0
CUST-01849,45,Delta,52,Month-to-month,Fiber,350.8,578.51,3,3,1,Yes,Yes,4.0,5821.98,No,5 Years,0.06,8.333333333333332,116.93,192.84,6942.12,30082.52,1,3.0
CUST-01850,26,Giza,4,One year,Fiber,210.3,594.48,3,4,2,Yes,Yes,5.0,7025.91,No,<= Year,1.0,16.666666666666664,70.1,198.16,7133.76,2377.92,1,0.0
CUST-01851,22,Cairo,43,Month-to-month,DSL,142.0,316.06,1,2,0,Yes,Yes,4.0,3619.95,No,4 Years,0.05,0.0,142.0,316.06,3792.7200000000003,13590.58,0,2.0
CUST-01852,31,Cairo,11,Month-to-month,DSL,101.7,497.39,6,2,2,No,No,4.0,4088.77,Yes,<= Year,0.18,16.666666666666664,16.95,82.9,5968.68,5471.29,1,2.0
CUST-01853,42,Cairo,36,Month-to-month,Fiber,265.1,736.09,6,2,3,Yes,Yes,3.0,7084.78,No,3 Years,0.06,25.0,44.18,122.68,8833.08,26499.24,1,4.0
CUST-01854,26,Giza,11,Month-to-month,4G/5G,313.5,568.34,5,3,0,No,Yes,5.0,5611.72,Yes,<= Year,0.27,0.0,62.7,113.67,6820.08,6251.740000000001,1,0.0
CUST-01855,23,Giza,15,Month-to-month,Fiber,225.0,499.74,4,1,0,No,No,4.0,4616.34,No,2 Years,0.07,0.0,56.25,124.94,5996.88,7496.1,1,1.0
CUST-01856,63,Giza,8,One year,DSL,188.3,273.31,1,3,1,Yes,Yes,2.0,3015.25,No,<= Year,0.38,8.333333333333332,188.3,273.31,3279.7200000000003,2186.48,0,9.0
CUST-01857,37,Alexandria,37,Two year,Fiber,56.2,449.4,4,4,1,No,No,4.0,6533.79,No,4 Years,0.11,8.333333333333332,14.05,112.35,5392.799999999999,16627.8,0,4.0
CUST-01858,48,Giza,41,Month-to-month,Fiber,241.2,623.04,6,3,1,Yes,Yes,2.0,6460.51,Yes,4 Years,0.07,8.333333333333332,40.2,103.84,7476.48,25544.64,1,9.0
CUST-01859,45,Alexandria,11,One year,DSL,168.0,351.02,1,2,1,Yes,Yes,4.0,4278.29,No,<= Year,0.18,8.333333333333332,168.0,351.02,4212.24,3861.22,0,2.0
CUST-01860,56,Alexandria,5,Month-to-month,DSL,173.1,367.43,3,1,2,No,Yes,3.0,3100.41,No,<= Year,0.2,16.666666666666664,57.7,122.48,4409.16,1837.15,0,2.0
CUST-01861,57,Cairo,51,One year,Fiber,375.5,625.38,6,4,1,No,No,4.0,6917.46,No,5 Years,0.08,8.333333333333332,62.58,104.23,7504.5599999999995,31894.38,1,4.0
CUST-01862,33,Giza,12,Month-to-month,4G/5G,67.9,588.01,6,0,2,Yes,Yes,4.0,5259.94,Yes,<= Year,0.0,16.666666666666664,11.32,98.0,7056.12,7056.12,1,0.0
CUST-01863,62,Alexandria,19,One year,DSL,79.9,307.86,3,3,2,Yes,Yes,4.0,3693.13,No,2 Years,0.16,16.666666666666664,26.63,102.62,3694.32,5849.34,0,3.0
CUST-01864,37,Alexandria,10,Month-to-month,Fiber,250.8,394.58,2,3,2,Yes,No,5.0,3958.24,Yes,<= Year,0.3,16.666666666666664,125.4,197.29,4734.96,3945.7999999999997,0,0.0
CUST-01865,62,Cairo,34,Month-to-month,4G/5G,195.3,422.79,2,2,1,Yes,Yes,4.0,4054.21,No,3 Years,0.06,8.333333333333332,97.65,211.4,5073.4800000000005,14374.86,0,2.0
CUST-01866,39,Giza,35,One year,4G/5G,183.3,394.76,3,2,0,No,Yes,4.0,5342.89,No,3 Years,0.06,0.0,61.1,131.59,4737.12,13816.6,0,2.0
CUST-01867,23,Delta,57,Month-to-month,Fiber,254.5,421.82,2,3,3,Yes,Yes,5.0,4506.24,No,5 Years,0.05,25.0,127.25,210.91,5061.84,24043.739999999998,0,0.0
CUST-01868,58,Alexandria,44,Month-to-month,4G/5G,253.0,518.47,4,3,1,Yes,No,5.0,4179.82,No,4 Years,0.07,8.333333333333332,63.25,129.62,6221.64,22812.68,1,0.0
CUST-01869,19,Cairo,42,Month-to-month,4G/5G,142.4,293.35,1,2,1,No,No,3.0,3144.91,No,4 Years,0.05,8.333333333333332,142.4,293.35,3520.2000000000003,12320.7,0,4.0
CUST-01870,58,Giza,20,Two year,Fiber,176.7,338.56,1,3,1,Yes,Yes,3.0,4805.15,No,2 Years,0.15,8.333333333333332,176.7,338.56,4062.7200000000003,6771.2,0,6.0
CUST-01871,20,Upper Egypt,18,Month-to-month,DSL,234.5,180.23,1,0,1,Yes,No,3.0,2008.08,Yes,2 Years,0.0,8.333333333333332,234.5,180.23,2162.7599999999998,3244.14,0,0.0
CUST-01872,28,Cairo,34,Month-to-month,Fiber,245.0,598.61,5,2,1,Yes,Yes,4.0,6254.64,Yes,3 Years,0.06,8.333333333333332,49.0,119.72,7183.32,20352.74,1,2.0
CUST-01873,49,Delta,19,Two year,DSL,273.5,687.67,6,5,2,Yes,Yes,3.0,8598.52,No,2 Years,0.26,16.666666666666664,45.58,114.61,8252.039999999999,13065.73,1,10.0
CUST-01874,67,Cairo,45,One year,4G/5G,177.5,357.09,1,1,0,Yes,Yes,2.0,4383.57,No,4 Years,0.02,0.0,177.5,357.09,4285.08,16069.05,0,3.0
CUST-01875,39,Giza,9,Month-to-month,Fiber,261.2,648.62,6,3,0,Yes,No,5.0,6496.09,No,<= Year,0.33,0.0,43.53,108.1,7783.4400000000005,5837.58,1,0.0
CUST-01876,24,Giza,4,One year,DSL,315.5,365.76,1,2,0,Yes,No,4.0,4548.63,No,<= Year,0.5,0.0,315.5,365.76,4389.12,1463.04,0,2.0
CUST-01877,30,Cairo,31,Month-to-month,Fiber,234.2,418.51,1,5,1,Yes,Yes,5.0,4111.63,No,3 Years,0.16,8.333333333333332,234.2,418.51,5022.12,12973.81,0,0.0
CUST-01878,65,Upper Egypt,14,Month-to-month,DSL,220.7,312.57,2,3,0,No,Yes,5.0,3887.27,No,2 Years,0.21,0.0,110.35,156.28,3750.84,4375.98,0,0.0
CUST-01879,56,Giza,8,Month-to-month,4G/5G,208.8,458.49,2,3,0,Yes,No,4.0,5291.71,Yes,<= Year,0.38,0.0,104.4,229.24,5501.88,3667.92,0,3.0
CUST-01880,23,Upper Egypt,72,One year,Fiber,174.4,645.25,6,0,2,No,Yes,4.0,7519.51,No,6 Years,0.0,16.666666666666664,29.07,107.54,7743.0,46458.0,1,0.0
CUST-01881,38,Cairo,21,Two year,DSL,228.7,258.14,1,1,1,No,Yes,5.0,3100.71,No,2 Years,0.05,8.333333333333332,228.7,258.14,3097.68,5420.94,0,0.0
CUST-01882,32,Upper Egypt,6,Month-to-month,Fiber,203.2,734.68,6,3,1,No,No,2.0,6361.22,Yes,<= Year,0.5,8.333333333333332,33.87,122.45,8816.16,4408.08,1,9.0
CUST-01883,27,Upper Egypt,12,Month-to-month,DSL,270.6,484.06,6,2,1,Yes,No,3.0,4913.03,Yes,<= Year,0.17,8.333333333333332,45.1,80.68,5808.72,5808.72,0,4.0
CUST-01884,62,Alexandria,17,Month-to-month,DSL,150.0,322.32,3,0,3,Yes,No,3.0,3306.45,No,2 Years,0.0,25.0,50.0,107.44,3867.84,5479.44,0,0.0
CUST-01885,50,Cairo,31,Month-to-month,DSL,223.2,560.11,5,1,1,No,No,4.0,5801.75,No,3 Years,0.03,8.333333333333332,44.64,112.02,6721.32,17363.41,1,1.0
CUST-01886,27,Delta,12,Month-to-month,Fiber,212.8,577.93,4,2,2,No,No,3.0,5732.22,Yes,<= Year,0.17,16.666666666666664,53.2,144.48,6935.16,6935.16,1,4.0
CUST-01887,52,Alexandria,19,One year,DSL,390.0,733.77,6,3,0,Yes,Yes,3.0,8356.21,No,2 Years,0.16,0.0,65.0,122.3,8805.24,13941.63,1,6.0
CUST-01888,39,Upper Egypt,26,Month-to-month,DSL,295.1,263.04,2,1,0,Yes,No,3.0,1936.49,No,3 Years,0.04,0.0,147.55,131.52,3156.4800000000005,6839.040000000001,0,2.0
CUST-01889,21,Giza,29,Two year,DSL,293.6,653.79,6,2,2,Yes,Yes,4.0,8200.56,No,3 Years,0.07,16.666666666666664,48.93,108.96,7845.48,18959.91,1,2.0
CUST-01890,41,Cairo,20,Month-to-month,DSL,312.8,380.37,3,3,0,Yes,Yes,3.0,4644.51,No,2 Years,0.15,0.0,104.27,126.79,4564.4400000000005,7607.4,0,6.0
CUST-01891,27,Cairo,65,Month-to-month,Fiber,180.9,621.78,6,2,1,Yes,Yes,2.0,6323.99,No,6 Years,0.03,8.333333333333332,30.15,103.63,7461.36,40415.7,1,6.0
CUST-01892,30,Delta,35,Month-to-month,Fiber,353.9,700.91,6,2,0,No,No,2.0,7086.55,Yes,3 Years,0.06,0.0,58.98,116.82,8410.92,24531.85,1,6.0
CUST-01893,64,Upper Egypt,33,One year,Fiber,244.3,709.59,6,4,3,Yes,Yes,4.0,8596.29,No,3 Years,0.12,25.0,40.72,118.26,8515.08,23416.47,1,4.0
CUST-01894,55,Cairo,32,Month-to-month,4G/5G,226.0,547.93,5,5,0,Yes,No,4.0,5230.56,No,3 Years,0.16,0.0,45.2,109.59,6575.16,17533.76,1,5.0
CUST-01895,25,Delta,45,Month-to-month,Fiber,120.7,506.46,3,3,0,Yes,No,4.0,5386.05,No,4 Years,0.07,0.0,40.23,168.82,6077.5199999999995,22790.7,1,3.0
CUST-01896,63,Upper Egypt,25,Month-to-month,4G/5G,193.9,503.12,5,3,0,No,Yes,3.0,5304.7,No,3 Years,0.12,0.0,38.78,100.62,6037.4400000000005,12578.0,1,6.0
CUST-01897,48,Cairo,9,One year,DSL,71.1,297.53,2,2,0,Yes,No,4.0,3301.45,No,<= Year,0.22,0.0,35.55,148.76,3570.3599999999997,2677.7699999999995,0,2.0
CUST-01898,64,Cairo,28,Two year,4G/5G,228.7,399.52,2,1,2,Yes,No,4.0,5409.69,No,3 Years,0.04,16.666666666666664,114.35,199.76,4794.24,11186.56,0,1.0
CUST-01899,57,Delta,31,Month-to-month,DSL,178.1,599.91,5,2,1,No,Yes,4.0,6573.06,No,3 Years,0.06,8.333333333333332,35.62,119.98,7198.92,18597.21,1,2.0
CUST-01900,35,Alexandria,50,Month-to-month,4G/5G,194.1,594.59,5,4,0,Yes,Yes,4.0,5955.03,No,5 Years,0.08,0.0,38.82,118.92,7135.08,29729.5,1,4.0
CUST-01901,46,Cairo,8,Month-to-month,DSL,105.3,326.24,2,0,1,Yes,No,5.0,2618.54,No,<= Year,0.0,8.333333333333332,52.65,163.12,3914.88,2609.92,0,0.0
CUST-01902,46,Delta,10,Month-to-month,DSL,228.7,641.65,6,3,3,Yes,Yes,2.0,5993.54,Yes,<= Year,0.3,25.0,38.12,106.94,7699.799999999999,6416.5,1,9.0
CUST-01903,56,Alexandria,22,Two year,Fiber,283.3,682.4,5,6,3,Yes,Yes,3.0,8270.94,No,2 Years,0.27,25.0,56.66,136.48,8188.799999999999,15012.8,1,12.0
CUST-01904,31,Upper Egypt,33,Month-to-month,Fiber,382.1,735.79,6,2,1,Yes,No,3.0,7273.48,No,3 Years,0.06,8.333333333333332,63.68,122.63,8829.48,24281.07,1,4.0
CUST-01905,35,Upper Egypt,7,One year,Fiber,228.7,492.83,3,2,1,Yes,Yes,5.0,5515.2,No,<= Year,0.29,8.333333333333332,76.23,164.28,5913.96,3449.81,1,0.0
CUST-01906,30,Delta,8,Two year,4G/5G,244.1,547.3,4,1,2,Yes,Yes,3.0,6937.78,No,<= Year,0.12,16.666666666666664,61.02,136.82,6567.599999999999,4378.4,1,2.0
CUST-01907,33,Giza,39,One year,Fiber,322.1,580.84,4,5,1,Yes,Yes,3.0,7439.16,No,4 Years,0.13,8.333333333333332,80.53,145.21,6970.08,22652.760000000002,1,10.0
CUST-01908,26,Cairo,7,Month-to-month,4G/5G,253.5,331.92,1,3,1,Yes,Yes,3.0,3269.28,No,<= Year,0.43,8.333333333333332,253.5,331.92,3983.04,2323.44,0,6.0
CUST-01909,19,Giza,10,One year,DSL,191.5,304.6,2,6,0,No,Yes,4.0,3063.73,No,<= Year,0.6,0.0,95.75,152.3,3655.2000000000003,3046.0,0,6.0
CUST-01910,67,Cairo,40,Month-to-month,Fiber,205.0,679.75,6,1,1,No,Yes,5.0,7031.55,No,4 Years,0.02,8.333333333333332,34.17,113.29,8157.0,27190.0,1,0.0
CUST-01911,21,Alexandria,33,Month-to-month,4G/5G,287.5,612.41,5,2,0,Yes,No,3.0,6146.13,Yes,3 Years,0.06,0.0,57.5,122.48,7348.92,20209.53,1,4.0
CUST-01912,65,Cairo,13,Two year,Fiber,597.9,634.65,4,3,0,Yes,No,3.0,8321.39,No,2 Years,0.23,0.0,149.48,158.66,7615.799999999999,8250.449999999999,1,6.0
CUST-01913,18,Giza,30,Month-to-month,DSL,335.0,286.47,1,0,0,Yes,Yes,3.0,3509.31,No,3 Years,0.0,0.0,335.0,286.47,3437.6400000000003,8594.1,0,0.0
CUST-01914,59,Cairo,26,Month-to-month,Fiber,252.2,494.87,1,1,1,Yes,No,3.0,4665.67,No,3 Years,0.04,8.333333333333332,252.2,494.87,5938.4400000000005,12866.62,1,2.0
CUST-01915,35,Cairo,19,Month-to-month,Fiber,273.5,611.28,4,0,0,Yes,Yes,5.0,6086.96,No,2 Years,0.0,0.0,68.38,152.82,7335.36,11614.32,1,0.0
CUST-01916,45,Cairo,16,Month-to-month,Fiber,272.7,403.41,1,3,1,Yes,Yes,4.0,3612.68,No,2 Years,0.19,8.333333333333332,272.7,403.41,4840.92,6454.56,0,3.0
CUST-01917,32,Alexandria,29,One year,DSL,221.9,337.66,1,3,1,No,No,4.0,4260.77,Yes,3 Years,0.1,8.333333333333332,221.9,337.66,4051.92,9792.140000000001,0,3.0
CUST-01918,44,Delta,8,One year,Fiber,298.1,547.55,4,1,3,No,No,3.0,6231.53,No,<= Year,0.12,25.0,74.53,136.89,6570.599999999999,4380.4,1,2.0
CUST-01919,41,Cairo,29,One year,4G/5G,216.0,602.6,6,1,1,Yes,No,4.0,7045.47,No,3 Years,0.03,8.333333333333332,36.0,100.43,7231.200000000001,17475.4,1,1.0
CUST-01920,46,Delta,24,Month-to-month,DSL,139.0,548.99,6,1,2,Yes,No,4.0,5714.71,No,2 Years,0.04,16.666666666666664,23.17,91.5,6587.88,13175.76,1,1.0
CUST-01921,38,Upper Egypt,26,Month-to-month,Fiber,273.3,561.91,3,2,0,Yes,No,4.0,5242.96,No,3 Years,0.08,0.0,91.1,187.3,6742.92,14609.66,1,2.0
CUST-01922,46,Giza,10,Month-to-month,Fiber,285.4,600.71,6,3,2,Yes,Yes,4.0,5849.79,No,<= Year,0.3,16.666666666666664,47.57,100.12,7208.52,6007.1,1,3.0
CUST-01923,61,Alexandria,51,Month-to-month,Fiber,216.9,486.3,4,2,1,Yes,Yes,4.0,5297.26,No,5 Years,0.04,8.333333333333332,54.22,121.58,5835.6,24801.3,1,2.0
CUST-01924,41,Giza,13,One year,4G/5G,257.9,560.64,6,2,6,Yes,Yes,3.0,5785.05,No,2 Years,0.15,50.0,42.98,93.44,6727.68,7288.32,1,4.0
CUST-01925,37,Cairo,14,One year,DSL,316.5,442.18,2,0,1,No,No,4.0,4659.74,No,2 Years,0.0,8.333333333333332,158.25,221.09,5306.16,6190.52,0,0.0
CUST-01926,24,Alexandria,19,Two year,Fiber,225.3,540.08,4,2,0,Yes,Yes,4.0,6392.26,No,2 Years,0.11,0.0,56.32,135.02,6480.960000000001,10261.52,1,2.0
CUST-01927,37,Cairo,33,One year,DSL,189.8,516.71,6,2,1,Yes,Yes,4.0,6363.4,No,3 Years,0.06,8.333333333333332,31.63,86.12,6200.52,17051.43,1,2.0
CUST-01928,24,Upper Egypt,25,Month-to-month,DSL,166.2,545.96,6,3,1,Yes,No,5.0,6297.48,No,3 Years,0.12,8.333333333333332,27.7,90.99,6551.52,13649.0,1,0.0
CUST-01929,27,Upper Egypt,5,One year,DSL,207.2,538.97,6,0,0,Yes,No,3.0,6070.22,No,<= Year,0.0,0.0,34.53,89.83,6467.64,2694.8500000000004,1,0.0
CUST-01930,68,Delta,21,One year,Fiber,228.7,355.99,1,3,0,No,Yes,2.0,4483.71,No,2 Years,0.14,0.0,228.7,355.99,4271.88,7475.79,0,9.0
CUST-01931,22,Alexandria,22,Two year,Fiber,212.1,609.94,4,4,0,Yes,Yes,3.0,6870.59,No,2 Years,0.18,0.0,53.02,152.49,7319.280000000001,13418.68,1,8.0
CUST-01932,43,Alexandria,52,Month-to-month,Fiber,262.4,386.48,1,1,0,No,No,2.0,4205.42,No,5 Years,0.02,0.0,262.4,386.48,4637.76,20096.96,0,3.0
CUST-01933,62,Upper Egypt,17,One year,DSL,200.8,476.89,3,1,1,No,No,3.0,5114.57,No,2 Years,0.06,8.333333333333332,66.93,158.96,5722.68,8107.13,0,2.0
CUST-01934,68,Cairo,31,Month-to-month,DSL,193.1,213.69,1,0,1,Yes,No,2.0,2038.12,No,3 Years,0.0,8.333333333333332,193.1,213.69,2564.2799999999997,6624.39,0,0.0
CUST-01935,25,Cairo,72,One year,Fiber,150.9,600.06,5,0,2,No,Yes,3.0,7204.2,No,6 Years,0.0,16.666666666666664,30.18,120.01,7200.719999999999,43204.31999999999,1,0.0
CUST-01936,26,Alexandria,46,Two year,Fiber,239.0,526.49,5,2,0,No,Yes,3.0,6293.26,No,4 Years,0.04,0.0,47.8,105.3,6317.88,24218.54,1,4.0
CUST-01937,37,Giza,9,Two year,DSL,183.5,424.21,1,2,2,Yes,Yes,4.0,6874.7,No,<= Year,0.22,16.666666666666664,183.5,424.21,5090.5199999999995,3817.89,0,2.0
CUST-01938,47,Giza,36,Month-to-month,Fiber,344.6,605.84,6,7,1,Yes,No,3.0,5718.26,No,3 Years,0.19,8.333333333333332,57.43,100.97,7270.08,21810.24,1,14.0
CUST-01939,68,Cairo,29,Month-to-month,DSL,220.3,677.5,6,2,0,Yes,No,3.0,6999.59,No,3 Years,0.07,0.0,36.72,112.92,8130.0,19647.5,1,4.0
CUST-01940,29,Alexandria,16,One year,Fiber,226.0,654.79,6,2,0,Yes,No,5.0,8537.69,No,2 Years,0.12,0.0,37.67,109.13,7857.48,10476.64,1,0.0
CUST-01941,26,Cairo,36,One year,Fiber,213.8,476.19,3,1,1,No,Yes,4.0,5903.33,No,3 Years,0.03,8.333333333333332,71.27,158.73,5714.28,17142.84,0,1.0
CUST-01942,31,Cairo,9,Two year,DSL,263.4,627.5,6,2,1,Yes,Yes,3.0,7463.78,No,<= Year,0.22,8.333333333333332,43.9,104.58,7530.0,5647.5,1,4.0
CUST-01943,64,Cairo,13,Month-to-month,Fiber,364.2,656.8,6,1,0,No,No,3.0,6498.84,No,2 Years,0.08,0.0,60.7,109.47,7881.599999999999,8538.4,1,2.0
CUST-01944,19,Giza,19,Two year,DSL,228.7,480.02,4,1,0,Yes,No,2.0,5418.72,No,2 Years,0.05,0.0,57.18,120.0,5760.24,9120.38,0,3.0
CUST-01945,38,Upper Egypt,16,One year,Fiber,255.0,549.11,3,2,2,Yes,Yes,2.0,6085.01,No,2 Years,0.12,16.666666666666664,85.0,183.04,6589.32,8785.76,1,6.0
CUST-01946,24,Giza,33,Month-to-month,Fiber,88.8,549.4,5,3,0,Yes,No,5.0,6462.01,No,3 Years,0.09,0.0,17.76,109.88,6592.799999999999,18130.2,1,0.0
CUST-01947,26,Alexandria,21,Month-to-month,DSL,228.7,362.99,1,0,0,No,Yes,4.0,3187.51,No,2 Years,0.0,0.0,228.7,362.99,4355.88,7622.79,0,0.0
CUST-01948,66,Delta,14,One year,Fiber,220.3,594.83,3,0,0,Yes,No,3.0,6648.83,No,2 Years,0.0,0.0,73.43,198.28,7137.960000000001,8327.62,1,0.0
CUST-01949,18,Giza,46,Month-to-month,DSL,95.5,292.09,1,6,3,Yes,No,5.0,3898.07,No,4 Years,0.13,25.0,95.5,292.09,3505.08,13436.14,0,0.0
CUST-01950,35,Delta,33,One year,4G/5G,115.2,475.75,5,1,2,Yes,Yes,4.0,5573.02,No,3 Years,0.03,16.666666666666664,23.04,95.15,5709.0,15699.75,0,1.0
CUST-01951,66,Delta,6,One year,4G/5G,303.3,411.51,1,2,1,Yes,No,4.0,4489.72,No,<= Year,0.33,8.333333333333332,303.3,411.51,4938.12,2469.06,0,2.0
CUST-01952,50,Alexandria,6,Month-to-month,Fiber,80.2,515.88,5,1,2,Yes,Yes,4.0,5153.81,No,<= Year,0.17,16.666666666666664,16.04,103.18,6190.5599999999995,3095.2799999999997,1,1.0
CUST-01953,21,Cairo,15,Month-to-month,Fiber,255.0,516.68,4,2,3,No,Yes,4.0,4720.19,No,2 Years,0.13,25.0,63.75,129.17,6200.16,7750.199999999999,1,2.0
CUST-01954,42,Cairo,7,Two year,Fiber,191.4,505.94,3,4,0,Yes,No,4.0,5446.94,No,<= Year,0.57,0.0,63.8,168.65,6071.28,3541.58,1,4.0
CUST-01955,69,Upper Egypt,41,One year,4G/5G,212.5,445.22,4,1,3,Yes,No,3.0,4554.93,No,4 Years,0.02,25.0,53.12,111.3,5342.64,18254.02,0,2.0
CUST-01956,39,Delta,13,One year,Fiber,169.4,361.91,1,0,2,No,Yes,3.0,5112.95,No,2 Years,0.0,16.666666666666664,169.4,361.91,4342.92,4704.83,0,0.0
CUST-01957,46,Upper Egypt,31,One year,Fiber,144.2,606.87,5,5,0,Yes,No,2.0,7308.15,No,3 Years,0.16,0.0,28.84,121.37,7282.4400000000005,18812.97,1,15.0
CUST-01958,46,Upper Egypt,35,One year,DSL,228.7,450.76,2,0,0,Yes,Yes,3.0,6158.27,No,3 Years,0.0,0.0,114.35,225.38,5409.12,15776.6,0,0.0
CUST-01959,53,Cairo,3,Two year,Fiber,281.5,712.07,6,2,1,Yes,No,5.0,8738.49,No,<= Year,0.67,8.333333333333332,46.92,118.68,8544.84,2136.21,1,0.0
CUST-01960,27,Delta,14,One year,DSL,203.7,491.55,6,1,1,Yes,Yes,3.0,5729.87,Yes,2 Years,0.07,8.333333333333332,33.95,81.92,5898.6,6881.7,1,2.0
CUST-01961,62,Giza,18,Month-to-month,Fiber,267.9,489.55,4,2,2,Yes,Yes,2.0,4556.16,No,2 Years,0.11,16.666666666666664,66.97,122.39,5874.6,8811.9,1,6.0
CUST-01962,70,Delta,26,Month-to-month,Fiber,208.2,559.06,4,4,0,No,Yes,4.0,5436.56,No,3 Years,0.15,0.0,52.05,139.76,6708.719999999999,14535.559999999998,1,4.0
CUST-01963,25,Cairo,39,Month-to-month,DSL,285.0,568.42,6,1,2,Yes,No,4.0,5730.02,Yes,4 Years,0.03,16.666666666666664,47.5,94.74,6821.039999999999,22168.379999999997,1,1.0
CUST-01964,61,Cairo,72,One year,Fiber,267.3,423.19,3,4,1,Yes,No,4.0,4851.89,No,6 Years,0.06,8.333333333333332,89.1,141.06,5078.28,30469.68,0,4.0
CUST-01965,61,Delta,61,Month-to-month,DSL,181.3,343.65,3,1,2,No,Yes,3.0,4105.79,No,6 Years,0.02,16.666666666666664,60.43,114.55,4123.799999999999,20962.649999999998,0,2.0
CUST-01966,57,Delta,21,One year,DSL,144.2,593.46,6,1,0,No,No,4.0,7329.51,No,2 Years,0.05,0.0,24.03,98.91,7121.52,12462.66,1,1.0
CUST-01967,37,Alexandria,20,Two year,Fiber,316.0,531.29,3,2,0,Yes,Yes,5.0,7052.15,No,2 Years,0.1,0.0,105.33,177.1,6375.48,10625.8,1,0.0
CUST-01968,42,Cairo,57,Month-to-month,4G/5G,156.8,460.19,3,1,0,Yes,Yes,3.0,4892.31,No,5 Years,0.02,0.0,52.27,153.4,5522.28,26230.829999999998,0,2.0
CUST-01969,62,Cairo,21,Month-to-month,4G/5G,275.1,357.71,1,2,2,Yes,Yes,4.0,3437.12,Yes,2 Years,0.1,16.666666666666664,275.1,357.71,4292.5199999999995,7511.91,0,2.0
CUST-01970,26,Upper Egypt,14,One year,4G/5G,232.8,337.81,2,3,2,No,No,5.0,3304.87,No,2 Years,0.21,16.666666666666664,116.4,168.9,4053.7200000000003,4729.34,0,0.0
CUST-01971,61,Giza,41,Month-to-month,DSL,188.3,248.26,2,4,0,Yes,Yes,3.0,2322.95,Yes,4 Years,0.1,0.0,94.15,124.13,2979.12,10178.66,0,8.0
CUST-01972,66,Giza,27,One year,Fiber,268.7,571.19,5,3,2,No,Yes,5.0,6696.94,No,3 Years,0.11,16.666666666666664,53.74,114.24,6854.280000000001,15422.130000000001,1,0.0
CUST-01973,54,Alexandria,6,Month-to-month,Fiber,353.1,600.88,4,1,0,Yes,No,5.0,5895.46,Yes,<= Year,0.17,0.0,88.28,150.22,7210.5599999999995,3605.2799999999997,1,0.0
CUST-01974,36,Giza,17,Month-to-month,Fiber,286.3,448.7,3,5,0,No,Yes,2.0,4736.22,Yes,2 Years,0.29,0.0,95.43,149.57,5384.4,7627.9,0,15.0
CUST-01975,47,Alexandria,7,One year,Fiber,241.6,715.88,6,2,1,No,Yes,5.0,8662.31,No,<= Year,0.29,8.333333333333332,40.27,119.31,8590.56,5011.16,1,0.0
CUST-01976,20,Giza,1,Month-to-month,Fiber,375.9,492.85,3,0,0,Yes,No,2.0,4526.15,No,,0.0,0.0,125.3,164.28,5914.200000000001,492.85,1,0.0
CUST-01977,67,Delta,66,Month-to-month,Fiber,79.3,344.28,3,4,2,Yes,No,3.0,3161.83,No,6 Years,0.06,16.666666666666664,26.43,114.76,4131.36,22722.48,0,8.0
CUST-01978,36,Upper Egypt,23,Month-to-month,Fiber,129.9,564.4,5,4,1,Yes,Yes,4.0,5957.45,No,2 Years,0.17,8.333333333333332,25.98,112.88,6772.799999999999,12981.199999999999,1,4.0
CUST-01979,21,Upper Egypt,17,Month-to-month,4G/5G,188.2,423.36,2,2,3,No,Yes,5.0,4232.79,No,2 Years,0.12,25.0,94.1,211.68,5080.32,7197.12,0,0.0
CUST-01980,60,Alexandria,14,Two year,Fiber,357.7,623.03,3,1,1,Yes,No,4.0,7785.72,No,2 Years,0.07,8.333333333333332,119.23,207.68,7476.36,8722.42,1,1.0
CUST-01981,52,Giza,22,Month-to-month,DSL,314.9,471.0,5,0,2,Yes,Yes,3.0,4044.64,No,2 Years,0.0,16.666666666666664,62.98,94.2,5652.0,10362.0,0,0.0
CUST-01982,51,Delta,14,Month-to-month,4G/5G,75.5,417.01,2,4,1,Yes,No,3.0,3809.05,Yes,2 Years,0.29,8.333333333333332,37.75,208.5,5004.12,5838.139999999999,0,8.0
CUST-01983,20,Delta,9,Month-to-month,DSL,190.7,412.67,3,2,1,No,Yes,3.0,4223.96,No,<= Year,0.22,8.333333333333332,63.57,137.56,4952.04,3714.03,0,4.0
CUST-01984,57,Alexandria,15,Month-to-month,Fiber,110.9,302.97,1,1,1,Yes,No,4.0,3889.86,No,2 Years,0.07,8.333333333333332,110.9,302.97,3635.6400000000003,4544.55,0,1.0
CUST-01985,51,Delta,53,Month-to-month,DSL,226.4,563.46,5,4,0,No,Yes,3.0,5683.64,No,5 Years,0.08,0.0,45.28,112.69,6761.52,29863.38,1,8.0
CUST-01986,60,Delta,41,One year,4G/5G,311.2,722.79,6,1,0,Yes,Yes,3.0,8223.21,No,4 Years,0.02,0.0,51.87,120.46,8673.48,29634.39,1,2.0
CUST-01987,61,Alexandria,15,Month-to-month,4G/5G,317.8,503.42,5,2,2,Yes,No,2.0,5717.74,Yes,2 Years,0.13,16.666666666666664,63.56,100.68,6041.04,7551.3,1,6.0
CUST-01988,29,Delta,71,One year,Fiber,254.1,532.86,4,1,2,Yes,Yes,3.0,6238.36,No,6 Years,0.01,16.666666666666664,63.52,133.22,6394.32,37833.06,1,2.0
CUST-01989,29,Cairo,20,Month-to-month,Fiber,191.7,612.91,6,0,2,Yes,No,3.0,5519.46,Yes,2 Years,0.0,16.666666666666664,31.95,102.15,7354.92,12258.199999999999,1,0.0
CUST-01990,66,Giza,11,Month-to-month,DSL,221.4,613.57,6,0,1,Yes,No,2.0,5674.7,Yes,<= Year,0.0,8.333333333333332,36.9,102.26,7362.84,6749.27,1,0.0
CUST-01991,46,Alexandria,28,Month-to-month,Fiber,291.5,596.07,3,0,1,Yes,No,2.0,5573.51,No,3 Years,0.0,8.333333333333332,97.17,198.69,7152.84,16689.960000000003,1,0.0
CUST-01992,41,Cairo,59,One year,4G/5G,441.3,591.71,4,2,3,No,Yes,5.0,7641.29,No,5 Years,0.03,25.0,110.32,147.93,7100.52,34910.89,1,0.0
CUST-01993,33,Delta,51,Two year,DSL,123.3,525.8,6,1,2,No,No,2.0,6023.79,No,5 Years,0.02,16.666666666666664,20.55,87.63,6309.599999999999,26815.8,1,3.0
CUST-01994,51,Alexandria,12,Month-to-month,4G/5G,373.0,476.23,2,2,1,No,Yes,2.0,4845.08,Yes,<= Year,0.17,8.333333333333332,186.5,238.12,5714.76,5714.76,0,6.0
CUST-01995,57,Cairo,8,Two year,4G/5G,252.0,557.85,5,1,5,No,Yes,5.0,6897.04,No,<= Year,0.12,41.66666666666667,50.4,111.57,6694.200000000001,4462.8,1,0.0
CUST-01996,18,Delta,16,Month-to-month,DSL,303.8,326.13,3,2,0,Yes,Yes,4.0,3202.04,No,2 Years,0.12,0.0,101.27,108.71,3913.56,5218.08,0,2.0
CUST-01997,47,Delta,31,One year,4G/5G,246.7,377.17,1,3,0,Yes,No,5.0,4658.31,No,3 Years,0.1,0.0,246.7,377.17,4526.04,11692.27,0,0.0
CUST-01998,70,Delta,37,One year,DSL,356.4,519.64,3,2,2,Yes,Yes,4.0,6053.68,No,4 Years,0.05,16.666666666666664,118.8,173.21,6235.68,19226.68,1,2.0
CUST-01999,32,Giza,47,Month-to-month,Fiber,259.7,617.73,4,5,2,Yes,Yes,5.0,6256.57,No,4 Years,0.11,16.666666666666664,64.92,154.43,7412.76,29033.31,1,0.0
CUST-02000,32,Delta,24,Month-to-month,4G/5G,171.6,476.63,5,1,1,Yes,Yes,4.0,4598.18,No,2 Years,0.04,8.333333333333332,34.32,95.33,5719.5599999999995,11439.119999999999,0,1.0
CUST-02001,64,Giza,25,Month-to-month,DSL,270.5,356.19,1,1,1,Yes,Yes,4.0,3569.44,No,3 Years,0.04,8.333333333333332,270.5,356.19,4274.28,8904.75,0,1.0
CUST-02002,21,Alexandria,24,One year,4G/5G,331.4,630.24,4,3,2,No,No,2.0,6839.28,No,2 Years,0.12,16.666666666666664,82.85,157.56,7562.88,15125.76,1,9.0
CUST-02003,39,Cairo,43,Month-to-month,Fiber,230.0,686.59,4,1,2,Yes,Yes,2.0,7583.36,No,4 Years,0.02,16.666666666666664,57.5,171.65,8239.08,29523.370000000003,1,3.0
CUST-02004,42,Alexandria,37,Two year,Fiber,43.3,502.81,4,3,2,Yes,Yes,3.0,6954.21,No,4 Years,0.08,16.666666666666664,10.82,125.7,6033.72,18603.97,1,6.0
CUST-02005,60,Delta,11,Month-to-month,4G/5G,219.7,612.58,5,2,1,Yes,Yes,2.0,6068.62,Yes,<= Year,0.18,8.333333333333332,43.94,122.52,7350.960000000001,6738.38,1,6.0
CUST-02006,24,Alexandria,34,Two year,Fiber,238.8,551.16,5,3,0,Yes,No,3.0,7088.75,No,3 Years,0.09,0.0,47.76,110.23,6613.92,18739.44,1,6.0
CUST-02007,41,Giza,41,Month-to-month,DSL,226.0,354.08,3,2,0,No,Yes,3.0,4128.81,No,4 Years,0.05,0.0,75.33,118.03,4248.96,14517.279999999999,0,4.0
CUST-02008,26,Delta,43,One year,DSL,185.4,399.76,2,1,2,Yes,Yes,4.0,5058.95,No,4 Years,0.02,16.666666666666664,92.7,199.88,4797.12,17189.68,0,1.0
CUST-02009,59,Delta,27,Month-to-month,Fiber,349.1,590.67,6,2,1,Yes,Yes,2.0,5777.28,No,3 Years,0.07,8.333333333333332,58.18,98.44,7088.039999999999,15948.089999999998,1,6.0
CUST-02010,51,Cairo,26,Month-to-month,Fiber,228.7,584.79,6,1,3,Yes,No,4.0,5383.76,No,3 Years,0.04,25.0,38.12,97.46,7017.48,15204.539999999999,1,1.0
CUST-02011,44,Upper Egypt,21,Month-to-month,4G/5G,238.5,424.3,1,1,2,Yes,No,2.0,4159.98,Yes,2 Years,0.05,16.666666666666664,238.5,424.3,5091.6,8910.300000000001,0,3.0
CUST-02012,38,Delta,23,One year,Fiber,239.7,535.29,3,4,1,Yes,Yes,3.0,7050.62,No,2 Years,0.17,8.333333333333332,79.9,178.43,6423.48,12311.669999999998,1,8.0
CUST-02013,26,Upper Egypt,64,Month-to-month,DSL,418.5,637.88,5,2,2,No,Yes,4.0,6446.84,No,6 Years,0.03,16.666666666666664,83.7,127.58,7654.5599999999995,40824.32,1,2.0
CUST-02014,66,Upper Egypt,23,One year,DSL,228.7,469.19,4,4,0,No,Yes,3.0,5528.75,No,2 Years,0.17,0.0,57.18,117.3,5630.28,10791.37,0,8.0
CUST-02015,52,Upper Egypt,12,Two year,DSL,270.1,575.1,6,3,1,Yes,Yes,3.0,7421.86,No,<= Year,0.25,8.333333333333332,45.02,95.85,6901.200000000001,6901.200000000001,1,6.0
CUST-02016,34,Delta,27,Month-to-month,Fiber,241.3,560.19,2,1,1,Yes,No,4.0,5618.06,Yes,3 Years,0.04,8.333333333333332,120.65,280.1,6722.280000000001,15125.130000000001,1,1.0
CUST-02017,39,Alexandria,37,Month-to-month,Fiber,238.5,728.48,6,3,2,Yes,Yes,4.0,6877.36,No,4 Years,0.08,16.666666666666664,39.75,121.41,8741.76,26953.760000000002,1,3.0
CUST-02018,56,Cairo,42,Month-to-month,4G/5G,388.7,504.24,2,2,1,Yes,Yes,3.0,4736.12,No,4 Years,0.05,8.333333333333332,194.35,252.12,6050.88,21178.08,1,4.0
CUST-02019,56,Alexandria,9,Month-to-month,Fiber,130.0,345.91,1,0,0,Yes,No,5.0,4039.71,No,<= Year,0.0,0.0,130.0,345.91,4150.92,3113.19,0,0.0
CUST-02020,42,Delta,55,Month-to-month,Fiber,170.0,547.46,5,1,2,Yes,Yes,3.0,5981.58,No,5 Years,0.02,16.666666666666664,34.0,109.49,6569.52,30110.300000000003,1,2.0
CUST-02021,34,Alexandria,36,One year,4G/5G,297.9,702.57,6,2,1,Yes,Yes,4.0,9344.64,No,3 Years,0.06,8.333333333333332,49.65,117.1,8430.84,25292.52,1,2.0
CUST-02022,52,Upper Egypt,53,Month-to-month,Fiber,253.1,484.31,3,1,1,No,Yes,3.0,5144.32,No,5 Years,0.02,8.333333333333332,84.37,161.44,5811.72,25668.43,0,2.0
CUST-02023,52,Cairo,6,Month-to-month,Fiber,204.5,377.04,1,4,1,No,No,4.0,3831.64,Yes,<= Year,0.67,8.333333333333332,204.5,377.04,4524.4800000000005,2262.2400000000002,0,4.0
CUST-02024,49,Giza,44,One year,4G/5G,223.6,648.85,6,4,2,Yes,No,5.0,8144.83,No,4 Years,0.09,16.666666666666664,37.27,108.14,7786.200000000001,28549.4,1,0.0
CUST-02025,21,Giza,9,Month-to-month,Fiber,312.3,425.18,1,2,2,Yes,No,3.0,3656.05,Yes,<= Year,0.22,16.666666666666664,312.3,425.18,5102.16,3826.62,0,4.0
CUST-02026,43,Giza,18,One year,Fiber,273.7,649.24,4,3,2,Yes,No,3.0,7742.58,Yes,2 Years,0.17,16.666666666666664,68.42,162.31,7790.88,11686.32,1,6.0
CUST-02027,50,Cairo,36,Two year,Fiber,165.8,285.42,1,2,1,Yes,Yes,3.0,4349.48,No,3 Years,0.06,8.333333333333332,165.8,285.42,3425.04,10275.12,0,4.0
CUST-02028,68,Cairo,8,Month-to-month,4G/5G,251.4,519.24,4,1,0,Yes,Yes,3.0,5600.94,No,<= Year,0.12,0.0,62.85,129.81,6230.88,4153.92,1,2.0
CUST-02029,45,Delta,14,Month-to-month,4G/5G,225.5,458.29,1,1,1,Yes,Yes,3.0,5249.87,No,2 Years,0.07,8.333333333333332,225.5,458.29,5499.4800000000005,6416.06,0,2.0
CUST-02030,36,Giza,6,One year,4G/5G,272.3,517.83,3,2,2,No,Yes,3.0,5641.8,No,<= Year,0.33,16.666666666666664,90.77,172.61,6213.960000000001,3106.9800000000005,1,4.0
CUST-02031,47,Cairo,36,One year,4G/5G,201.1,430.58,3,3,0,Yes,No,3.0,5055.41,No,3 Years,0.08,0.0,67.03,143.53,5166.96,15500.88,0,6.0
CUST-02032,27,Cairo,11,One year,Fiber,121.3,660.01,6,1,1,Yes,Yes,3.0,7543.1,Yes,<= Year,0.09,8.333333333333332,20.22,110.0,7920.12,7260.11,1,2.0
CUST-02033,22,Giza,22,One year,DSL,290.5,547.77,5,6,1,Yes,Yes,1.0,5766.84,Yes,2 Years,0.27,8.333333333333332,58.1,109.55,6573.24,12050.939999999999,1,24.0
CUST-02034,53,Cairo,29,Month-to-month,Fiber,279.4,756.81,6,5,0,Yes,Yes,5.0,7871.05,No,3 Years,0.17,0.0,46.57,126.14,9081.72,21947.489999999998,1,0.0
CUST-02035,70,Delta,27,Month-to-month,4G/5G,357.4,600.97,4,3,0,Yes,No,5.0,6463.92,No,3 Years,0.11,0.0,89.35,150.24,7211.64,16226.19,1,0.0
CUST-02036,62,Delta,25,One year,4G/5G,111.5,304.73,2,1,1,Yes,No,4.0,4035.02,No,3 Years,0.04,8.333333333333332,55.75,152.36,3656.76,7618.25,0,1.0
CUST-02037,48,Cairo,25,One year,Fiber,223.7,503.1,3,4,2,Yes,No,3.0,5907.22,No,3 Years,0.16,16.666666666666664,74.57,167.7,6037.200000000001,12577.5,1,8.0
CUST-02038,20,Alexandria,7,One year,4G/5G,209.3,522.54,4,3,1,Yes,Yes,2.0,6441.92,No,<= Year,0.43,8.333333333333332,52.32,130.64,6270.48,3657.7799999999997,1,9.0
CUST-02039,70,Cairo,18,Month-to-month,DSL,194.3,484.6,4,1,3,Yes,No,2.0,4744.64,Yes,2 Years,0.06,25.0,48.58,121.15,5815.200000000001,8722.800000000001,0,3.0
CUST-02040,41,Cairo,25,Two year,Fiber,91.3,622.23,6,4,1,No,No,4.0,7839.28,No,3 Years,0.16,8.333333333333332,15.22,103.7,7466.76,15555.75,1,4.0
CUST-02041,33,Upper Egypt,23,Month-to-month,DSL,134.0,576.99,6,4,1,No,No,5.0,4488.19,Yes,2 Years,0.17,8.333333333333332,22.33,96.16,6923.88,13270.77,1,0.0
CUST-02042,65,Alexandria,20,Month-to-month,4G/5G,254.3,374.7,1,4,0,Yes,No,4.0,3778.3,Yes,2 Years,0.2,0.0,254.3,374.7,4496.4,7494.0,0,4.0
CUST-02043,57,Upper Egypt,13,Month-to-month,Fiber,185.0,545.64,5,3,0,Yes,Yes,4.0,5509.79,No,2 Years,0.23,0.0,37.0,109.13,6547.68,7093.32,1,3.0
CUST-02044,57,Cairo,27,Month-to-month,Fiber,155.6,384.03,2,1,2,No,No,4.0,3870.84,No,3 Years,0.04,16.666666666666664,77.8,192.02,4608.36,10368.81,0,1.0
CUST-02045,32,Giza,30,One year,4G/5G,358.7,542.34,4,1,2,No,No,3.0,6226.95,No,3 Years,0.03,16.666666666666664,89.68,135.58,6508.08,16270.2,1,2.0
CUST-02046,70,Giza,16,Month-to-month,Fiber,443.6,743.84,6,0,4,No,Yes,5.0,6800.73,Yes,2 Years,0.0,33.33333333333333,73.93,123.97,8926.08,11901.44,1,0.0
CUST-02047,42,Giza,42,One year,Fiber,224.9,641.67,6,3,2,Yes,Yes,4.0,7186.98,No,4 Years,0.07,16.666666666666664,37.48,106.94,7700.039999999999,26950.14,1,3.0
CUST-02048,46,Upper Egypt,56,Month-to-month,DSL,94.8,426.68,3,0,0,No,Yes,2.0,3968.93,No,5 Years,0.0,0.0,31.6,142.23,5120.16,23894.08,0,0.0
CUST-02049,57,Cairo,22,Month-to-month,DSL,265.7,268.15,1,2,3,Yes,No,4.0,2835.61,Yes,2 Years,0.09,25.0,265.7,268.15,3217.7999999999997,5899.299999999999,0,2.0
CUST-02050,52,Delta,12,Month-to-month,Fiber,42.3,490.68,6,4,1,Yes,Yes,3.0,5282.45,No,<= Year,0.33,8.333333333333332,7.05,81.78,5888.16,5888.16,1,8.0
CUST-02051,27,Upper Egypt,8,Month-to-month,Fiber,108.5,719.4,6,0,1,Yes,No,3.0,6350.54,No,<= Year,0.0,8.333333333333332,18.08,119.9,8632.8,5755.2,1,0.0
CUST-02052,34,Alexandria,17,One year,4G/5G,267.2,421.58,3,2,2,No,No,4.0,4932.89,Yes,2 Years,0.12,16.666666666666664,89.07,140.53,5058.96,7166.86,0,2.0
CUST-02053,37,Giza,21,Month-to-month,DSL,105.5,320.6,1,3,1,No,Yes,4.0,3680.71,No,2 Years,0.14,8.333333333333332,105.5,320.6,3847.2000000000003,6732.6,0,3.0
CUST-02054,68,Giza,8,Month-to-month,DSL,203.4,495.75,4,2,0,Yes,No,4.0,4915.2,No,<= Year,0.25,0.0,50.85,123.94,5949.0,3966.0,1,2.0
CUST-02055,55,Cairo,17,Month-to-month,4G/5G,96.5,468.64,5,3,0,Yes,Yes,3.0,5033.63,Yes,2 Years,0.18,0.0,19.3,93.73,5623.68,7966.88,0,6.0
CUST-02056,37,Delta,41,Month-to-month,Fiber,235.1,487.01,3,1,2,Yes,Yes,4.0,5368.68,Yes,4 Years,0.02,16.666666666666664,78.37,162.34,5844.12,19967.41,1,1.0
CUST-02057,56,Giza,3,Month-to-month,4G/5G,331.1,365.31,1,2,1,Yes,Yes,2.0,3671.76,Yes,<= Year,0.67,8.333333333333332,331.1,365.31,4383.72,1095.93,0,6.0
CUST-02058,57,Upper Egypt,24,Two year,4G/5G,174.8,451.04,3,2,1,Yes,Yes,3.0,5665.94,No,2 Years,0.08,8.333333333333332,58.27,150.35,5412.4800000000005,10824.960000000001,0,4.0
CUST-02059,38,Alexandria,14,Month-to-month,4G/5G,228.3,464.53,4,2,3,Yes,Yes,3.0,4949.75,No,2 Years,0.14,25.0,57.08,116.13,5574.36,6503.42,0,4.0
CUST-02060,39,Giza,22,Month-to-month,Fiber,156.6,619.79,6,2,0,Yes,Yes,5.0,6190.87,Yes,2 Years,0.09,0.0,26.1,103.3,7437.48,13635.38,1,0.0
CUST-02061,65,Delta,58,Two year,Fiber,162.9,574.85,5,2,0,Yes,No,4.0,7663.72,No,5 Years,0.03,0.0,32.58,114.97,6898.200000000001,33341.3,1,2.0
CUST-02062,47,Giza,21,One year,DSL,155.2,559.57,5,2,2,No,Yes,3.0,6688.62,No,2 Years,0.1,16.666666666666664,31.04,111.91,6714.84,11750.970000000001,1,4.0
CUST-02063,25,Upper Egypt,19,Month-to-month,4G/5G,300.7,456.67,3,3,0,No,No,5.0,4633.74,No,2 Years,0.16,0.0,100.23,152.22,5480.04,8676.73,0,0.0
CUST-02064,56,Cairo,34,One year,4G/5G,102.8,515.4,6,2,0,Yes,Yes,3.0,6122.97,No,3 Years,0.06,0.0,17.13,85.9,6184.799999999999,17523.6,1,4.0
CUST-02065,49,Upper Egypt,27,Two year,Fiber,200.1,396.09,2,3,1,Yes,No,3.0,5050.04,No,3 Years,0.11,8.333333333333332,100.05,198.04,4753.08,10694.429999999998,0,6.0
CUST-02066,44,Delta,24,Month-to-month,DSL,266.9,396.6,2,2,3,Yes,Yes,2.0,3610.9,Yes,2 Years,0.08,25.0,133.45,198.3,4759.200000000001,9518.400000000001,0,6.0
CUST-02067,56,Upper Egypt,28,Month-to-month,Fiber,311.9,591.08,6,1,0,Yes,Yes,3.0,6001.12,No,3 Years,0.04,0.0,51.98,98.51,7092.960000000001,16550.24,1,2.0
CUST-02068,66,Giza,48,Two year,DSL,269.7,663.32,6,1,0,Yes,No,3.0,7870.53,No,4 Years,0.02,0.0,44.95,110.55,7959.84,31839.36,1,2.0
CUST-02069,35,Delta,39,One year,4G/5G,223.5,561.0,5,3,0,Yes,No,3.0,6718.98,No,4 Years,0.08,0.0,44.7,112.2,6732.0,21879.0,1,6.0
CUST-02070,40,Cairo,18,Two year,4G/5G,178.8,566.77,5,7,2,Yes,Yes,4.0,6489.07,No,2 Years,0.39,16.666666666666664,35.76,113.35,6801.24,10201.86,1,7.0
CUST-02071,28,Delta,56,Month-to-month,Fiber,313.3,701.1,6,1,1,No,Yes,2.0,6719.34,No,5 Years,0.02,8.333333333333332,52.22,116.85,8413.2,39261.6,1,3.0
CUST-02072,52,Cairo,15,Two year,4G/5G,151.9,276.04,1,0,1,No,No,3.0,3812.08,No,2 Years,0.0,8.333333333333332,151.9,276.04,3312.4800000000005,4140.6,0,0.0
CUST-02073,39,Cairo,24,Month-to-month,Fiber,153.3,513.73,5,2,1,Yes,No,2.0,4841.19,Yes,2 Years,0.08,8.333333333333332,30.66,102.75,6164.76,12329.52,1,6.0
CUST-02074,36,Giza,25,One year,DSL,351.7,425.13,3,3,2,Yes,No,3.0,5276.79,No,3 Years,0.12,16.666666666666664,117.23,141.71,5101.5599999999995,10628.25,0,6.0
CUST-02075,54,Giza,17,Two year,DSL,262.4,401.89,4,4,1,Yes,Yes,3.0,5397.01,No,2 Years,0.24,8.333333333333332,65.6,100.47,4822.68,6832.13,0,8.0
CUST-02076,39,Giza,52,Month-to-month,DSL,265.6,395.08,2,0,0,Yes,Yes,5.0,3387.75,No,5 Years,0.0,0.0,132.8,197.54,4740.96,20544.16,0,0.0
CUST-02077,42,Delta,17,Month-to-month,4G/5G,283.9,463.92,3,1,1,Yes,No,5.0,5266.36,No,2 Years,0.06,8.333333333333332,94.63,154.64,5567.04,7886.64,0,0.0
CUST-02078,41,Cairo,20,One year,DSL,221.5,274.77,2,2,1,Yes,Yes,5.0,3611.75,No,2 Years,0.1,8.333333333333332,110.75,137.38,3297.24,5495.4,0,0.0
CUST-02079,31,Delta,43,Two year,Fiber,100.6,464.32,4,2,0,Yes,Yes,2.0,5913.6,No,4 Years,0.05,0.0,25.15,116.08,5571.84,19965.76,0,6.0
CUST-02080,24,Cairo,15,Month-to-month,Fiber,252.6,701.86,6,1,2,No,No,3.0,6472.98,No,2 Years,0.07,16.666666666666664,42.1,116.98,8422.32,10527.9,1,2.0
CUST-02081,61,Delta,7,Two year,DSL,228.4,377.89,1,2,1,No,Yes,2.0,3873.0,No,<= Year,0.29,8.333333333333332,228.4,377.89,4534.68,2645.23,0,6.0
CUST-02082,22,Delta,24,Month-to-month,DSL,152.7,482.41,6,2,0,Yes,Yes,5.0,5133.33,No,2 Years,0.08,0.0,25.45,80.4,5788.92,11577.84,0,0.0
CUST-02083,35,Giza,9,Month-to-month,DSL,132.0,554.03,4,2,1,No,No,4.0,5743.77,No,<= Year,0.22,8.333333333333332,33.0,138.51,6648.36,4986.2699999999995,1,2.0
CUST-02084,53,Delta,9,Month-to-month,Fiber,225.8,328.04,1,3,1,No,No,2.0,2869.46,Yes,<= Year,0.33,8.333333333333332,225.8,328.04,3936.4800000000005,2952.36,0,9.0
CUST-02085,24,Upper Egypt,3,Two year,Fiber,107.8,407.2,4,4,0,No,No,4.0,5009.64,No,<= Year,1.33,0.0,26.95,101.8,4886.4,1221.6,0,4.0
CUST-02086,52,Delta,3,Month-to-month,4G/5G,217.1,434.16,1,3,1,Yes,Yes,2.0,4201.93,Yes,<= Year,1.0,8.333333333333332,217.1,434.16,5209.92,1302.48,0,9.0
CUST-02087,56,Giza,3,One year,DSL,206.2,461.12,5,0,1,Yes,No,3.0,5894.08,Yes,<= Year,0.0,8.333333333333332,41.24,92.22,5533.4400000000005,1383.3600000000001,0,0.0
CUST-02088,53,Giza,61,Month-to-month,DSL,219.3,442.14,2,2,1,No,No,3.0,5074.26,No,6 Years,0.03,8.333333333333332,109.65,221.07,5305.68,26970.54,0,4.0
CUST-02089,34,Delta,3,Two year,Fiber,266.2,359.6,1,0,0,No,Yes,4.0,5195.84,No,<= Year,0.0,0.0,266.2,359.6,4315.200000000001,1078.8000000000002,0,0.0
CUST-02090,19,Cairo,9,One year,Fiber,286.0,662.55,6,0,0,Yes,Yes,5.0,8827.62,No,<= Year,0.0,0.0,47.67,110.42,7950.599999999999,5962.95,1,0.0
CUST-02091,65,Delta,20,Month-to-month,Fiber,166.0,451.29,4,3,1,No,No,4.0,4959.99,No,2 Years,0.15,8.333333333333332,41.5,112.82,5415.4800000000005,9025.800000000001,0,3.0
CUST-02092,35,Giza,33,Month-to-month,Fiber,228.7,647.41,4,1,1,Yes,Yes,3.0,6885.22,No,3 Years,0.03,8.333333333333332,57.18,161.85,7768.92,21364.53,1,2.0
CUST-02093,60,Delta,36,Month-to-month,DSL,210.3,582.6,5,1,1,Yes,Yes,4.0,5652.34,No,3 Years,0.03,8.333333333333332,42.06,116.52,6991.200000000001,20973.600000000002,1,1.0
CUST-02094,28,Cairo,12,Month-to-month,Fiber,387.8,571.04,4,1,0,No,No,5.0,5648.89,No,<= Year,0.08,0.0,96.95,142.76,6852.48,6852.48,1,0.0
CUST-02095,26,Cairo,23,One year,Fiber,177.3,578.26,5,3,1,No,No,3.0,7288.38,Yes,2 Years,0.13,8.333333333333332,35.46,115.65,6939.12,13299.98,1,6.0
CUST-02096,59,Upper Egypt,20,One year,4G/5G,85.0,488.71,4,0,0,Yes,Yes,4.0,5491.15,No,2 Years,0.0,0.0,21.25,122.18,5864.5199999999995,9774.199999999999,1,0.0
CUST-02097,67,Upper Egypt,22,Month-to-month,Fiber,305.0,384.98,1,2,1,No,No,5.0,4204.14,Yes,2 Years,0.09,8.333333333333332,305.0,384.98,4619.76,8469.560000000001,0,0.0
CUST-02098,63,Upper Egypt,24,One year,DSL,268.3,671.99,6,1,3,Yes,No,2.0,7286.46,Yes,2 Years,0.04,25.0,44.72,112.0,8063.88,16127.76,1,3.0
CUST-02099,57,Upper Egypt,29,Month-to-month,Fiber,338.1,692.67,6,2,1,Yes,No,4.0,7001.1,No,3 Years,0.07,8.333333333333332,56.35,115.44,8312.039999999999,20087.43,1,2.0
CUST-02100,31,Giza,14,Month-to-month,Fiber,257.9,419.42,2,1,1,Yes,No,4.0,4336.31,Yes,2 Years,0.07,8.333333333333332,128.95,209.71,5033.04,5871.88,0,1.0
CUST-02101,66,Cairo,47,Month-to-month,Fiber,440.6,540.37,4,3,0,Yes,Yes,5.0,5766.23,No,4 Years,0.06,0.0,110.15,135.09,6484.4400000000005,25397.39,1,0.0
CUST-02102,53,Cairo,17,Month-to-month,4G/5G,213.0,264.79,1,1,0,Yes,No,4.0,2875.42,No,2 Years,0.06,0.0,213.0,264.79,3177.4800000000005,4501.43,0,1.0
CUST-02103,27,Giza,72,One year,DSL,324.2,430.55,2,2,1,Yes,Yes,5.0,5756.29,No,6 Years,0.03,8.333333333333332,162.1,215.28,5166.6,30999.600000000002,0,0.0
CUST-02104,24,Cairo,15,Month-to-month,DSL,182.7,467.38,4,2,1,Yes,Yes,3.0,4901.43,No,2 Years,0.13,8.333333333333332,45.68,116.84,5608.5599999999995,7010.7,0,4.0
CUST-02105,64,Upper Egypt,24,One year,4G/5G,274.3,514.08,3,3,1,Yes,Yes,4.0,5509.35,No,2 Years,0.12,8.333333333333332,91.43,171.36,6168.960000000001,12337.920000000002,1,3.0
CUST-02106,32,Cairo,20,Month-to-month,Fiber,291.0,649.63,6,3,0,Yes,No,4.0,6480.14,No,2 Years,0.15,0.0,48.5,108.27,7795.5599999999995,12992.6,1,3.0
CUST-02107,58,Cairo,23,One year,DSL,304.9,245.6,1,3,1,Yes,Yes,3.0,2837.25,No,2 Years,0.13,8.333333333333332,304.9,245.6,2947.2,5648.8,0,6.0
CUST-02108,25,Cairo,44,Month-to-month,Fiber,299.9,601.65,5,3,2,Yes,Yes,4.0,6058.83,No,4 Years,0.07,16.666666666666664,59.98,120.33,7219.799999999999,26472.6,1,3.0
CUST-02109,32,Cairo,19,Month-to-month,Fiber,10.0,575.89,4,1,0,Yes,Yes,3.0,5538.04,No,2 Years,0.05,0.0,2.5,143.97,6910.68,10941.91,1,2.0
CUST-02110,33,Cairo,8,Month-to-month,4G/5G,223.8,561.99,6,1,0,Yes,No,3.0,6113.98,Yes,<= Year,0.12,0.0,37.3,93.66,6743.88,4495.92,1,2.0
CUST-02111,32,Alexandria,14,Month-to-month,Fiber,178.2,580.73,5,1,1,No,Yes,2.0,5534.89,No,2 Years,0.07,8.333333333333332,35.64,116.15,6968.76,8130.22,1,3.0
CUST-02112,53,Giza,19,Month-to-month,4G/5G,196.0,471.73,6,3,1,Yes,No,3.0,5094.34,No,2 Years,0.16,8.333333333333332,32.67,78.62,5660.76,8962.87,0,6.0
CUST-02113,66,Alexandria,25,Month-to-month,DSL,204.5,489.11,5,1,1,Yes,No,5.0,4574.63,No,3 Years,0.04,8.333333333333332,40.9,97.82,5869.32,12227.75,1,0.0
CUST-02114,66,Upper Egypt,12,One year,Fiber,318.0,448.06,2,2,2,Yes,Yes,4.0,5107.82,No,<= Year,0.17,16.666666666666664,159.0,224.03,5376.72,5376.72,0,2.0
CUST-02115,57,Alexandria,13,Month-to-month,Fiber,248.2,517.58,3,2,0,Yes,No,4.0,4952.93,No,2 Years,0.15,0.0,82.73,172.53,6210.960000000001,6728.540000000001,1,2.0
CUST-02116,28,Delta,26,One year,DSL,184.3,492.56,5,1,1,Yes,Yes,2.0,5923.18,No,3 Years,0.04,8.333333333333332,36.86,98.51,5910.72,12806.56,1,3.0
CUST-02117,68,Giza,26,One year,DSL,97.9,448.66,6,0,1,No,No,4.0,4877.68,No,3 Years,0.0,8.333333333333332,16.32,74.78,5383.92,11665.16,0,0.0
CUST-02118,46,Cairo,40,Month-to-month,Fiber,368.0,673.32,6,1,1,Yes,Yes,3.0,5873.26,No,4 Years,0.02,8.333333333333332,61.33,112.22,8079.84,26932.800000000003,1,2.0
CUST-02119,46,Giza,14,One year,DSL,171.7,439.04,4,2,4,No,No,4.0,4660.89,No,2 Years,0.14,33.33333333333333,42.92,109.76,5268.4800000000005,6146.56,0,2.0
CUST-02120,55,Upper Egypt,31,Month-to-month,Fiber,218.2,323.14,1,1,1,No,No,5.0,3732.09,No,3 Years,0.03,8.333333333333332,218.2,323.14,3877.68,10017.34,0,0.0
CUST-02121,58,Alexandria,20,One year,4G/5G,422.5,478.75,3,4,0,No,Yes,3.0,5375.94,No,2 Years,0.2,0.0,140.83,159.58,5745.0,9575.0,0,8.0
CUST-02122,68,Cairo,15,One year,Fiber,174.2,581.48,4,5,3,No,No,3.0,6693.57,No,2 Years,0.33,25.0,43.55,145.37,6977.76,8722.2,1,10.0
CUST-02123,48,Giza,20,One year,DSL,205.2,483.6,5,1,3,Yes,Yes,4.0,5283.75,No,2 Years,0.05,25.0,41.04,96.72,5803.200000000001,9672.0,0,1.0
CUST-02124,50,Delta,22,Month-to-month,4G/5G,250.9,429.54,2,1,1,Yes,No,3.0,3481.7,No,2 Years,0.05,8.333333333333332,125.45,214.77,5154.4800000000005,9449.880000000001,0,2.0
CUST-02125,57,Alexandria,7,One year,DSL,85.5,352.74,3,3,4,Yes,Yes,4.0,4317.33,No,<= Year,0.43,33.33333333333333,28.5,117.58,4232.88,2469.1800000000003,0,3.0
CUST-02126,31,Alexandria,8,Month-to-month,4G/5G,75.0,435.87,5,3,2,Yes,Yes,1.0,4291.92,Yes,<= Year,0.38,16.666666666666664,15.0,87.17,5230.4400000000005,3486.96,0,12.0
CUST-02127,34,Upper Egypt,34,Month-to-month,4G/5G,186.7,582.62,6,3,3,Yes,No,3.0,5545.36,No,3 Years,0.09,25.0,31.12,97.1,6991.4400000000005,19809.08,1,6.0
CUST-02128,51,Alexandria,16,Month-to-month,Fiber,189.8,438.12,2,6,0,No,Yes,5.0,4600.07,No,2 Years,0.38,0.0,94.9,219.06,5257.4400000000005,7009.92,0,0.0
CUST-02129,21,Alexandria,25,Month-to-month,Fiber,228.7,537.51,2,0,4,No,No,4.0,4982.74,Yes,3 Years,0.0,33.33333333333333,114.35,268.76,6450.12,13437.75,1,0.0
CUST-02130,34,Cairo,33,One year,DSL,142.0,341.48,3,6,1,No,No,4.0,3772.23,No,3 Years,0.18,8.333333333333332,47.33,113.83,4097.76,11268.84,0,6.0
CUST-02131,56,Cairo,20,Two year,Fiber,269.1,557.55,4,1,1,Yes,No,5.0,7945.97,No,2 Years,0.05,8.333333333333332,67.28,139.39,6690.599999999999,11151.0,1,0.0
CUST-02132,69,Upper Egypt,32,Month-to-month,DSL,35.9,503.64,5,3,1,No,Yes,5.0,5128.79,No,3 Years,0.09,8.333333333333332,7.18,100.73,6043.68,16116.48,1,0.0
CUST-02133,45,Alexandria,22,One year,Fiber,223.7,669.32,5,2,2,No,No,3.0,7862.72,No,2 Years,0.09,16.666666666666664,44.74,133.86,8031.84,14725.04,1,4.0
CUST-02134,39,Giza,23,One year,4G/5G,262.4,484.03,4,4,2,No,No,4.0,5470.36,No,2 Years,0.17,16.666666666666664,65.6,121.01,5808.36,11132.689999999999,0,4.0
CUST-02135,41,Alexandria,46,Two year,DSL,259.6,585.06,6,1,2,Yes,No,5.0,7930.89,No,4 Years,0.02,16.666666666666664,43.27,97.51,7020.719999999999,26912.76,1,0.0
CUST-02136,54,Cairo,19,One year,DSL,215.4,363.03,1,2,3,Yes,Yes,4.0,4645.32,Yes,2 Years,0.11,25.0,215.4,363.03,4356.36,6897.57,0,2.0
CUST-02137,46,Delta,34,Month-to-month,Fiber,170.6,552.95,4,1,1,Yes,Yes,2.0,5480.56,No,3 Years,0.03,8.333333333333332,42.65,138.24,6635.400000000001,18800.300000000003,1,3.0
CUST-02138,19,Cairo,6,Month-to-month,4G/5G,212.7,447.68,2,0,1,Yes,Yes,3.0,4522.52,No,<= Year,0.0,8.333333333333332,106.35,223.84,5372.16,2686.08,0,0.0
CUST-02139,46,Delta,25,One year,DSL,341.1,579.03,4,1,0,Yes,No,4.0,7371.56,No,3 Years,0.04,0.0,85.28,144.76,6948.36,14475.75,1,1.0
CUST-02140,39,Alexandria,53,Month-to-month,4G/5G,176.0,627.35,6,4,0,Yes,Yes,2.0,6615.33,No,5 Years,0.08,0.0,29.33,104.56,7528.200000000001,33249.55,1,12.0
CUST-02141,55,Cairo,72,Two year,4G/5G,318.0,658.75,6,0,3,Yes,Yes,3.0,8991.02,No,6 Years,0.0,25.0,53.0,109.79,7905.0,47430.0,1,0.0
CUST-02142,64,Cairo,7,Two year,Fiber,332.4,659.39,6,2,2,Yes,Yes,3.0,8448.58,No,<= Year,0.29,16.666666666666664,55.4,109.9,7912.68,4615.73,1,4.0
CUST-02143,69,Delta,16,Two year,Fiber,73.8,419.6,3,2,2,Yes,Yes,4.0,5580.76,No,2 Years,0.12,16.666666666666664,24.6,139.87,5035.200000000001,6713.6,0,2.0
CUST-02144,50,Cairo,10,Month-to-month,Fiber,218.5,588.23,5,1,1,No,No,5.0,5963.59,No,<= Year,0.1,8.333333333333332,43.7,117.65,7058.76,5882.3,1,0.0
CUST-02145,37,Cairo,19,One year,DSL,142.0,449.91,3,1,0,Yes,No,4.0,5879.08,No,2 Years,0.05,0.0,47.33,149.97,5398.92,8548.29,0,1.0
CUST-02146,41,Delta,38,One year,DSL,94.8,265.74,1,2,1,Yes,No,2.0,3053.22,No,4 Years,0.05,8.333333333333332,94.8,265.74,3188.88,10098.12,0,6.0
CUST-02147,27,Giza,47,Month-to-month,Fiber,301.3,474.71,2,1,1,Yes,Yes,5.0,5217.01,No,4 Years,0.02,8.333333333333332,150.65,237.36,5696.5199999999995,22311.37,0,0.0
CUST-02148,67,Giza,48,Month-to-month,4G/5G,272.6,523.92,5,2,0,Yes,Yes,3.0,6417.7,No,4 Years,0.04,0.0,54.52,104.78,6287.039999999999,25148.159999999996,1,4.0
CUST-02149,62,Cairo,6,Month-to-month,Fiber,253.7,457.66,1,2,0,Yes,Yes,2.0,4635.2,No,<= Year,0.33,0.0,253.7,457.66,5491.92,2745.96,0,6.0
CUST-02150,63,Delta,22,Month-to-month,4G/5G,132.3,428.07,4,3,1,Yes,No,2.0,3638.04,No,2 Years,0.14,8.333333333333332,33.08,107.02,5136.84,9417.539999999999,0,9.0
CUST-02151,35,Cairo,13,Two year,DSL,248.9,408.94,3,3,1,Yes,No,2.0,5097.98,No,2 Years,0.23,8.333333333333332,82.97,136.31,4907.28,5316.22,0,9.0
CUST-02152,35,Cairo,19,Two year,Fiber,112.1,519.6,3,1,1,Yes,Yes,2.0,6918.96,No,2 Years,0.05,8.333333333333332,37.37,173.2,6235.200000000001,9872.4,1,3.0
CUST-02153,63,Cairo,15,Month-to-month,Fiber,228.7,653.81,5,2,1,Yes,Yes,4.0,6112.86,No,2 Years,0.13,8.333333333333332,45.74,130.76,7845.719999999999,9807.15,1,2.0
CUST-02154,46,Cairo,6,Month-to-month,DSL,170.5,293.04,2,5,2,Yes,No,1.0,2212.77,No,<= Year,0.83,16.666666666666664,85.25,146.52,3516.4800000000005,1758.2400000000002,0,20.0
CUST-02155,55,Cairo,47,Month-to-month,4G/5G,324.6,374.0,2,3,1,No,Yes,5.0,3414.99,No,4 Years,0.06,8.333333333333332,162.3,187.0,4488.0,17578.0,0,0.0
CUST-02156,43,Cairo,12,Month-to-month,Fiber,197.3,358.78,1,2,2,Yes,Yes,4.0,3444.41,No,<= Year,0.17,16.666666666666664,197.3,358.78,4305.36,4305.36,0,2.0
CUST-02157,41,Cairo,14,Month-to-month,DSL,250.8,283.61,1,2,0,Yes,Yes,3.0,3689.82,No,2 Years,0.14,0.0,250.8,283.61,3403.32,3970.54,0,4.0
CUST-02158,51,Giza,54,One year,DSL,251.0,234.67,1,1,3,No,Yes,4.0,2698.08,No,5 Years,0.02,25.0,251.0,234.67,2816.04,12672.179999999998,0,1.0
CUST-02159,61,Upper Egypt,5,One year,Fiber,223.2,338.38,1,0,3,No,Yes,2.0,4096.01,No,<= Year,0.0,25.0,223.2,338.38,4060.56,1691.9,0,0.0
CUST-02160,35,Cairo,29,Two year,DSL,239.5,324.86,4,1,0,Yes,No,3.0,4313.68,No,3 Years,0.03,0.0,59.88,81.22,3898.32,9420.94,0,2.0
CUST-02161,60,Cairo,42,Two year,Fiber,257.3,497.51,2,3,0,No,No,4.0,6564.63,No,4 Years,0.07,0.0,128.65,248.76,5970.12,20895.42,1,3.0
CUST-02162,30,Upper Egypt,51,Month-to-month,4G/5G,149.3,468.0,3,2,1,Yes,Yes,3.0,5008.11,No,5 Years,0.04,8.333333333333332,49.77,156.0,5616.0,23868.0,0,4.0
CUST-02163,39,Upper Egypt,28,One year,DSL,266.3,618.71,5,3,0,Yes,No,3.0,6668.92,No,3 Years,0.11,0.0,53.26,123.74,7424.52,17323.88,1,6.0
CUST-02164,66,Alexandria,35,Month-to-month,Fiber,307.7,596.37,4,2,0,No,Yes,3.0,6748.26,Yes,3 Years,0.06,0.0,76.92,149.09,7156.4400000000005,20872.95,1,4.0
CUST-02165,68,Cairo,42,Month-to-month,4G/5G,265.8,331.33,1,2,1,No,Yes,5.0,3853.07,No,4 Years,0.05,8.333333333333332,265.8,331.33,3975.96,13915.859999999999,0,0.0
CUST-02166,66,Giza,20,Month-to-month,Fiber,198.1,591.57,4,2,1,Yes,Yes,5.0,6410.27,Yes,2 Years,0.1,8.333333333333332,49.52,147.89,7098.84,11831.400000000001,1,0.0
CUST-02167,34,Cairo,10,Month-to-month,4G/5G,245.7,474.78,4,0,3,Yes,Yes,4.0,4397.93,No,<= Year,0.0,25.0,61.42,118.7,5697.36,4747.799999999999,0,0.0
CUST-02168,62,Cairo,56,Month-to-month,DSL,197.3,387.0,4,4,0,Yes,No,3.0,4365.7,No,5 Years,0.07,0.0,49.32,96.75,4644.0,21672.0,0,8.0
CUST-02169,67,Giza,32,Month-to-month,Fiber,219.3,645.24,6,3,0,No,Yes,4.0,6939.22,No,3 Years,0.09,0.0,36.55,107.54,7742.88,20647.68,1,3.0
CUST-02170,69,Alexandria,22,Month-to-month,DSL,123.1,454.39,4,4,1,Yes,Yes,3.0,4462.26,No,2 Years,0.18,8.333333333333332,30.78,113.6,5452.68,9996.58,0,8.0
CUST-02171,19,Giza,7,Two year,Fiber,354.2,604.94,5,4,1,No,No,5.0,7491.72,No,<= Year,0.57,8.333333333333332,70.84,120.99,7259.280000000001,4234.58,1,0.0
CUST-02172,57,Alexandria,2,Month-to-month,4G/5G,404.2,515.98,4,1,1,Yes,Yes,4.0,4635.17,Yes,<= Year,0.5,8.333333333333332,101.05,129.0,6191.76,1031.96,1,1.0
CUST-02173,70,Cairo,28,Month-to-month,4G/5G,166.6,460.4,4,5,2,No,Yes,5.0,4459.07,No,3 Years,0.18,16.666666666666664,41.65,115.1,5524.799999999999,12891.199999999999,0,0.0
CUST-02174,58,Giza,2,Two year,DSL,300.8,356.94,1,1,3,No,Yes,3.0,4506.78,No,<= Year,0.5,25.0,300.8,356.94,4283.28,713.88,0,2.0
CUST-02175,30,Delta,22,One year,DSL,361.2,624.26,6,1,0,Yes,Yes,3.0,7318.39,No,2 Years,0.05,0.0,60.2,104.04,7491.12,13733.72,1,2.0
CUST-02176,58,Upper Egypt,12,Month-to-month,DSL,143.8,419.66,1,3,3,Yes,Yes,4.0,3787.75,No,<= Year,0.25,25.0,143.8,419.66,5035.92,5035.92,0,3.0
CUST-02177,23,Giza,15,Two year,Fiber,35.7,576.1,6,4,2,Yes,No,3.0,7609.81,No,2 Years,0.27,16.666666666666664,5.95,96.02,6913.200000000001,8641.5,1,8.0
CUST-02178,43,Alexandria,48,Month-to-month,Fiber,366.5,640.56,4,2,1,Yes,Yes,5.0,6328.16,No,4 Years,0.04,8.333333333333332,91.62,160.14,7686.719999999999,30746.879999999997,1,0.0
CUST-02179,51,Cairo,12,Month-to-month,4G/5G,229.1,372.37,3,5,1,Yes,Yes,5.0,3576.42,Yes,<= Year,0.42,8.333333333333332,76.37,124.12,4468.4400000000005,4468.4400000000005,0,0.0
CUST-02180,42,Cairo,23,Month-to-month,Fiber,183.2,506.91,3,1,3,No,No,5.0,5382.42,No,2 Years,0.04,25.0,61.07,168.97,6082.92,11658.93,1,0.0
CUST-02181,55,Delta,12,Month-to-month,Fiber,234.3,358.59,1,2,0,Yes,Yes,4.0,3984.15,No,<= Year,0.17,0.0,234.3,358.59,4303.08,4303.08,0,2.0
CUST-02182,30,Cairo,27,One year,Fiber,196.8,479.27,3,2,1,Yes,Yes,4.0,5209.91,No,3 Years,0.07,8.333333333333332,65.6,159.76,5751.24,12940.289999999999,0,2.0
CUST-02183,50,Giza,24,Month-to-month,Fiber,496.4,536.39,1,4,1,Yes,Yes,3.0,4681.71,No,2 Years,0.17,8.333333333333332,496.4,536.39,6436.68,12873.36,1,8.0
CUST-02184,52,Giza,22,One year,4G/5G,182.2,413.78,3,2,1,Yes,Yes,4.0,4498.9,No,2 Years,0.09,8.333333333333332,60.73,137.93,4965.36,9103.16,0,2.0
CUST-02185,51,Cairo,42,One year,Fiber,259.5,321.65,1,2,1,Yes,Yes,3.0,3964.47,No,4 Years,0.05,8.333333333333332,259.5,321.65,3859.7999999999997,13509.3,0,4.0
CUST-02186,33,Cairo,5,Two year,Fiber,346.3,363.23,1,3,1,No,Yes,3.0,5228.4,No,<= Year,0.6,8.333333333333332,346.3,363.23,4358.76,1816.15,0,6.0
CUST-02187,34,Giza,4,Month-to-month,4G/5G,345.9,615.94,5,2,3,No,Yes,5.0,6536.51,No,<= Year,0.5,25.0,69.18,123.19,7391.280000000001,2463.76,1,0.0
CUST-02188,31,Upper Egypt,8,Month-to-month,Fiber,328.6,481.41,2,1,2,Yes,Yes,2.0,4843.71,No,<= Year,0.12,16.666666666666664,164.3,240.7,5776.92,3851.28,0,3.0
CUST-02189,42,Alexandria,24,Two year,4G/5G,191.7,442.08,3,1,0,No,No,3.0,6737.98,No,2 Years,0.04,0.0,63.9,147.36,5304.96,10609.92,0,2.0
CUST-02190,49,Giza,30,One year,4G/5G,216.3,431.49,4,1,2,Yes,Yes,4.0,5227.99,No,3 Years,0.03,16.666666666666664,54.08,107.87,5177.88,12944.7,0,1.0
CUST-02191,37,Cairo,1,Month-to-month,4G/5G,34.3,544.48,4,3,1,No,Yes,4.0,5820.42,Yes,,3.0,8.333333333333332,8.57,136.12,6533.76,544.48,1,3.0
CUST-02192,39,Alexandria,30,Month-to-month,Fiber,223.3,625.4,4,2,0,Yes,Yes,2.0,5906.7,No,3 Years,0.07,0.0,55.82,156.35,7504.799999999999,18762.0,1,6.0
CUST-02193,33,Cairo,17,One year,DSL,233.0,425.69,3,0,2,Yes,Yes,3.0,4226.53,No,2 Years,0.0,16.666666666666664,77.67,141.9,5108.28,7236.73,0,0.0
CUST-02194,29,Alexandria,57,One year,4G/5G,296.8,449.1,4,3,1,No,Yes,3.0,5352.01,No,5 Years,0.05,8.333333333333332,74.2,112.28,5389.200000000001,25598.7,0,6.0
CUST-02195,52,Delta,28,One year,Fiber,391.6,695.95,4,3,0,Yes,Yes,1.0,8014.01,No,3 Years,0.11,0.0,97.9,173.99,8351.400000000001,19486.600000000002,1,12.0
CUST-02196,61,Giza,53,Two year,4G/5G,294.0,429.25,1,3,1,No,Yes,5.0,7085.26,No,5 Years,0.06,8.333333333333332,294.0,429.25,5151.0,22750.25,0,0.0
CUST-02197,33,Cairo,47,Month-to-month,Fiber,326.4,699.67,6,5,3,No,No,2.0,6643.72,No,4 Years,0.11,25.0,54.4,116.61,8396.039999999999,32884.49,1,15.0
CUST-02198,63,Cairo,17,Month-to-month,4G/5G,228.4,627.73,5,3,0,Yes,No,2.0,5662.58,No,2 Years,0.18,0.0,45.68,125.55,7532.76,10671.41,1,9.0
CUST-02199,48,Cairo,38,One year,DSL,345.6,434.14,3,2,1,Yes,Yes,4.0,5741.14,No,4 Years,0.05,8.333333333333332,115.2,144.71,5209.68,16497.32,0,2.0
CUST-02200,26,Giza,17,Two year,Fiber,231.0,439.97,3,2,0,Yes,No,3.0,5473.97,No,2 Years,0.12,0.0,77.0,146.66,5279.64,7479.490000000001,0,4.0
CUST-02201,37,Upper Egypt,62,Month-to-month,DSL,332.7,575.06,5,2,1,Yes,Yes,3.0,5897.19,No,6 Years,0.03,8.333333333333332,66.54,115.01,6900.719999999999,35653.719999999994,1,4.0
CUST-02202,18,Cairo,18,One year,Fiber,302.4,489.51,4,1,0,Yes,No,3.0,6246.49,No,2 Years,0.06,0.0,75.6,122.38,5874.12,8811.18,1,2.0
CUST-02203,20,Alexandria,31,Month-to-month,Fiber,265.3,554.77,5,0,2,Yes,No,5.0,5128.45,No,3 Years,0.0,16.666666666666664,53.06,110.95,6657.24,17197.87,1,0.0
CUST-02204,35,Delta,69,Month-to-month,4G/5G,91.3,429.62,3,0,1,Yes,No,3.0,5189.1,No,6 Years,0.0,8.333333333333332,30.43,143.21,5155.4400000000005,29643.78,0,0.0
CUST-02205,42,Cairo,32,Two year,Fiber,328.4,542.99,3,0,1,Yes,Yes,4.0,7663.6,No,3 Years,0.0,8.333333333333332,109.47,181.0,6515.88,17375.68,1,0.0
CUST-02206,60,Cairo,15,Month-to-month,4G/5G,264.0,389.34,3,1,2,Yes,No,2.0,3838.21,Yes,2 Years,0.07,16.666666666666664,88.0,129.78,4672.08,5840.099999999999,0,3.0
CUST-02207,25,Giza,7,Month-to-month,Fiber,293.2,438.93,2,1,0,Yes,Yes,4.0,5251.67,No,<= Year,0.14,0.0,146.6,219.46,5267.16,3072.51,0,1.0
CUST-02208,62,Alexandria,5,One year,DSL,258.2,464.53,5,1,1,Yes,No,4.0,5312.88,No,<= Year,0.2,8.333333333333332,51.64,92.91,5574.36,2322.6499999999996,0,1.0
CUST-02209,30,Giza,30,Month-to-month,4G/5G,273.7,552.15,5,3,0,No,Yes,5.0,6075.48,No,3 Years,0.1,0.0,54.74,110.43,6625.799999999999,16564.5,1,0.0
CUST-02210,25,Delta,20,Month-to-month,DSL,347.1,319.0,1,2,1,Yes,Yes,2.0,3271.3,No,2 Years,0.1,8.333333333333332,347.1,319.0,3828.0,6380.0,0,6.0
CUST-02211,55,Upper Egypt,8,One year,4G/5G,187.3,380.76,1,0,1,Yes,Yes,4.0,4187.99,No,<= Year,0.0,8.333333333333332,187.3,380.76,4569.12,3046.08,0,0.0
CUST-02212,59,Delta,35,Month-to-month,4G/5G,272.1,349.77,1,1,4,No,Yes,5.0,3175.34,No,3 Years,0.03,33.33333333333333,272.1,349.77,4197.24,12241.949999999999,0,0.0
CUST-02213,50,Upper Egypt,35,One year,DSL,160.0,322.43,2,1,4,Yes,Yes,4.0,4646.02,No,3 Years,0.03,33.33333333333333,80.0,161.22,3869.16,11285.050000000001,0,1.0
CUST-02214,24,Delta,20,Month-to-month,4G/5G,281.9,340.54,1,3,2,Yes,Yes,3.0,3804.13,No,2 Years,0.15,16.666666666666664,281.9,340.54,4086.4800000000005,6810.8,0,6.0
CUST-02215,24,Delta,55,Month-to-month,Fiber,252.6,461.36,4,1,0,Yes,Yes,4.0,5313.61,No,5 Years,0.02,0.0,63.15,115.34,5536.32,25374.8,0,1.0
CUST-02216,38,Delta,4,One year,Fiber,173.2,630.4,6,1,0,Yes,Yes,4.0,7169.49,No,<= Year,0.25,0.0,28.87,105.07,7564.799999999999,2521.6,1,1.0
CUST-02217,41,Delta,16,Month-to-month,Fiber,238.4,632.16,5,2,1,No,Yes,3.0,6455.58,No,2 Years,0.12,8.333333333333332,47.68,126.43,7585.92,10114.56,1,4.0
CUST-02218,70,Delta,32,Two year,4G/5G,178.8,610.69,6,2,0,Yes,Yes,4.0,7935.77,No,3 Years,0.06,0.0,29.8,101.78,7328.280000000001,19542.08,1,2.0
CUST-02219,33,Upper Egypt,9,Two year,DSL,196.0,332.57,1,0,1,Yes,No,4.0,5179.54,No,<= Year,0.0,8.333333333333332,196.0,332.57,3990.84,2993.13,0,0.0
CUST-02220,28,Giza,38,Two year,DSL,261.9,580.31,5,2,0,Yes,Yes,2.0,8138.02,No,4 Years,0.05,0.0,52.38,116.06,6963.719999999999,22051.78,1,6.0
CUST-02221,68,Alexandria,45,Month-to-month,4G/5G,254.2,692.47,5,0,2,Yes,No,3.0,7160.25,No,4 Years,0.0,16.666666666666664,50.84,138.49,8309.64,31161.15,1,0.0
CUST-02222,26,Giza,1,Month-to-month,Fiber,57.2,364.64,3,2,1,Yes,Yes,3.0,3926.02,Yes,,2.0,8.333333333333332,19.07,121.55,4375.68,364.64,0,4.0
CUST-02223,19,Delta,56,Two year,4G/5G,263.3,587.98,5,2,2,Yes,Yes,3.0,7618.49,No,5 Years,0.04,16.666666666666664,52.66,117.6,7055.76,32926.880000000005,1,4.0
CUST-02224,40,Giza,30,Month-to-month,Fiber,202.7,391.1,1,3,0,Yes,Yes,4.0,4349.92,No,3 Years,0.1,0.0,202.7,391.1,4693.200000000001,11733.0,0,3.0
CUST-02225,39,Delta,14,One year,Fiber,192.7,515.64,4,0,4,Yes,Yes,4.0,6500.04,No,2 Years,0.0,33.33333333333333,48.18,128.91,6187.68,7218.96,1,0.0
CUST-02226,50,Delta,6,Two year,DSL,128.6,454.06,5,4,1,Yes,No,3.0,6046.72,No,<= Year,0.67,8.333333333333332,25.72,90.81,5448.72,2724.36,0,8.0
CUST-02227,64,Upper Egypt,41,Month-to-month,Fiber,225.9,518.28,3,0,0,No,Yes,5.0,5077.78,No,4 Years,0.0,0.0,75.3,172.76,6219.36,21249.48,1,0.0
CUST-02228,67,Cairo,8,Month-to-month,DSL,182.9,366.67,2,1,0,Yes,Yes,4.0,4356.72,No,<= Year,0.12,0.0,91.45,183.34,4400.04,2933.36,0,1.0
CUST-02229,33,Delta,30,One year,4G/5G,344.6,328.04,1,1,0,No,No,5.0,3944.49,No,3 Years,0.03,0.0,344.6,328.04,3936.4800000000005,9841.2,0,0.0
CUST-02230,69,Delta,8,One year,4G/5G,72.6,238.7,2,2,0,No,No,5.0,3119.25,No,<= Year,0.25,0.0,36.3,119.35,2864.3999999999996,1909.6,0,0.0
CUST-02231,51,Upper Egypt,22,Month-to-month,Fiber,143.2,542.4,5,2,2,Yes,No,2.0,4933.67,Yes,2 Years,0.09,16.666666666666664,28.64,108.48,6508.799999999999,11932.8,1,6.0
CUST-02232,21,Upper Egypt,40,One year,Fiber,137.2,585.08,6,4,2,No,Yes,3.0,5665.65,No,4 Years,0.1,16.666666666666664,22.87,97.51,7020.960000000001,23403.2,1,8.0
CUST-02233,67,Alexandria,14,One year,Fiber,253.3,589.4,4,2,0,No,No,3.0,7037.26,No,2 Years,0.14,0.0,63.32,147.35,7072.799999999999,8251.6,1,4.0
CUST-02234,25,Alexandria,55,Month-to-month,DSL,335.6,351.7,2,2,2,Yes,Yes,4.0,4664.68,No,5 Years,0.04,16.666666666666664,167.8,175.85,4220.4,19343.5,0,2.0
CUST-02235,49,Cairo,32,Month-to-month,Fiber,275.3,444.84,2,2,0,Yes,Yes,4.0,4787.68,No,3 Years,0.06,0.0,137.65,222.42,5338.08,14234.88,0,2.0
CUST-02236,59,Upper Egypt,9,One year,Fiber,131.5,526.08,6,0,2,Yes,No,4.0,7432.7,No,<= Year,0.0,16.666666666666664,21.92,87.68,6312.960000000001,4734.72,1,0.0
CUST-02237,31,Cairo,6,One year,4G/5G,191.4,407.39,4,2,1,Yes,No,3.0,4696.39,Yes,<= Year,0.33,8.333333333333332,47.85,101.85,4888.68,2444.34,0,4.0
CUST-02238,32,Delta,11,Two year,4G/5G,157.2,492.4,5,2,0,Yes,No,5.0,6699.86,No,<= Year,0.18,0.0,31.44,98.48,5908.799999999999,5416.4,1,0.0
CUST-02239,43,Delta,21,Month-to-month,4G/5G,275.7,455.99,3,5,1,Yes,Yes,3.0,4466.12,No,2 Years,0.24,8.333333333333332,91.9,152.0,5471.88,9575.79,0,10.0
CUST-02240,64,Giza,59,Two year,Fiber,189.5,596.93,6,0,2,Yes,No,4.0,7891.9,No,5 Years,0.0,16.666666666666664,31.58,99.49,7163.16,35218.869999999995,1,0.0
CUST-02241,29,Cairo,66,One year,DSL,102.8,376.93,3,2,1,Yes,Yes,3.0,4888.3,No,6 Years,0.03,8.333333333333332,34.27,125.64,4523.16,24877.38,0,4.0
CUST-02242,53,Cairo,14,One year,Fiber,282.6,528.83,5,3,0,Yes,No,3.0,6954.81,No,2 Years,0.21,0.0,56.52,105.77,6345.960000000001,7403.620000000001,1,6.0
CUST-02243,41,Delta,14,Month-to-month,Fiber,343.7,688.78,6,6,0,Yes,No,4.0,6459.47,No,2 Years,0.43,0.0,57.28,114.8,8265.36,9642.92,1,6.0
CUST-02244,23,Giza,36,Month-to-month,Fiber,228.7,475.1,3,1,2,Yes,Yes,5.0,4830.85,No,3 Years,0.03,16.666666666666664,76.23,158.37,5701.200000000001,17103.600000000002,0,0.0
CUST-02245,55,Cairo,36,Month-to-month,4G/5G,240.8,486.89,5,3,2,No,Yes,4.0,5134.34,No,3 Years,0.08,16.666666666666664,48.16,97.38,5842.68,17528.04,1,3.0
CUST-02246,62,Delta,50,Month-to-month,DSL,94.4,433.45,4,1,0,No,No,3.0,5123.09,No,5 Years,0.02,0.0,23.6,108.36,5201.4,21672.5,0,2.0
CUST-02247,48,Cairo,51,Month-to-month,Fiber,44.7,302.68,3,1,1,Yes,Yes,5.0,2417.06,No,5 Years,0.02,8.333333333333332,14.9,100.89,3632.16,15436.68,0,0.0
CUST-02248,27,Upper Egypt,11,Two year,Fiber,63.6,426.48,5,3,0,No,No,4.0,5068.14,No,<= Year,0.27,0.0,12.72,85.3,5117.76,4691.280000000001,0,3.0
CUST-02249,26,Cairo,5,Month-to-month,4G/5G,226.0,494.18,3,3,2,No,No,4.0,4788.82,No,<= Year,0.6,16.666666666666664,75.33,164.73,5930.16,2470.9,1,3.0
CUST-02250,40,Cairo,33,Two year,Fiber,202.3,469.49,5,0,1,No,No,5.0,6827.92,No,3 Years,0.0,8.333333333333332,40.46,93.9,5633.88,15493.17,0,0.0
CUST-02251,44,Cairo,25,Month-to-month,4G/5G,279.2,397.99,1,1,2,No,Yes,4.0,3753.86,No,3 Years,0.04,16.666666666666664,279.2,397.99,4775.88,9949.75,0,1.0
CUST-02252,47,Giza,3,Two year,Fiber,212.2,586.51,6,5,1,Yes,No,5.0,7935.72,No,<= Year,1.67,8.333333333333332,35.37,97.75,7038.12,1759.53,1,0.0
CUST-02253,30,Giza,5,Month-to-month,Fiber,318.9,658.71,6,5,1,Yes,No,4.0,7300.54,No,<= Year,1.0,8.333333333333332,53.15,109.79,7904.52,3293.55,1,5.0
CUST-02254,44,Delta,31,One year,4G/5G,228.7,724.59,6,3,1,No,Yes,5.0,8633.06,No,3 Years,0.1,8.333333333333332,38.12,120.76,8695.08,22462.29,1,0.0
CUST-02255,33,Giza,19,One year,Fiber,201.0,611.89,6,1,2,No,Yes,4.0,7014.45,No,2 Years,0.05,16.666666666666664,33.5,101.98,7342.68,11625.91,1,1.0
CUST-02256,54,Giza,32,Two year,DSL,139.7,581.84,5,3,3,Yes,No,4.0,7653.69,Yes,3 Years,0.09,25.0,27.94,116.37,6982.08,18618.88,1,3.0
CUST-02257,60,Cairo,8,Month-to-month,Fiber,57.5,520.08,5,6,1,Yes,Yes,3.0,5128.94,No,<= Year,0.75,8.333333333333332,11.5,104.02,6240.960000000001,4160.64,1,12.0
CUST-02258,52,Cairo,34,Month-to-month,DSL,359.0,626.77,6,3,2,Yes,Yes,3.0,6191.47,No,3 Years,0.09,16.666666666666664,59.83,104.46,7521.24,21310.18,1,6.0
CUST-02259,18,Upper Egypt,27,Two year,DSL,145.2,541.49,5,3,0,Yes,Yes,4.0,7131.41,No,3 Years,0.11,0.0,29.04,108.3,6497.88,14620.23,1,3.0
CUST-02260,70,Cairo,35,Month-to-month,4G/5G,95.3,376.15,2,2,0,Yes,Yes,3.0,3820.01,Yes,3 Years,0.06,0.0,47.65,188.08,4513.799999999999,13165.25,0,4.0
CUST-02261,19,Upper Egypt,15,One year,4G/5G,241.7,355.32,1,2,2,Yes,Yes,3.0,3670.97,No,2 Years,0.13,16.666666666666664,241.7,355.32,4263.84,5329.8,0,4.0
CUST-02262,70,Giza,12,Month-to-month,DSL,96.1,506.04,6,2,0,Yes,Yes,4.0,5392.55,No,<= Year,0.17,0.0,16.02,84.34,6072.4800000000005,6072.4800000000005,1,2.0
CUST-02263,19,Cairo,6,Month-to-month,Fiber,241.6,301.51,1,1,0,Yes,Yes,5.0,2784.24,No,<= Year,0.17,0.0,241.6,301.51,3618.12,1809.06,0,0.0
CUST-02264,45,Cairo,17,One year,Fiber,199.7,563.28,6,1,0,Yes,No,4.0,6391.07,No,2 Years,0.06,0.0,33.28,93.88,6759.36,9575.76,1,1.0
CUST-02265,23,Cairo,44,One year,DSL,313.1,686.21,6,3,1,Yes,No,4.0,7641.46,No,4 Years,0.07,8.333333333333332,52.18,114.37,8234.52,30193.24,1,3.0
CUST-02266,23,Delta,52,One year,DSL,305.3,429.48,1,2,3,Yes,Yes,2.0,4817.81,No,5 Years,0.04,25.0,305.3,429.48,5153.76,22332.96,0,6.0
CUST-02267,54,Giza,8,Month-to-month,Fiber,329.3,647.26,5,1,1,Yes,Yes,5.0,6410.03,No,<= Year,0.12,8.333333333333332,65.86,129.45,7767.12,5178.08,1,0.0
CUST-02268,56,Giza,21,One year,4G/5G,248.6,416.9,4,4,1,Yes,Yes,5.0,4612.78,No,2 Years,0.19,8.333333333333332,62.15,104.22,5002.799999999999,8754.9,0,0.0
CUST-02269,24,Alexandria,59,Two year,Fiber,152.7,420.57,3,2,0,Yes,No,5.0,5823.86,No,5 Years,0.03,0.0,50.9,140.19,5046.84,24813.63,0,0.0
CUST-02270,69,Alexandria,65,Month-to-month,Fiber,136.7,466.73,4,3,1,Yes,No,2.0,4826.41,No,6 Years,0.05,8.333333333333332,34.17,116.68,5600.76,30337.45,0,9.0
CUST-02271,34,Upper Egypt,16,Month-to-month,4G/5G,182.2,403.68,3,1,0,Yes,No,4.0,3472.27,No,2 Years,0.06,0.0,60.73,134.56,4844.16,6458.88,0,1.0
CUST-02272,34,Upper Egypt,47,Month-to-month,DSL,409.5,546.95,5,2,1,No,Yes,3.0,5152.66,No,4 Years,0.04,8.333333333333332,81.9,109.39,6563.400000000001,25706.65,1,4.0
CUST-02273,33,Delta,41,One year,DSL,207.6,437.51,3,3,0,Yes,Yes,4.0,6272.21,No,4 Years,0.07,0.0,69.2,145.84,5250.12,17937.91,0,3.0
CUST-02274,42,Delta,39,Month-to-month,Fiber,244.5,401.51,1,4,1,Yes,No,4.0,3854.28,No,4 Years,0.1,8.333333333333332,244.5,401.51,4818.12,15658.89,0,4.0
CUST-02275,27,Delta,4,One year,Fiber,366.7,631.24,3,5,1,Yes,No,4.0,7679.17,Yes,<= Year,1.25,8.333333333333332,122.23,210.41,7574.88,2524.96,1,5.0
CUST-02276,40,Giza,13,Month-to-month,DSL,252.9,459.7,4,2,0,Yes,No,3.0,4379.46,Yes,2 Years,0.15,0.0,63.22,114.92,5516.4,5976.099999999999,0,4.0
CUST-02277,29,Delta,19,One year,Fiber,162.6,477.81,3,2,2,Yes,No,2.0,5534.7,No,2 Years,0.11,16.666666666666664,54.2,159.27,5733.72,9078.39,0,6.0
CUST-02278,20,Cairo,19,Two year,DSL,295.7,538.13,4,2,0,Yes,Yes,3.0,6692.12,No,2 Years,0.11,0.0,73.92,134.53,6457.5599999999995,10224.47,1,4.0
CUST-02279,37,Delta,21,Month-to-month,Fiber,191.4,698.94,6,1,0,No,No,4.0,6111.27,No,2 Years,0.05,0.0,31.9,116.49,8387.28,14677.740000000002,1,1.0
CUST-02280,53,Upper Egypt,69,Month-to-month,Fiber,256.0,434.37,3,1,1,Yes,Yes,3.0,4352.24,No,6 Years,0.01,8.333333333333332,85.33,144.79,5212.4400000000005,29971.53,0,2.0
CUST-02281,58,Cairo,17,Month-to-month,Fiber,276.1,642.18,5,4,1,No,Yes,4.0,6514.65,Yes,2 Years,0.24,8.333333333333332,55.22,128.44,7706.16,10917.06,1,4.0
CUST-02282,36,Delta,28,Month-to-month,Fiber,185.5,648.56,6,4,0,No,No,2.0,6675.76,Yes,3 Years,0.14,0.0,30.92,108.09,7782.719999999999,18159.68,1,12.0
CUST-02283,35,Upper Egypt,28,Month-to-month,Fiber,246.8,625.43,5,1,0,Yes,Yes,3.0,6298.37,No,3 Years,0.04,0.0,49.36,125.09,7505.16,17512.039999999997,1,2.0
CUST-02284,59,Cairo,21,Two year,4G/5G,374.0,565.4,4,2,0,No,Yes,5.0,7211.38,No,2 Years,0.1,0.0,93.5,141.35,6784.799999999999,11873.4,1,0.0
CUST-02285,54,Alexandria,8,Month-to-month,DSL,173.6,655.18,6,2,1,Yes,Yes,4.0,6806.6,No,<= Year,0.25,8.333333333333332,28.93,109.2,7862.16,5241.44,1,2.0
CUST-02286,62,Upper Egypt,23,Month-to-month,Fiber,348.5,488.44,3,2,1,Yes,Yes,4.0,4581.93,No,2 Years,0.09,8.333333333333332,116.17,162.81,5861.28,11234.12,1,2.0
CUST-02287,66,Upper Egypt,2,Month-to-month,DSL,176.9,289.95,2,2,1,Yes,Yes,4.0,2646.65,No,<= Year,1.0,8.333333333333332,88.45,144.98,3479.3999999999996,579.9,0,2.0
CUST-02288,61,Cairo,30,Month-to-month,Fiber,392.2,673.88,6,3,0,Yes,Yes,3.0,6256.39,No,3 Years,0.1,0.0,65.37,112.31,8086.5599999999995,20216.4,1,6.0
CUST-02289,67,Giza,2,Two year,Fiber,153.0,612.18,6,1,0,Yes,Yes,5.0,7859.66,No,<= Year,0.5,0.0,25.5,102.03,7346.16,1224.36,1,0.0
CUST-02290,40,Delta,28,Month-to-month,4G/5G,194.6,345.06,1,3,0,Yes,Yes,4.0,3556.77,No,3 Years,0.11,0.0,194.6,345.06,4140.72,9661.68,0,3.0
CUST-02291,38,Cairo,13,Month-to-month,DSL,365.7,388.89,2,2,0,Yes,No,4.0,4157.05,No,2 Years,0.15,0.0,182.85,194.44,4666.68,5055.57,0,2.0
CUST-02292,35,Giza,9,Month-to-month,DSL,369.7,470.83,2,1,1,Yes,Yes,4.0,4063.2,No,<= Year,0.11,8.333333333333332,184.85,235.42,5649.96,4237.47,0,1.0
CUST-02293,30,Cairo,36,Two year,Fiber,303.7,630.2,5,1,1,Yes,No,4.0,8057.7,No,3 Years,0.03,8.333333333333332,60.74,126.04,7562.400000000001,22687.2,1,1.0
CUST-02294,57,Cairo,15,Two year,Fiber,132.6,395.1,2,1,1,Yes,Yes,2.0,4705.59,No,2 Years,0.07,8.333333333333332,66.3,197.55,4741.200000000001,5926.5,0,3.0
CUST-02295,55,Alexandria,22,Month-to-month,4G/5G,237.4,437.06,4,3,1,No,No,4.0,4613.24,No,2 Years,0.14,8.333333333333332,59.35,109.26,5244.72,9615.32,0,3.0
CUST-02296,60,Alexandria,4,One year,DSL,230.1,682.6,6,2,1,Yes,No,5.0,8155.9,Yes,<= Year,0.5,8.333333333333332,38.35,113.77,8191.200000000001,2730.4,1,0.0
CUST-02297,26,Alexandria,55,One year,DSL,153.0,550.52,6,0,0,No,No,5.0,6421.61,No,5 Years,0.0,0.0,25.5,91.75,6606.24,30278.6,1,0.0
CUST-02298,44,Delta,24,One year,4G/5G,292.7,731.27,6,2,1,Yes,Yes,3.0,8730.26,No,2 Years,0.08,8.333333333333332,48.78,121.88,8775.24,17550.48,1,4.0
CUST-02299,29,Giza,24,Month-to-month,Fiber,160.1,486.61,4,2,0,Yes,No,4.0,4971.13,No,2 Years,0.08,0.0,40.02,121.65,5839.32,11678.64,1,2.0
CUST-02300,65,Cairo,31,One year,4G/5G,113.8,508.95,4,3,2,Yes,Yes,3.0,6292.84,Yes,3 Years,0.1,16.666666666666664,28.45,127.24,6107.4,15777.449999999999,1,6.0
CUST-02301,32,Cairo,1,One year,DSL,84.1,441.02,5,0,0,Yes,No,4.0,5008.97,No,,0.0,0.0,16.82,88.2,5292.24,441.02,0,0.0
CUST-02302,25,Cairo,58,Month-to-month,Fiber,384.1,596.01,2,3,0,Yes,Yes,3.0,6374.33,No,5 Years,0.05,0.0,192.05,298.0,7152.12,34568.58,1,6.0
CUST-02303,48,Cairo,16,Month-to-month,Fiber,184.1,591.58,4,1,0,Yes,Yes,3.0,6246.47,No,2 Years,0.06,0.0,46.02,147.9,7098.960000000001,9465.28,1,2.0
CUST-02304,64,Cairo,56,Month-to-month,DSL,185.9,447.38,3,2,1,No,Yes,3.0,4638.52,No,5 Years,0.04,8.333333333333332,61.97,149.13,5368.5599999999995,25053.28,0,4.0
CUST-02305,66,Cairo,16,Month-to-month,Fiber,137.2,527.29,5,4,3,Yes,No,5.0,6059.48,Yes,2 Years,0.25,25.0,27.44,105.46,6327.48,8436.64,1,0.0
CUST-02306,23,Cairo,13,Month-to-month,DSL,353.1,624.05,4,0,2,Yes,No,3.0,6167.27,No,2 Years,0.0,16.666666666666664,88.28,156.01,7488.599999999999,8112.65,1,0.0
CUST-02307,35,Alexandria,29,Two year,DSL,105.8,482.28,3,2,3,Yes,Yes,5.0,7057.17,No,3 Years,0.07,25.0,35.27,160.76,5787.36,13986.119999999999,0,0.0
CUST-02308,26,Alexandria,72,Two year,Fiber,121.6,485.34,4,2,1,Yes,Yes,3.0,7691.85,No,6 Years,0.03,8.333333333333332,30.4,121.34,5824.08,34944.479999999996,1,4.0
CUST-02309,34,Upper Egypt,47,Month-to-month,DSL,201.0,360.28,2,3,2,No,No,3.0,2894.47,Yes,4 Years,0.06,16.666666666666664,100.5,180.14,4323.36,16933.16,0,6.0
CUST-02310,46,Delta,32,Month-to-month,DSL,228.1,412.64,2,3,2,Yes,No,4.0,4660.53,No,3 Years,0.09,16.666666666666664,114.05,206.32,4951.68,13204.48,0,3.0
CUST-02311,32,Alexandria,29,One year,Fiber,289.3,516.46,5,3,2,Yes,Yes,2.0,6162.97,No,3 Years,0.1,16.666666666666664,57.86,103.29,6197.52,14977.34,1,9.0
CUST-02312,21,Cairo,23,Month-to-month,4G/5G,169.2,382.32,1,3,1,No,No,4.0,4023.02,No,2 Years,0.13,8.333333333333332,169.2,382.32,4587.84,8793.36,0,3.0
CUST-02313,45,Alexandria,54,Month-to-month,Fiber,369.0,711.52,5,1,1,No,Yes,3.0,6772.42,No,5 Years,0.02,8.333333333333332,73.8,142.3,8538.24,38422.08,1,2.0
CUST-02314,20,Cairo,37,One year,4G/5G,169.8,563.55,6,1,2,No,Yes,3.0,6180.81,No,4 Years,0.03,16.666666666666664,28.3,93.92,6762.599999999999,20851.35,1,2.0
CUST-02315,30,Giza,6,Month-to-month,Fiber,139.2,447.33,5,1,0,No,Yes,3.0,3983.09,No,<= Year,0.17,0.0,27.84,89.47,5367.96,2683.98,0,2.0
CUST-02316,18,Giza,9,Month-to-month,Fiber,130.7,527.98,4,1,0,Yes,No,5.0,6387.34,No,<= Year,0.11,0.0,32.67,132.0,6335.76,4751.82,1,0.0
CUST-02317,22,Giza,32,One year,DSL,160.3,438.58,5,0,0,Yes,Yes,3.0,5566.52,No,3 Years,0.0,0.0,32.06,87.72,5262.96,14034.56,0,0.0
CUST-02318,41,Cairo,8,One year,Fiber,124.8,255.08,1,1,0,Yes,No,3.0,2545.72,No,<= Year,0.12,0.0,124.8,255.08,3060.96,2040.64,0,2.0
CUST-02319,63,Delta,24,Month-to-month,Fiber,297.6,428.47,1,3,0,Yes,Yes,4.0,3976.8,No,2 Years,0.12,0.0,297.6,428.47,5141.64,10283.28,0,3.0
CUST-02320,59,Delta,39,One year,Fiber,139.9,695.66,6,0,3,No,No,3.0,7070.73,No,4 Years,0.0,25.0,23.32,115.94,8347.92,27130.739999999998,1,0.0
CUST-02321,23,Delta,30,Two year,DSL,218.0,400.82,3,3,2,Yes,Yes,5.0,5888.16,No,3 Years,0.1,16.666666666666664,72.67,133.61,4809.84,12024.6,0,0.0
CUST-02322,19,Alexandria,7,Month-to-month,DSL,137.3,447.37,3,1,3,Yes,No,3.0,4182.78,Yes,<= Year,0.14,25.0,45.77,149.12,5368.4400000000005,3131.59,0,2.0
CUST-02323,35,Alexandria,10,One year,Fiber,124.3,378.76,1,1,2,No,Yes,2.0,4511.55,No,<= Year,0.1,16.666666666666664,124.3,378.76,4545.12,3787.6,0,3.0
CUST-02324,52,Cairo,30,Month-to-month,Fiber,329.6,564.72,5,1,0,Yes,Yes,3.0,5676.86,No,3 Years,0.03,0.0,65.92,112.94,6776.64,16941.600000000002,1,2.0
CUST-02325,57,Delta,72,Month-to-month,Fiber,374.2,406.74,1,1,1,Yes,Yes,2.0,4653.58,No,6 Years,0.01,8.333333333333332,374.2,406.74,4880.88,29285.28,0,3.0
CUST-02326,61,Alexandria,20,Month-to-month,4G/5G,344.2,500.16,2,2,0,No,No,4.0,4922.91,No,2 Years,0.1,0.0,172.1,250.08,6001.92,10003.2,1,2.0
CUST-02327,36,Cairo,40,Month-to-month,Fiber,97.6,356.16,2,5,0,Yes,Yes,3.0,3906.57,No,4 Years,0.12,0.0,48.8,178.08,4273.92,14246.400000000001,0,10.0
CUST-02328,26,Giza,30,Month-to-month,DSL,110.1,581.88,6,1,5,Yes,Yes,3.0,5459.69,No,3 Years,0.03,41.66666666666667,18.35,96.98,6982.5599999999995,17456.4,1,2.0
CUST-02329,19,Upper Egypt,13,One year,DSL,408.1,627.5,6,3,1,Yes,Yes,4.0,6841.09,No,2 Years,0.23,8.333333333333332,68.02,104.58,7530.0,8157.5,1,3.0
CUST-02330,25,Alexandria,40,Month-to-month,DSL,207.1,338.37,1,2,0,Yes,Yes,4.0,3361.78,No,4 Years,0.05,0.0,207.1,338.37,4060.44,13534.8,0,2.0
CUST-02331,21,Giza,4,Two year,4G/5G,106.3,318.98,1,3,1,Yes,Yes,5.0,4164.6,No,<= Year,0.75,8.333333333333332,106.3,318.98,3827.76,1275.92,0,0.0
CUST-02332,63,Alexandria,38,Month-to-month,Fiber,327.4,680.76,6,2,1,Yes,Yes,5.0,7006.33,No,4 Years,0.05,8.333333333333332,54.57,113.46,8169.12,25868.88,1,0.0
CUST-02333,32,Giza,31,Two year,DSL,236.1,512.82,4,2,0,Yes,Yes,4.0,7499.82,No,3 Years,0.06,0.0,59.02,128.21,6153.84,15897.420000000002,1,2.0
CUST-02334,61,Giza,14,Month-to-month,Fiber,281.3,503.08,5,0,1,Yes,Yes,4.0,5050.95,No,2 Years,0.0,8.333333333333332,56.26,100.62,6036.96,7043.12,1,0.0
CUST-02335,47,Cairo,9,Month-to-month,DSL,28.6,336.15,4,2,2,Yes,Yes,2.0,3111.91,Yes,<= Year,0.22,16.666666666666664,7.15,84.04,4033.7999999999997,3025.35,0,6.0
CUST-02336,46,Giza,15,One year,Fiber,200.6,400.74,2,3,1,No,Yes,4.0,4954.86,No,2 Years,0.2,8.333333333333332,100.3,200.37,4808.88,6011.1,0,3.0
CUST-02337,42,Delta,12,One year,Fiber,315.4,699.35,5,2,0,Yes,No,4.0,8197.96,No,<= Year,0.17,0.0,63.08,139.87,8392.2,8392.2,1,2.0
CUST-02338,61,Cairo,18,Month-to-month,Fiber,172.4,335.96,2,0,1,Yes,No,5.0,3524.37,No,2 Years,0.0,8.333333333333332,86.2,167.98,4031.5199999999995,6047.28,0,0.0
CUST-02339,20,Delta,16,Month-to-month,Fiber,341.2,422.73,1,1,2,Yes,Yes,3.0,4758.9,No,2 Years,0.06,16.666666666666664,341.2,422.73,5072.76,6763.68,0,2.0
CUST-02340,22,Cairo,14,One year,4G/5G,111.5,589.83,6,3,2,No,Yes,3.0,6662.86,No,2 Years,0.21,16.666666666666664,18.58,98.3,7077.960000000001,8257.62,1,6.0
CUST-02341,40,Delta,4,One year,4G/5G,219.9,462.16,3,4,1,Yes,Yes,3.0,5491.09,No,<= Year,1.0,8.333333333333332,73.3,154.05,5545.92,1848.64,0,8.0
CUST-02342,38,Alexandria,7,Month-to-month,Fiber,228.7,433.23,1,0,1,No,Yes,5.0,4099.84,No,<= Year,0.0,8.333333333333332,228.7,433.23,5198.76,3032.61,0,0.0
CUST-02343,46,Alexandria,45,One year,DSL,126.4,343.91,3,3,0,Yes,Yes,4.0,4991.67,No,4 Years,0.07,0.0,42.13,114.64,4126.92,15475.95,0,3.0
CUST-02344,57,Alexandria,14,Month-to-month,Fiber,254.4,303.12,1,2,2,No,No,2.0,2457.05,No,2 Years,0.14,16.666666666666664,254.4,303.12,3637.44,4243.68,0,6.0
CUST-02345,49,Upper Egypt,18,Month-to-month,Fiber,282.7,566.02,3,5,1,Yes,No,4.0,5575.62,Yes,2 Years,0.28,8.333333333333332,94.23,188.67,6792.24,10188.36,1,5.0
CUST-02346,31,Giza,15,One year,Fiber,238.2,567.67,5,2,1,Yes,No,3.0,7060.43,No,2 Years,0.13,8.333333333333332,47.64,113.53,6812.039999999999,8515.05,1,4.0
CUST-02347,35,Delta,55,Two year,DSL,207.5,290.08,3,1,2,Yes,Yes,5.0,3705.56,No,5 Years,0.02,16.666666666666664,69.17,96.69,3480.96,15954.4,0,0.0
CUST-02348,57,Delta,12,Month-to-month,Fiber,151.1,378.07,1,0,1,Yes,Yes,4.0,4209.28,Yes,<= Year,0.0,8.333333333333332,151.1,378.07,4536.84,4536.84,0,0.0
CUST-02349,28,Cairo,11,Month-to-month,DSL,247.7,671.39,6,3,3,No,Yes,5.0,5517.15,Yes,<= Year,0.27,25.0,41.28,111.9,8056.68,7385.29,1,0.0
CUST-02350,44,Cairo,31,Month-to-month,Fiber,220.8,486.07,4,3,2,Yes,Yes,5.0,4413.27,No,3 Years,0.1,16.666666666666664,55.2,121.52,5832.84,15068.17,1,0.0
CUST-02351,46,Giza,25,One year,Fiber,100.7,408.12,1,2,0,No,Yes,4.0,5006.21,No,3 Years,0.08,0.0,100.7,408.12,4897.4400000000005,10203.0,0,2.0
CUST-02352,57,Cairo,32,Month-to-month,DSL,329.0,538.65,4,2,2,Yes,No,5.0,6486.12,Yes,3 Years,0.06,16.666666666666664,82.25,134.66,6463.799999999999,17236.8,1,0.0
CUST-02353,55,Giza,31,Month-to-month,DSL,148.1,487.68,6,1,0,Yes,Yes,4.0,5105.11,No,3 Years,0.03,0.0,24.68,81.28,5852.16,15118.08,1,1.0
CUST-02354,42,Giza,41,Month-to-month,4G/5G,103.1,255.46,1,5,2,No,No,3.0,2711.17,Yes,4 Years,0.12,16.666666666666664,103.1,255.46,3065.52,10473.86,0,10.0
CUST-02355,34,Alexandria,6,Two year,Fiber,176.4,540.91,5,1,2,Yes,No,2.0,7257.07,No,<= Year,0.17,16.666666666666664,35.28,108.18,6490.92,3245.46,1,3.0
CUST-02356,37,Cairo,29,Month-to-month,DSL,149.7,396.17,3,1,1,Yes,No,3.0,3504.25,Yes,3 Years,0.03,8.333333333333332,49.9,132.06,4754.04,11488.93,0,2.0
CUST-02357,39,Delta,11,One year,4G/5G,206.8,543.6,5,3,0,Yes,No,4.0,5141.79,No,<= Year,0.27,0.0,41.36,108.72,6523.200000000001,5979.6,1,3.0
CUST-02358,29,Giza,3,Month-to-month,DSL,118.2,325.71,1,4,1,Yes,Yes,1.0,3823.92,No,<= Year,1.33,8.333333333333332,118.2,325.71,3908.5199999999995,977.1299999999999,0,16.0
CUST-02359,51,Delta,31,Month-to-month,4G/5G,270.3,679.44,6,1,0,No,No,3.0,7026.62,No,3 Years,0.03,0.0,45.05,113.24,8153.280000000001,21062.640000000003,1,2.0
CUST-02360,29,Cairo,29,Month-to-month,4G/5G,354.3,579.64,6,1,0,Yes,No,3.0,5610.07,No,3 Years,0.03,0.0,59.05,96.61,6955.68,16809.56,1,2.0
CUST-02361,52,Giza,21,Month-to-month,4G/5G,239.5,432.98,4,4,0,Yes,No,5.0,4583.48,No,2 Years,0.19,0.0,59.88,108.24,5195.76,9092.58,0,0.0
CUST-02362,57,Cairo,41,Month-to-month,4G/5G,100.0,381.79,2,2,0,No,No,3.0,4492.02,Yes,4 Years,0.05,0.0,50.0,190.9,4581.4800000000005,15653.390000000001,0,4.0
CUST-02363,68,Alexandria,11,Month-to-month,DSL,147.8,247.82,1,3,1,Yes,No,3.0,2456.42,No,<= Year,0.27,8.333333333333332,147.8,247.82,2973.84,2726.02,0,6.0
CUST-02364,24,Giza,34,Month-to-month,DSL,249.9,525.35,5,2,2,No,No,5.0,5352.47,No,3 Years,0.06,16.666666666666664,49.98,105.07,6304.200000000001,17861.9,1,0.0
CUST-02365,58,Upper Egypt,19,Month-to-month,4G/5G,53.0,525.19,5,0,0,No,Yes,3.0,6166.69,No,2 Years,0.0,0.0,10.6,105.04,6302.280000000001,9978.61,1,0.0
CUST-02366,22,Giza,20,Month-to-month,4G/5G,119.0,567.45,5,5,3,No,Yes,3.0,4791.78,Yes,2 Years,0.25,25.0,23.8,113.49,6809.400000000001,11349.0,1,10.0
CUST-02367,35,Alexandria,3,Month-to-month,Fiber,81.7,368.22,3,2,1,Yes,Yes,3.0,3834.28,Yes,<= Year,0.67,8.333333333333332,27.23,122.74,4418.64,1104.66,0,4.0
CUST-02368,27,Cairo,42,Month-to-month,Fiber,240.4,484.16,5,3,0,No,No,4.0,4511.82,No,4 Years,0.07,0.0,48.08,96.83,5809.92,20334.72,0,3.0
CUST-02369,26,Alexandria,29,Month-to-month,Fiber,424.6,670.12,5,4,1,Yes,Yes,3.0,7260.8,No,3 Years,0.14,8.333333333333332,84.92,134.02,8041.4400000000005,19433.48,1,8.0
CUST-02370,27,Giza,33,One year,4G/5G,116.5,362.26,3,2,1,Yes,No,3.0,4523.17,No,3 Years,0.06,8.333333333333332,38.83,120.75,4347.12,11954.58,0,4.0
CUST-02371,20,Giza,10,Two year,Fiber,303.5,633.96,5,2,2,No,Yes,5.0,7852.78,No,<= Year,0.2,16.666666666666664,60.7,126.79,7607.52,6339.6,1,0.0
CUST-02372,61,Cairo,26,One year,Fiber,179.3,413.24,2,1,1,No,No,4.0,4336.11,No,3 Years,0.04,8.333333333333332,89.65,206.62,4958.88,10744.24,0,1.0
CUST-02373,21,Cairo,19,Month-to-month,DSL,111.2,428.6,5,3,4,Yes,No,3.0,3789.13,Yes,2 Years,0.16,33.33333333333333,22.24,85.72,5143.200000000001,8143.400000000001,0,6.0
CUST-02374,39,Cairo,30,Two year,Fiber,370.8,715.67,4,1,2,No,Yes,2.0,9125.1,No,3 Years,0.03,16.666666666666664,92.7,178.92,8588.039999999999,21470.1,1,3.0
CUST-02375,55,Upper Egypt,25,Two year,4G/5G,424.4,637.2,5,1,2,No,Yes,4.0,8718.57,No,3 Years,0.04,16.666666666666664,84.88,127.44,7646.400000000001,15930.000000000002,1,1.0
CUST-02376,70,Giza,62,Month-to-month,DSL,267.1,509.93,5,4,0,Yes,No,3.0,4830.81,Yes,6 Years,0.06,0.0,53.42,101.99,6119.16,31615.66,1,8.0
CUST-02377,63,Cairo,50,Month-to-month,Fiber,262.6,400.38,1,2,0,Yes,Yes,3.0,3866.45,No,5 Years,0.04,0.0,262.6,400.38,4804.5599999999995,20019.0,0,4.0
CUST-02378,25,Upper Egypt,17,One year,Fiber,235.6,633.67,5,1,2,No,Yes,3.0,7049.16,No,2 Years,0.06,16.666666666666664,47.12,126.73,7604.039999999999,10772.39,1,2.0
CUST-02379,70,Cairo,31,Two year,4G/5G,216.7,522.54,5,0,1,Yes,No,4.0,6547.47,Yes,3 Years,0.0,8.333333333333332,43.34,104.51,6270.48,16198.739999999998,1,0.0
CUST-02380,52,Giza,16,One year,DSL,260.6,446.64,1,1,0,Yes,No,2.0,5046.6,No,2 Years,0.06,0.0,260.6,446.64,5359.68,7146.24,0,3.0
CUST-02381,27,Delta,41,One year,Fiber,290.9,376.78,2,6,0,Yes,No,4.0,4349.76,No,4 Years,0.15,0.0,145.45,188.39,4521.36,15447.98,0,6.0
CUST-02382,41,Upper Egypt,20,One year,Fiber,379.7,579.37,5,3,0,No,Yes,3.0,7062.98,No,2 Years,0.15,0.0,75.94,115.87,6952.4400000000005,11587.4,1,6.0
CUST-02383,66,Delta,15,Two year,4G/5G,228.7,346.56,3,2,3,No,No,4.0,4202.74,Yes,2 Years,0.13,25.0,76.23,115.52,4158.72,5198.4,0,2.0
CUST-02384,38,Giza,26,Month-to-month,4G/5G,241.5,346.97,1,2,2,Yes,No,4.0,3502.51,No,3 Years,0.08,16.666666666666664,241.5,346.97,4163.64,9021.220000000001,0,2.0
CUST-02385,27,Upper Egypt,48,Month-to-month,DSL,222.0,605.39,6,2,2,No,No,4.0,6163.36,Yes,4 Years,0.04,16.666666666666664,37.0,100.9,7264.68,29058.72,1,2.0
CUST-02386,64,Cairo,43,Two year,Fiber,322.2,564.25,4,3,1,Yes,No,4.0,6856.08,No,4 Years,0.07,8.333333333333332,80.55,141.06,6771.0,24262.75,1,3.0
CUST-02387,68,Upper Egypt,15,Month-to-month,4G/5G,446.0,560.33,3,3,0,Yes,No,5.0,5986.83,No,2 Years,0.2,0.0,148.67,186.78,6723.960000000001,8404.95,1,0.0
CUST-02388,69,Delta,59,Month-to-month,DSL,325.3,533.71,4,1,0,Yes,Yes,5.0,5784.81,No,5 Years,0.02,0.0,81.32,133.43,6404.52,31488.890000000003,1,0.0
CUST-02389,68,Upper Egypt,10,Month-to-month,Fiber,301.8,499.86,3,4,0,Yes,Yes,2.0,4983.39,Yes,<= Year,0.4,0.0,100.6,166.62,5998.32,4998.6,1,12.0
CUST-02390,64,Cairo,13,Month-to-month,4G/5G,311.7,396.96,1,3,1,Yes,No,3.0,3860.52,Yes,2 Years,0.23,8.333333333333332,311.7,396.96,4763.5199999999995,5160.48,0,6.0
CUST-02391,42,Cairo,40,Month-to-month,4G/5G,344.1,539.94,4,2,3,Yes,No,3.0,5072.54,No,4 Years,0.05,25.0,86.02,134.99,6479.280000000001,21597.600000000002,1,4.0
CUST-02392,28,Alexandria,3,One year,DSL,447.3,642.48,6,2,0,Yes,No,4.0,7606.36,No,<= Year,0.67,0.0,74.55,107.08,7709.76,1927.44,1,2.0
CUST-02393,50,Giza,22,Month-to-month,4G/5G,78.3,532.34,6,3,1,Yes,Yes,3.0,5275.79,No,2 Years,0.14,8.333333333333332,13.05,88.72,6388.08,11711.480000000001,1,6.0
CUST-02394,29,Alexandria,17,One year,Fiber,284.0,580.72,4,3,1,Yes,No,3.0,6244.48,No,2 Years,0.18,8.333333333333332,71.0,145.18,6968.64,9872.24,1,6.0
CUST-02395,43,Upper Egypt,61,Month-to-month,DSL,10.0,290.78,1,3,1,Yes,No,3.0,3875.57,No,6 Years,0.05,8.333333333333332,10.0,290.78,3489.3599999999997,17737.579999999998,0,6.0
CUST-02396,52,Alexandria,9,Two year,Fiber,315.6,403.66,2,1,0,Yes,Yes,4.0,5089.58,No,<= Year,0.11,0.0,157.8,201.83,4843.92,3632.94,0,1.0
CUST-02397,68,Cairo,10,One year,DSL,279.6,354.83,2,1,3,Yes,No,4.0,4102.49,No,<= Year,0.1,25.0,139.8,177.42,4257.96,3548.2999999999997,0,1.0
CUST-02398,33,Giza,66,Two year,Fiber,180.8,372.65,1,2,1,No,No,2.0,5564.95,No,6 Years,0.03,8.333333333333332,180.8,372.65,4471.799999999999,24594.899999999998,0,6.0
CUST-02399,31,Cairo,18,Month-to-month,Fiber,10.0,395.43,1,1,1,No,Yes,3.0,3777.4,No,2 Years,0.06,8.333333333333332,10.0,395.43,4745.16,7117.74,0,2.0
CUST-02400,56,Cairo,46,Month-to-month,4G/5G,228.7,585.65,5,1,1,Yes,Yes,2.0,5878.33,No,4 Years,0.02,8.333333333333332,45.74,117.13,7027.799999999999,26939.899999999998,1,3.0
CUST-02401,18,Cairo,15,One year,Fiber,250.1,455.32,3,1,3,Yes,Yes,1.0,4004.98,No,2 Years,0.07,25.0,83.37,151.77,5463.84,6829.8,0,4.0
CUST-02402,48,Delta,13,Two year,4G/5G,224.3,564.43,6,1,2,Yes,Yes,4.0,6337.24,No,2 Years,0.08,16.666666666666664,37.38,94.07,6773.16,7337.589999999999,1,1.0
CUST-02403,57,Delta,48,Month-to-month,Fiber,174.1,415.33,1,2,1,Yes,No,4.0,4335.95,No,4 Years,0.04,8.333333333333332,174.1,415.33,4983.96,19935.84,0,2.0
CUST-02404,47,Alexandria,72,One year,Fiber,149.3,334.48,1,3,1,Yes,No,4.0,4438.2,No,6 Years,0.04,8.333333333333332,149.3,334.48,4013.76,24082.56,0,3.0
CUST-02405,38,Giza,50,One year,Fiber,225.3,532.93,5,2,1,Yes,No,5.0,7059.19,No,5 Years,0.04,8.333333333333332,45.06,106.59,6395.16,26646.499999999996,1,0.0
CUST-02406,61,Alexandria,15,Month-to-month,Fiber,157.8,465.73,2,1,1,Yes,No,2.0,4854.8,Yes,2 Years,0.07,8.333333333333332,78.9,232.86,5588.76,6985.950000000001,0,3.0
CUST-02407,37,Delta,21,One year,Fiber,302.8,482.03,2,0,1,Yes,No,1.0,4805.86,No,2 Years,0.0,8.333333333333332,151.4,241.02,5784.36,10122.63,0,0.0
CUST-02408,55,Upper Egypt,10,Month-to-month,Fiber,228.7,479.03,4,0,1,Yes,Yes,2.0,5164.44,Yes,<= Year,0.0,8.333333333333332,57.18,119.76,5748.36,4790.299999999999,0,0.0
CUST-02409,42,Alexandria,11,Month-to-month,DSL,74.8,449.7,6,3,1,Yes,Yes,1.0,3708.42,Yes,<= Year,0.27,8.333333333333332,12.47,74.95,5396.4,4946.7,0,12.0
CUST-02410,19,Delta,11,Two year,DSL,245.9,304.22,3,0,1,Yes,Yes,4.0,4379.95,No,<= Year,0.0,8.333333333333332,81.97,101.41,3650.6400000000003,3346.42,0,0.0
CUST-02411,46,Giza,16,Month-to-month,Fiber,267.3,582.33,5,3,1,Yes,Yes,4.0,5547.38,No,2 Years,0.19,8.333333333333332,53.46,116.47,6987.960000000001,9317.28,1,3.0
CUST-02412,20,Giza,24,One year,Fiber,375.6,564.49,3,1,1,Yes,Yes,4.0,7929.52,No,2 Years,0.04,8.333333333333332,125.2,188.16,6773.88,13547.76,1,1.0
CUST-02413,67,Upper Egypt,22,One year,Fiber,313.5,741.97,6,1,1,No,No,5.0,8513.8,No,2 Years,0.05,8.333333333333332,52.25,123.66,8903.64,16323.34,1,0.0
CUST-02414,49,Giza,36,Two year,Fiber,149.1,485.04,3,1,1,Yes,Yes,4.0,6419.94,No,3 Years,0.03,8.333333333333332,49.7,161.68,5820.4800000000005,17461.440000000002,1,1.0
CUST-02415,37,Giza,25,Month-to-month,Fiber,358.3,359.4,1,5,2,No,Yes,3.0,3600.2,No,3 Years,0.2,16.666666666666664,358.3,359.4,4312.799999999999,8985.0,0,10.0
CUST-02416,43,Cairo,34,Month-to-month,DSL,105.3,409.39,4,4,0,Yes,Yes,3.0,4132.79,No,3 Years,0.12,0.0,26.32,102.35,4912.68,13919.26,0,8.0
CUST-02417,50,Giza,37,Month-to-month,DSL,232.5,441.98,2,5,0,No,No,4.0,4193.2,No,4 Years,0.14,0.0,116.25,220.99,5303.76,16353.26,0,5.0
CUST-02418,31,Alexandria,15,One year,4G/5G,297.9,395.02,2,2,3,No,Yes,2.0,5382.71,No,2 Years,0.13,25.0,148.95,197.51,4740.24,5925.299999999999,0,6.0
CUST-02419,33,Alexandria,19,Month-to-month,4G/5G,361.3,489.58,2,3,0,Yes,No,1.0,4482.63,Yes,2 Years,0.16,0.0,180.65,244.79,5874.96,9302.02,1,12.0
CUST-02420,40,Giza,72,One year,DSL,400.0,517.49,3,1,3,Yes,Yes,4.0,5926.42,No,6 Years,0.01,25.0,133.33,172.5,6209.88,37259.28,1,1.0
CUST-02421,31,Cairo,14,Month-to-month,Fiber,344.7,467.79,1,0,0,Yes,Yes,4.0,4719.24,No,2 Years,0.0,0.0,344.7,467.79,5613.4800000000005,6549.06,0,0.0
CUST-02422,58,Upper Egypt,35,Month-to-month,Fiber,217.7,401.44,1,2,2,No,Yes,5.0,4219.47,No,3 Years,0.06,16.666666666666664,217.7,401.44,4817.28,14050.4,0,0.0
CUST-02423,23,Giza,7,Two year,DSL,282.2,533.85,4,1,1,Yes,Yes,4.0,6609.2,No,<= Year,0.14,8.333333333333332,70.55,133.46,6406.200000000001,3736.9500000000003,1,1.0
CUST-02424,61,Upper Egypt,38,Two year,Fiber,250.2,308.59,1,1,1,Yes,Yes,4.0,4690.26,No,4 Years,0.03,8.333333333333332,250.2,308.59,3703.08,11726.419999999998,0,1.0
CUST-02425,36,Cairo,12,Month-to-month,Fiber,166.2,661.48,5,1,4,No,Yes,3.0,6160.18,No,<= Year,0.08,33.33333333333333,33.24,132.3,7937.76,7937.76,1,2.0
CUST-02426,47,Alexandria,23,One year,4G/5G,219.6,514.08,6,8,0,Yes,No,3.0,6162.91,No,2 Years,0.35,0.0,36.6,85.68,6168.960000000001,11823.84,1,16.0
CUST-02427,26,Alexandria,6,Month-to-month,Fiber,391.8,516.03,2,2,0,Yes,Yes,3.0,5351.23,No,<= Year,0.33,0.0,195.9,258.02,6192.36,3096.18,1,4.0
CUST-02428,38,Delta,21,One year,Fiber,288.2,401.83,1,5,1,No,Yes,5.0,4555.82,No,2 Years,0.24,8.333333333333332,288.2,401.83,4821.96,8438.43,0,0.0
CUST-02429,57,Cairo,21,Month-to-month,4G/5G,415.3,433.42,2,1,0,No,Yes,4.0,4218.55,No,2 Years,0.05,0.0,207.65,216.71,5201.04,9101.82,0,1.0
CUST-02430,32,Upper Egypt,19,Month-to-month,Fiber,132.6,291.74,1,0,1,Yes,No,4.0,3035.81,No,2 Years,0.0,8.333333333333332,132.6,291.74,3500.88,5543.06,0,0.0
CUST-02431,25,Alexandria,30,Month-to-month,Fiber,195.7,454.59,2,1,2,Yes,Yes,4.0,4943.4,No,3 Years,0.03,16.666666666666664,97.85,227.3,5455.08,13637.699999999999,0,1.0
CUST-02432,45,Alexandria,45,Month-to-month,Fiber,267.4,715.68,6,3,5,Yes,No,3.0,6553.98,Yes,4 Years,0.07,41.66666666666667,44.57,119.28,8588.16,32205.6,1,6.0
CUST-02433,26,Giza,10,One year,Fiber,296.8,622.12,5,4,1,Yes,No,5.0,7224.81,Yes,<= Year,0.4,8.333333333333332,59.36,124.42,7465.4400000000005,6221.2,1,0.0
CUST-02434,34,Cairo,19,Month-to-month,4G/5G,219.5,597.5,6,3,0,No,Yes,5.0,5138.79,No,2 Years,0.16,0.0,36.58,99.58,7170.0,11352.5,1,0.0
CUST-02435,41,Giza,6,Month-to-month,DSL,302.0,625.26,5,2,1,Yes,Yes,4.0,5790.31,No,<= Year,0.33,8.333333333333332,60.4,125.05,7503.12,3751.56,1,2.0
CUST-02436,47,Cairo,4,Month-to-month,DSL,301.4,586.33,6,2,2,Yes,No,4.0,4885.26,No,<= Year,0.5,16.666666666666664,50.23,97.72,7035.960000000001,2345.32,1,2.0
CUST-02437,51,Giza,25,Month-to-month,Fiber,105.1,497.61,4,3,3,No,No,4.0,4172.0,Yes,3 Years,0.12,25.0,26.28,124.4,5971.32,12440.25,1,3.0
CUST-02438,53,Alexandria,9,One year,Fiber,297.8,396.97,1,1,1,Yes,No,3.0,4827.41,No,<= Year,0.11,8.333333333333332,297.8,396.97,4763.64,3572.7300000000005,0,2.0
CUST-02439,62,Giza,22,Month-to-month,DSL,326.6,700.0,5,3,1,No,Yes,3.0,8295.48,No,2 Years,0.14,8.333333333333332,65.32,140.0,8400.0,15400.0,1,6.0
CUST-02440,21,Cairo,25,One year,Fiber,256.7,511.33,4,1,0,Yes,Yes,3.0,6220.2,No,3 Years,0.04,0.0,64.18,127.83,6135.96,12783.25,1,2.0
CUST-02441,37,Cairo,4,Two year,Fiber,64.4,640.2,6,1,0,Yes,Yes,3.0,8399.46,No,<= Year,0.25,0.0,10.73,106.7,7682.400000000001,2560.8,1,2.0
CUST-02442,18,Cairo,28,Month-to-month,DSL,205.1,424.47,5,4,3,No,Yes,5.0,3870.79,No,3 Years,0.14,25.0,41.02,84.89,5093.64,11885.16,0,0.0
CUST-02443,18,Cairo,44,One year,4G/5G,269.4,469.69,4,2,0,Yes,No,4.0,5366.34,No,4 Years,0.05,0.0,67.35,117.42,5636.28,20666.36,0,2.0
CUST-02444,29,Alexandria,33,Month-to-month,4G/5G,152.1,515.79,5,7,3,Yes,Yes,4.0,5938.02,Yes,3 Years,0.21,25.0,30.42,103.16,6189.48,17021.07,1,7.0
CUST-02445,49,Cairo,10,Month-to-month,4G/5G,312.6,531.6,4,4,1,Yes,Yes,5.0,4963.39,No,<= Year,0.4,8.333333333333332,78.15,132.9,6379.200000000001,5316.0,1,0.0
CUST-02446,65,Upper Egypt,21,Month-to-month,DSL,295.7,317.26,1,4,5,No,Yes,3.0,1914.6,No,2 Years,0.19,41.66666666666667,295.7,317.26,3807.12,6662.46,0,8.0
CUST-02447,58,Cairo,23,Month-to-month,4G/5G,242.1,506.53,4,2,1,Yes,No,2.0,5026.64,Yes,2 Years,0.09,8.333333333333332,60.52,126.63,6078.36,11650.189999999999,1,6.0
CUST-02448,52,Cairo,19,Month-to-month,4G/5G,231.6,415.1,3,3,0,No,Yes,3.0,4026.94,No,2 Years,0.16,0.0,77.2,138.37,4981.200000000001,7886.900000000001,0,6.0
CUST-02449,59,Upper Egypt,7,Month-to-month,Fiber,247.4,459.81,1,3,1,No,Yes,3.0,4746.99,No,<= Year,0.43,8.333333333333332,247.4,459.81,5517.72,3218.67,0,6.0
CUST-02450,27,Cairo,11,Two year,Fiber,229.6,382.24,2,2,2,Yes,Yes,4.0,5650.76,No,<= Year,0.18,16.666666666666664,114.8,191.12,4586.88,4204.64,0,2.0
CUST-02451,62,Giza,18,Month-to-month,Fiber,114.3,654.38,6,2,1,Yes,Yes,4.0,6601.06,No,2 Years,0.11,8.333333333333332,19.05,109.06,7852.5599999999995,11778.84,1,2.0
CUST-02452,65,Upper Egypt,25,Two year,4G/5G,191.3,529.96,4,3,0,Yes,Yes,5.0,7241.01,No,3 Years,0.12,0.0,47.82,132.49,6359.52,13249.0,1,0.0
CUST-02453,23,Upper Egypt,14,Month-to-month,4G/5G,236.5,292.75,1,3,1,No,No,1.0,3086.94,No,2 Years,0.21,8.333333333333332,236.5,292.75,3513.0,4098.5,0,12.0
CUST-02454,42,Delta,3,One year,4G/5G,357.7,480.73,3,0,2,Yes,No,3.0,6694.77,No,<= Year,0.0,16.666666666666664,119.23,160.24,5768.76,1442.19,0,0.0
CUST-02455,61,Cairo,14,Month-to-month,Fiber,292.3,625.93,5,4,0,No,No,3.0,7194.04,No,2 Years,0.29,0.0,58.46,125.19,7511.16,8763.019999999999,1,8.0
CUST-02456,43,Alexandria,62,Month-to-month,4G/5G,362.5,649.9,4,0,0,No,Yes,4.0,6570.89,No,6 Years,0.0,0.0,90.62,162.48,7798.799999999999,40293.799999999996,1,0.0
CUST-02457,62,Upper Egypt,28,Month-to-month,Fiber,103.6,534.05,5,3,1,Yes,Yes,5.0,5866.08,No,3 Years,0.11,8.333333333333332,20.72,106.81,6408.599999999999,14953.399999999998,1,0.0
CUST-02458,67,Upper Egypt,25,Two year,Fiber,197.9,734.52,4,3,1,Yes,No,2.0,10155.53,No,3 Years,0.12,8.333333333333332,49.48,183.63,8814.24,18363.0,1,9.0
CUST-02459,43,Cairo,11,Two year,DSL,416.6,420.56,1,2,1,Yes,Yes,3.0,5755.62,No,<= Year,0.18,8.333333333333332,416.6,420.56,5046.72,4626.16,0,4.0
CUST-02460,21,Giza,15,Month-to-month,4G/5G,163.1,610.88,6,2,1,No,No,3.0,5903.02,No,2 Years,0.13,8.333333333333332,27.18,101.81,7330.5599999999995,9163.2,1,4.0
CUST-02461,36,Cairo,3,One year,4G/5G,161.3,529.94,4,2,1,Yes,Yes,3.0,5908.69,No,<= Year,0.67,8.333333333333332,40.33,132.49,6359.280000000001,1589.8200000000002,1,4.0
CUST-02462,29,Cairo,10,One year,Fiber,205.5,553.58,6,0,3,Yes,Yes,3.0,6278.81,No,<= Year,0.0,25.0,34.25,92.26,6642.960000000001,5535.8,1,0.0
CUST-02463,43,Delta,27,One year,Fiber,411.6,570.87,2,2,1,Yes,Yes,4.0,6281.52,No,3 Years,0.07,8.333333333333332,205.8,285.44,6850.4400000000005,15413.49,1,2.0
CUST-02464,49,Cairo,25,Month-to-month,Fiber,169.6,506.68,5,2,0,No,No,5.0,5670.42,No,3 Years,0.08,0.0,33.92,101.34,6080.16,12667.0,1,0.0
CUST-02465,42,Giza,13,One year,Fiber,280.2,449.3,1,4,2,Yes,No,4.0,5878.99,Yes,2 Years,0.31,16.666666666666664,280.2,449.3,5391.6,5840.900000000001,0,4.0
CUST-02466,28,Cairo,19,One year,4G/5G,265.3,323.22,1,0,1,Yes,Yes,3.0,3702.28,No,2 Years,0.0,8.333333333333332,265.3,323.22,3878.6400000000003,6141.18,0,0.0
CUST-02467,33,Giza,22,Month-to-month,Fiber,56.4,547.49,6,0,0,Yes,Yes,3.0,5271.73,No,2 Years,0.0,0.0,9.4,91.25,6569.88,12044.78,1,0.0
CUST-02468,54,Cairo,13,Month-to-month,Fiber,228.6,754.35,6,2,0,Yes,No,2.0,6810.47,No,2 Years,0.15,0.0,38.1,125.72,9052.2,9806.550000000001,1,6.0
CUST-02469,19,Giza,29,Month-to-month,Fiber,180.2,633.01,6,6,1,Yes,No,5.0,6580.09,No,3 Years,0.21,8.333333333333332,30.03,105.5,7596.12,18357.29,1,0.0
CUST-02470,29,Cairo,24,Two year,DSL,291.0,301.38,2,2,0,Yes,Yes,5.0,4276.31,No,2 Years,0.08,0.0,145.5,150.69,3616.56,7233.12,0,0.0
CUST-02471,65,Upper Egypt,15,Month-to-month,4G/5G,386.5,730.49,6,2,0,Yes,No,2.0,6422.86,Yes,2 Years,0.13,0.0,64.42,121.75,8765.880000000001,10957.35,1,6.0
CUST-02472,23,Cairo,7,Month-to-month,Fiber,199.0,303.48,1,2,2,No,No,4.0,4307.29,No,<= Year,0.29,16.666666666666664,199.0,303.48,3641.76,2124.36,0,2.0
CUST-02473,39,Alexandria,15,Month-to-month,Fiber,199.0,555.46,3,1,1,Yes,Yes,3.0,4613.83,Yes,2 Years,0.07,8.333333333333332,66.33,185.15,6665.52,8331.900000000001,1,2.0
CUST-02474,28,Cairo,14,Two year,4G/5G,228.7,537.62,3,2,0,Yes,Yes,4.0,6451.57,No,2 Years,0.14,0.0,76.23,179.21,6451.4400000000005,7526.68,1,2.0
CUST-02475,23,Cairo,13,One year,Fiber,166.0,433.0,5,3,0,No,Yes,3.0,5612.08,No,2 Years,0.23,0.0,33.2,86.6,5196.0,5629.0,0,6.0
CUST-02476,40,Cairo,5,Month-to-month,Fiber,109.1,601.64,5,2,1,Yes,No,2.0,6012.07,Yes,<= Year,0.4,8.333333333333332,21.82,120.33,7219.68,3008.2,1,6.0
CUST-02477,45,Cairo,52,Month-to-month,Fiber,354.0,568.18,3,1,2,No,Yes,5.0,5456.71,No,5 Years,0.02,16.666666666666664,118.0,189.39,6818.16,29545.359999999997,1,0.0
CUST-02478,27,Cairo,50,One year,4G/5G,225.4,223.88,1,2,4,Yes,No,3.0,2264.98,No,5 Years,0.04,33.33333333333333,225.4,223.88,2686.56,11194.0,0,4.0
CUST-02479,22,Giza,19,Month-to-month,DSL,255.5,423.6,3,1,1,No,No,3.0,4405.96,Yes,2 Years,0.05,8.333333333333332,85.17,141.2,5083.200000000001,8048.400000000001,0,2.0
CUST-02480,25,Alexandria,25,Month-to-month,Fiber,430.8,530.15,2,2,0,No,No,4.0,5577.4,No,3 Years,0.08,0.0,215.4,265.08,6361.799999999999,13253.75,1,2.0
CUST-02481,52,Cairo,29,Two year,Fiber,103.7,567.65,5,4,2,No,Yes,3.0,6952.48,No,3 Years,0.14,16.666666666666664,20.74,113.53,6811.799999999999,16461.85,1,8.0
CUST-02482,63,Giza,19,Month-to-month,Fiber,212.4,365.55,1,0,1,Yes,Yes,3.0,4103.83,No,2 Years,0.0,8.333333333333332,212.4,365.55,4386.6,6945.45,0,0.0
CUST-02483,27,Alexandria,26,Month-to-month,Fiber,118.7,491.09,3,3,1,Yes,No,2.0,5043.97,Yes,3 Years,0.12,8.333333333333332,39.57,163.7,5893.08,12768.34,1,9.0
CUST-02484,34,Cairo,32,Month-to-month,Fiber,228.7,590.16,4,2,0,No,Yes,1.0,6365.27,No,3 Years,0.06,0.0,57.18,147.54,7081.92,18885.12,1,8.0
CUST-02485,36,Giza,24,One year,Fiber,180.2,530.2,4,3,0,Yes,No,2.0,6238.24,No,2 Years,0.12,0.0,45.05,132.55,6362.400000000001,12724.800000000001,1,9.0
CUST-02486,37,Cairo,36,One year,Fiber,124.4,549.29,5,5,2,Yes,Yes,3.0,6780.53,No,3 Years,0.14,16.666666666666664,24.88,109.86,6591.48,19774.44,1,10.0
CUST-02487,30,Cairo,12,Month-to-month,Fiber,295.9,470.59,2,5,1,Yes,No,2.0,4422.0,Yes,<= Year,0.42,8.333333333333332,147.95,235.3,5647.08,5647.08,0,15.0
CUST-02488,20,Giza,21,One year,Fiber,230.9,439.55,4,1,0,No,Yes,3.0,5546.61,No,2 Years,0.05,0.0,57.72,109.89,5274.6,9230.550000000001,0,2.0
CUST-02489,45,Upper Egypt,72,Two year,Fiber,117.4,283.36,1,2,2,No,Yes,3.0,4097.31,No,6 Years,0.03,16.666666666666664,117.4,283.36,3400.32,20401.920000000002,0,4.0
CUST-02490,36,Upper Egypt,42,One year,4G/5G,122.9,349.88,3,1,1,No,Yes,3.0,4678.3,No,4 Years,0.02,8.333333333333332,40.97,116.63,4198.5599999999995,14694.96,0,2.0
CUST-02491,36,Upper Egypt,24,Month-to-month,Fiber,248.7,659.01,6,2,0,Yes,No,4.0,6842.07,Yes,2 Years,0.08,0.0,41.45,109.84,7908.12,15816.24,1,2.0
CUST-02492,32,Giza,10,Month-to-month,4G/5G,79.6,513.08,6,1,1,No,Yes,5.0,4302.49,No,<= Year,0.1,8.333333333333332,13.27,85.51,6156.960000000001,5130.8,1,0.0
CUST-02493,67,Cairo,22,Two year,4G/5G,250.5,506.45,4,4,1,No,Yes,4.0,6368.51,No,2 Years,0.18,8.333333333333332,62.62,126.61,6077.4,11141.9,1,4.0
CUST-02494,50,Giza,40,Month-to-month,4G/5G,350.6,571.37,3,0,0,Yes,No,2.0,5745.43,No,4 Years,0.0,0.0,116.87,190.46,6856.4400000000005,22854.8,1,0.0
CUST-02495,40,Cairo,34,Month-to-month,Fiber,290.0,668.82,6,2,1,Yes,No,4.0,6860.07,No,3 Years,0.06,8.333333333333332,48.33,111.47,8025.84,22739.88,1,2.0
CUST-02496,28,Cairo,3,Month-to-month,Fiber,173.9,478.68,3,4,1,Yes,No,5.0,5166.65,Yes,<= Year,1.33,8.333333333333332,57.97,159.56,5744.16,1436.04,0,0.0
CUST-02497,60,Cairo,5,Two year,DSL,254.7,524.2,5,2,1,Yes,Yes,4.0,6873.97,No,<= Year,0.4,8.333333333333332,50.94,104.84,6290.400000000001,2621.0,1,2.0
CUST-02498,65,Giza,5,Month-to-month,Fiber,117.4,576.45,4,4,0,Yes,Yes,2.0,5263.5,Yes,<= Year,0.8,0.0,29.35,144.11,6917.400000000001,2882.25,1,12.0
CUST-02499,19,Giza,29,Month-to-month,Fiber,242.3,478.24,1,0,1,Yes,Yes,2.0,5094.47,Yes,3 Years,0.0,8.333333333333332,242.3,478.24,5738.88,13868.960000000001,0,0.0
CUST-02500,67,Cairo,5,One year,Fiber,200.6,565.4,5,1,3,Yes,No,3.0,5978.61,No,<= Year,0.2,25.0,40.12,113.08,6784.799999999999,2827.0,1,2.0
CUST-02501,55,Delta,9,Month-to-month,DSL,136.5,586.88,6,2,1,Yes,No,4.0,6326.69,Yes,<= Year,0.22,8.333333333333332,22.75,97.81,7042.5599999999995,5281.92,1,2.0
CUST-02502,23,Giza,19,Month-to-month,4G/5G,286.1,698.74,5,2,0,Yes,No,5.0,7633.73,No,2 Years,0.11,0.0,57.22,139.75,8384.880000000001,13276.06,1,0.0
CUST-02503,57,Delta,44,Month-to-month,Fiber,52.0,415.94,4,3,1,No,Yes,4.0,4328.61,No,4 Years,0.07,8.333333333333332,13.0,103.98,4991.28,18301.36,0,3.0
CUST-02504,23,Cairo,30,Month-to-month,4G/5G,123.3,355.76,1,2,1,Yes,No,4.0,3408.33,No,3 Years,0.07,8.333333333333332,123.3,355.76,4269.12,10672.8,0,2.0
CUST-02505,20,Alexandria,17,Two year,4G/5G,134.1,210.22,1,0,0,Yes,Yes,4.0,2715.29,No,2 Years,0.0,0.0,134.1,210.22,2522.64,3573.74,0,0.0
CUST-02506,24,Cairo,37,Month-to-month,Fiber,184.6,641.76,6,5,0,No,Yes,4.0,6019.62,Yes,4 Years,0.14,0.0,30.77,106.96,7701.12,23745.12,1,5.0
CUST-02507,42,Giza,72,Two year,Fiber,346.9,529.13,3,3,1,Yes,Yes,4.0,6768.4,No,6 Years,0.04,8.333333333333332,115.63,176.38,6349.5599999999995,38097.36,1,3.0
CUST-02508,50,Cairo,22,Month-to-month,Fiber,297.9,424.31,3,2,2,Yes,No,5.0,4200.34,Yes,2 Years,0.09,16.666666666666664,99.3,141.44,5091.72,9334.82,0,0.0
CUST-02509,39,Cairo,7,Month-to-month,4G/5G,239.5,570.91,4,2,1,No,Yes,3.0,5266.97,No,<= Year,0.29,8.333333333333332,59.88,142.73,6850.92,3996.37,1,4.0
CUST-02510,24,Alexandria,9,Month-to-month,DSL,235.2,592.51,6,2,1,Yes,Yes,4.0,5086.43,No,<= Year,0.22,8.333333333333332,39.2,98.75,7110.12,5332.59,1,2.0
CUST-02511,28,Cairo,9,Month-to-month,DSL,228.9,366.0,3,3,1,No,No,3.0,3393.14,Yes,<= Year,0.33,8.333333333333332,76.3,122.0,4392.0,3294.0,0,6.0
CUST-02512,63,Cairo,11,Month-to-month,DSL,228.7,537.39,4,2,1,No,No,4.0,5346.76,No,<= Year,0.18,8.333333333333332,57.18,134.35,6448.68,5911.29,1,2.0
CUST-02513,69,Upper Egypt,16,Month-to-month,Fiber,66.6,535.01,4,1,0,Yes,Yes,3.0,5175.13,No,2 Years,0.06,0.0,16.65,133.75,6420.12,8560.16,1,2.0
CUST-02514,57,Cairo,26,Two year,4G/5G,299.4,381.5,3,2,0,No,Yes,2.0,4648.46,No,3 Years,0.08,0.0,99.8,127.17,4578.0,9919.0,0,6.0
CUST-02515,23,Alexandria,6,Month-to-month,4G/5G,184.3,316.86,4,0,1,Yes,No,4.0,2139.8,No,<= Year,0.0,8.333333333333332,46.08,79.22,3802.32,1901.16,0,0.0
CUST-02516,61,Alexandria,7,Two year,DSL,275.3,377.29,2,2,2,No,Yes,5.0,5459.06,No,<= Year,0.29,16.666666666666664,137.65,188.64,4527.4800000000005,2641.03,0,0.0
CUST-02517,54,Cairo,32,Month-to-month,Fiber,275.7,467.51,3,1,0,Yes,Yes,3.0,4758.07,Yes,3 Years,0.03,0.0,91.9,155.84,5610.12,14960.32,0,2.0
CUST-02518,45,Giza,14,Month-to-month,Fiber,296.0,591.09,3,2,2,No,No,4.0,5866.95,No,2 Years,0.14,16.666666666666664,98.67,197.03,7093.08,8275.26,1,2.0
CUST-02519,25,Cairo,10,One year,Fiber,372.5,581.19,4,1,0,Yes,No,4.0,7007.17,No,<= Year,0.1,0.0,93.12,145.3,6974.280000000001,5811.900000000001,1,1.0
CUST-02520,70,Delta,18,Month-to-month,Fiber,106.6,462.53,3,2,1,Yes,Yes,3.0,4783.09,No,2 Years,0.11,8.333333333333332,35.53,154.18,5550.36,8325.539999999999,0,4.0
CUST-02521,41,Cairo,49,Month-to-month,DSL,320.5,441.5,3,0,1,No,No,4.0,4705.73,No,5 Years,0.0,8.333333333333332,106.83,147.17,5298.0,21633.5,0,0.0
CUST-02522,20,Cairo,35,Month-to-month,4G/5G,224.3,530.19,6,2,3,No,No,3.0,5121.94,No,3 Years,0.06,25.0,37.38,88.36,6362.280000000001,18556.65,1,4.0
CUST-02523,29,Cairo,33,Month-to-month,4G/5G,188.5,548.32,5,1,2,Yes,Yes,3.0,5680.73,No,3 Years,0.03,16.666666666666664,37.7,109.66,6579.84,18094.56,1,2.0
CUST-02524,39,Upper Egypt,61,One year,Fiber,413.0,654.01,6,1,1,Yes,No,4.0,8342.33,No,6 Years,0.02,8.333333333333332,68.83,109.0,7848.12,39894.61,1,1.0
CUST-02525,21,Delta,26,Month-to-month,Fiber,293.2,495.77,4,2,2,No,No,4.0,5512.92,Yes,3 Years,0.08,16.666666666666664,73.3,123.94,5949.24,12890.02,1,2.0
CUST-02526,35,Upper Egypt,64,Two year,Fiber,192.5,417.76,3,3,1,Yes,Yes,4.0,5379.34,No,6 Years,0.05,8.333333333333332,64.17,139.25,5013.12,26736.64,0,3.0
CUST-02527,42,Alexandria,68,Month-to-month,4G/5G,316.2,419.95,3,2,2,Yes,Yes,3.0,4422.95,No,6 Years,0.03,16.666666666666664,105.4,139.98,5039.4,28556.6,0,4.0
CUST-02528,68,Alexandria,6,Month-to-month,4G/5G,225.9,604.25,6,0,1,Yes,Yes,2.0,5023.35,No,<= Year,0.0,8.333333333333332,37.65,100.71,7251.0,3625.5,1,0.0
CUST-02529,22,Giza,4,Month-to-month,DSL,191.0,436.04,4,2,0,No,No,5.0,4284.66,Yes,<= Year,0.5,0.0,47.75,109.01,5232.4800000000005,1744.16,0,0.0
CUST-02530,48,Upper Egypt,9,Month-to-month,DSL,228.7,577.3,6,3,1,No,No,3.0,5499.88,No,<= Year,0.33,8.333333333333332,38.12,96.22,6927.599999999999,5195.7,1,6.0
CUST-02531,66,Giza,46,Two year,DSL,257.4,506.24,6,2,0,Yes,No,3.0,7121.23,No,4 Years,0.04,0.0,42.9,84.37,6074.88,23287.04,1,4.0
CUST-02532,60,Giza,18,Two year,Fiber,174.8,622.56,6,3,0,No,Yes,3.0,8046.57,No,2 Years,0.17,0.0,29.13,103.76,7470.719999999999,11206.079999999998,1,6.0
CUST-02533,67,Alexandria,16,Month-to-month,Fiber,244.0,526.24,4,7,1,Yes,Yes,2.0,5368.39,Yes,2 Years,0.44,8.333333333333332,61.0,131.56,6314.88,8419.84,1,21.0
CUST-02534,27,Alexandria,37,Month-to-month,Fiber,309.8,533.81,3,2,1,Yes,No,3.0,5166.2,No,4 Years,0.05,8.333333333333332,103.27,177.94,6405.719999999999,19750.969999999998,1,4.0
CUST-02535,60,Cairo,13,Two year,Fiber,239.9,674.89,6,0,1,No,Yes,4.0,8447.71,No,2 Years,0.0,8.333333333333332,39.98,112.48,8098.68,8773.57,1,0.0
CUST-02536,69,Giza,24,Month-to-month,DSL,407.9,438.59,2,1,4,Yes,No,3.0,3704.25,No,2 Years,0.04,33.33333333333333,203.95,219.3,5263.08,10526.16,0,2.0
CUST-02537,35,Cairo,32,Month-to-month,Fiber,231.2,383.39,2,2,0,Yes,Yes,5.0,4459.33,No,3 Years,0.06,0.0,115.6,191.7,4600.68,12268.48,0,0.0
CUST-02538,44,Delta,10,Month-to-month,DSL,351.4,629.9,6,3,1,Yes,Yes,5.0,6075.54,No,<= Year,0.3,8.333333333333332,58.57,104.98,7558.799999999999,6299.0,1,0.0
CUST-02539,46,Giza,8,Month-to-month,DSL,317.9,532.56,5,2,1,Yes,No,4.0,4152.87,No,<= Year,0.25,8.333333333333332,63.58,106.51,6390.719999999999,4260.48,1,2.0
CUST-02540,44,Delta,22,Month-to-month,DSL,367.3,596.85,4,3,1,Yes,No,1.0,5962.57,No,2 Years,0.14,8.333333333333332,91.82,149.21,7162.200000000001,13130.7,1,12.0
CUST-02541,33,Giza,24,Month-to-month,4G/5G,407.5,580.91,4,2,2,No,Yes,5.0,5339.18,No,2 Years,0.08,16.666666666666664,101.88,145.23,6970.92,13941.84,1,0.0
CUST-02542,69,Delta,35,Two year,Fiber,71.5,436.53,3,4,0,Yes,Yes,3.0,5949.81,No,3 Years,0.11,0.0,23.83,145.51,5238.36,15278.55,0,8.0
CUST-02543,68,Cairo,9,Month-to-month,DSL,253.9,521.02,6,2,0,Yes,No,5.0,4813.64,No,<= Year,0.22,0.0,42.32,86.84,6252.24,4689.18,1,0.0
CUST-02544,38,Upper Egypt,12,Two year,Fiber,219.9,456.1,3,1,1,Yes,Yes,3.0,5898.78,No,<= Year,0.08,8.333333333333332,73.3,152.03,5473.200000000001,5473.200000000001,0,2.0
CUST-02545,60,Giza,67,One year,DSL,228.7,435.44,3,2,4,No,No,3.0,3795.13,No,6 Years,0.03,33.33333333333333,76.23,145.15,5225.28,29174.48,0,4.0
CUST-02546,39,Cairo,41,Month-to-month,DSL,194.2,289.48,1,2,2,Yes,No,4.0,3019.36,No,4 Years,0.05,16.666666666666664,194.2,289.48,3473.76,11868.68,0,2.0
CUST-02547,60,Cairo,19,Month-to-month,Fiber,181.1,358.89,1,1,2,No,Yes,3.0,3100.39,No,2 Years,0.05,16.666666666666664,181.1,358.89,4306.68,6818.91,0,2.0
CUST-02548,48,Cairo,45,Month-to-month,Fiber,131.0,303.34,2,3,1,Yes,No,2.0,2553.79,No,4 Years,0.07,8.333333333333332,65.5,151.67,3640.08,13650.3,0,9.0
CUST-02549,42,Giza,9,Two year,DSL,238.8,320.96,2,2,0,Yes,Yes,1.0,4474.42,Yes,<= Year,0.22,0.0,119.4,160.48,3851.5199999999995,2888.64,0,8.0
CUST-02550,24,Delta,17,Month-to-month,DSL,314.1,379.22,2,3,0,Yes,No,5.0,3981.12,Yes,2 Years,0.18,0.0,157.05,189.61,4550.64,6446.740000000001,0,0.0
CUST-02551,52,Upper Egypt,24,Two year,DSL,185.6,576.61,5,3,1,Yes,Yes,2.0,7266.22,No,2 Years,0.12,8.333333333333332,37.12,115.32,6919.32,13838.64,1,9.0
CUST-02552,35,Alexandria,16,One year,Fiber,228.7,432.16,4,0,0,Yes,Yes,2.0,4788.78,No,2 Years,0.0,0.0,57.18,108.04,5185.92,6914.56,0,0.0
CUST-02553,29,Alexandria,16,One year,DSL,167.2,226.1,1,4,1,No,Yes,4.0,3252.98,No,2 Years,0.25,8.333333333333332,167.2,226.1,2713.2,3617.6,0,4.0
CUST-02554,28,Giza,34,Month-to-month,DSL,140.5,333.99,4,2,1,Yes,Yes,2.0,3160.53,No,3 Years,0.06,8.333333333333332,35.12,83.5,4007.88,11355.66,0,6.0
CUST-02555,70,Delta,41,One year,Fiber,208.7,392.22,1,3,0,Yes,No,2.0,5458.74,No,4 Years,0.07,0.0,208.7,392.22,4706.64,16081.02,0,9.0
CUST-02556,23,Delta,15,One year,DSL,260.9,549.38,4,2,0,Yes,Yes,1.0,6905.27,No,2 Years,0.13,0.0,65.22,137.34,6592.5599999999995,8240.7,1,8.0
CUST-02557,60,Cairo,6,One year,DSL,343.2,370.23,1,1,0,Yes,Yes,4.0,5167.58,No,<= Year,0.17,0.0,343.2,370.23,4442.76,2221.38,0,1.0
CUST-02558,63,Upper Egypt,5,Month-to-month,4G/5G,122.7,333.38,1,3,2,No,No,2.0,3541.02,Yes,<= Year,0.6,16.666666666666664,122.7,333.38,4000.56,1666.9,0,9.0
CUST-02559,19,Giza,2,One year,Fiber,228.7,544.6,5,2,0,Yes,Yes,4.0,6200.26,No,<= Year,1.0,0.0,45.74,108.92,6535.200000000001,1089.2,1,2.0
CUST-02560,49,Delta,60,Month-to-month,Fiber,336.0,443.01,1,2,0,No,Yes,3.0,4710.19,No,5 Years,0.03,0.0,336.0,443.01,5316.12,26580.6,0,4.0
CUST-02561,48,Upper Egypt,34,One year,4G/5G,123.9,534.6,6,5,1,No,Yes,4.0,6328.89,No,3 Years,0.15,8.333333333333332,20.65,89.1,6415.200000000001,18176.4,1,5.0
CUST-02562,37,Delta,29,Month-to-month,4G/5G,344.0,499.02,3,3,2,No,No,3.0,5232.98,Yes,3 Years,0.1,16.666666666666664,114.67,166.34,5988.24,14471.58,1,6.0
CUST-02563,53,Cairo,13,Month-to-month,Fiber,190.5,615.02,5,2,2,Yes,Yes,3.0,5856.83,No,2 Years,0.15,16.666666666666664,38.1,123.0,7380.24,7995.26,1,4.0
CUST-02564,39,Alexandria,13,One year,4G/5G,294.0,405.67,2,3,1,No,Yes,3.0,4671.52,No,2 Years,0.23,8.333333333333332,147.0,202.84,4868.04,5273.71,0,6.0
CUST-02565,41,Cairo,42,Month-to-month,Fiber,210.4,530.05,3,3,0,No,No,3.0,6157.39,No,4 Years,0.07,0.0,70.13,176.68,6360.599999999999,22262.1,1,6.0
CUST-02566,40,Delta,4,One year,4G/5G,271.3,624.09,6,0,1,Yes,Yes,2.0,6972.41,No,<= Year,0.0,8.333333333333332,45.22,104.02,7489.08,2496.36,1,0.0
CUST-02567,60,Cairo,15,One year,Fiber,374.8,452.48,1,0,0,Yes,No,5.0,5297.96,No,2 Years,0.0,0.0,374.8,452.48,5429.76,6787.200000000001,0,0.0
CUST-02568,51,Delta,46,One year,Fiber,219.1,592.25,3,2,2,No,Yes,3.0,6769.72,No,4 Years,0.04,16.666666666666664,73.03,197.42,7107.0,27243.5,1,4.0
CUST-02569,38,Upper Egypt,15,One year,4G/5G,319.7,403.84,1,2,1,Yes,Yes,1.0,5092.39,No,2 Years,0.13,8.333333333333332,319.7,403.84,4846.08,6057.599999999999,0,8.0
CUST-02570,67,Cairo,33,Month-to-month,Fiber,254.7,460.58,3,0,1,Yes,Yes,4.0,4780.5,No,3 Years,0.0,8.333333333333332,84.9,153.53,5526.96,15199.14,0,0.0
CUST-02571,60,Giza,20,Month-to-month,4G/5G,159.3,564.09,6,2,2,No,Yes,3.0,5626.21,Yes,2 Years,0.1,16.666666666666664,26.55,94.02,6769.08,11281.800000000001,1,4.0
CUST-02572,67,Alexandria,1,One year,DSL,216.9,515.44,4,2,0,No,Yes,3.0,6165.38,Yes,,2.0,0.0,54.22,128.86,6185.280000000001,515.44,1,4.0
CUST-02573,56,Giza,19,Month-to-month,Fiber,211.3,542.63,3,1,1,Yes,Yes,3.0,4327.23,No,2 Years,0.05,8.333333333333332,70.43,180.88,6511.5599999999995,10309.97,1,2.0
CUST-02574,38,Cairo,22,Month-to-month,4G/5G,102.9,457.11,4,1,3,Yes,Yes,5.0,4007.59,No,2 Years,0.05,25.0,25.72,114.28,5485.32,10056.42,0,0.0
CUST-02575,58,Cairo,18,Month-to-month,DSL,271.3,294.11,2,0,2,Yes,No,3.0,2757.42,No,2 Years,0.0,16.666666666666664,135.65,147.06,3529.32,5293.9800000000005,0,0.0
CUST-02576,35,Giza,7,Month-to-month,4G/5G,289.2,312.64,1,0,1,Yes,No,4.0,3322.93,No,<= Year,0.0,8.333333333333332,289.2,312.64,3751.68,2188.48,0,0.0
CUST-02577,32,Alexandria,18,Two year,4G/5G,303.1,545.12,4,1,0,Yes,Yes,4.0,6770.22,No,2 Years,0.06,0.0,75.78,136.28,6541.4400000000005,9812.16,1,1.0
CUST-02578,41,Alexandria,3,Month-to-month,Fiber,358.7,683.22,5,2,1,No,Yes,2.0,6013.12,No,<= Year,0.67,8.333333333333332,71.74,136.64,8198.64,2049.66,1,6.0
CUST-02579,69,Cairo,15,Month-to-month,Fiber,315.9,525.29,2,1,1,No,No,4.0,5071.15,No,2 Years,0.07,8.333333333333332,157.95,262.64,6303.48,7879.349999999999,1,1.0
CUST-02580,48,Giza,35,Two year,Fiber,175.7,250.01,1,0,1,No,Yes,3.0,4031.9,No,3 Years,0.0,8.333333333333332,175.7,250.01,3000.12,8750.35,0,0.0
CUST-02581,38,Giza,58,Two year,DSL,194.9,506.99,4,2,2,No,No,2.0,5608.4,No,5 Years,0.03,16.666666666666664,48.72,126.75,6083.88,29405.420000000002,1,6.0
CUST-02582,42,Cairo,52,Month-to-month,Fiber,305.5,599.57,3,6,1,No,No,2.0,4738.79,Yes,5 Years,0.12,8.333333333333332,101.83,199.86,7194.84,31177.640000000003,1,18.0
CUST-02583,33,Delta,8,Two year,Fiber,228.7,539.08,6,3,3,Yes,Yes,4.0,7568.65,No,<= Year,0.38,25.0,38.12,89.85,6468.960000000001,4312.64,1,3.0
CUST-02584,52,Cairo,5,Month-to-month,4G/5G,228.4,451.5,3,1,1,Yes,Yes,5.0,3862.35,No,<= Year,0.2,8.333333333333332,76.13,150.5,5418.0,2257.5,0,0.0
CUST-02585,36,Alexandria,24,One year,Fiber,151.3,504.16,3,0,0,Yes,No,3.0,5864.56,No,2 Years,0.0,0.0,50.43,168.05,6049.92,12099.84,1,0.0
CUST-02586,47,Upper Egypt,21,Month-to-month,DSL,182.2,376.62,4,2,0,Yes,Yes,4.0,3274.83,No,2 Years,0.1,0.0,45.55,94.16,4519.4400000000005,7909.02,0,2.0
CUST-02587,37,Alexandria,31,Month-to-month,Fiber,282.5,649.86,6,2,1,No,No,4.0,6321.58,No,3 Years,0.06,8.333333333333332,47.08,108.31,7798.32,20145.66,1,2.0
CUST-02588,34,Alexandria,12,Month-to-month,Fiber,54.4,566.49,5,3,0,Yes,No,3.0,5541.11,Yes,<= Year,0.25,0.0,10.88,113.3,6797.88,6797.88,1,6.0
CUST-02589,69,Cairo,21,One year,Fiber,19.4,438.62,4,2,1,Yes,Yes,5.0,6077.47,No,2 Years,0.1,8.333333333333332,4.85,109.66,5263.4400000000005,9211.02,0,0.0
CUST-02590,36,Cairo,21,Month-to-month,Fiber,292.4,606.11,5,1,4,Yes,No,5.0,6102.53,Yes,2 Years,0.05,33.33333333333333,58.48,121.22,7273.32,12728.31,1,0.0
CUST-02591,21,Cairo,15,Month-to-month,DSL,182.0,521.3,5,4,1,Yes,Yes,3.0,4516.96,No,2 Years,0.27,8.333333333333332,36.4,104.26,6255.599999999999,7819.499999999999,1,8.0
CUST-02592,38,Delta,4,One year,Fiber,272.2,499.09,4,3,2,No,No,5.0,4991.09,No,<= Year,0.75,16.666666666666664,68.05,124.77,5989.08,1996.36,1,0.0
CUST-02593,46,Delta,34,Month-to-month,4G/5G,371.9,392.64,2,2,0,Yes,Yes,3.0,4309.99,No,3 Years,0.06,0.0,185.95,196.32,4711.68,13349.76,0,4.0
CUST-02594,23,Cairo,24,Two year,Fiber,138.8,333.52,1,3,1,Yes,Yes,2.0,4108.44,No,2 Years,0.12,8.333333333333332,138.8,333.52,4002.24,8004.48,0,9.0
CUST-02595,34,Cairo,36,Month-to-month,Fiber,79.7,542.49,4,3,1,No,No,4.0,5072.33,No,3 Years,0.08,8.333333333333332,19.92,135.62,6509.88,19529.64,1,3.0
CUST-02596,26,Giza,42,Month-to-month,4G/5G,205.1,574.87,5,4,0,Yes,No,4.0,6443.9,Yes,4 Years,0.1,0.0,41.02,114.97,6898.4400000000005,24144.54,1,4.0
CUST-02597,44,Alexandria,19,Month-to-month,4G/5G,168.4,503.85,3,1,1,Yes,No,3.0,4160.62,No,2 Years,0.05,8.333333333333332,56.13,167.95,6046.200000000001,9573.15,1,2.0
CUST-02598,56,Alexandria,35,Month-to-month,Fiber,227.7,514.61,3,0,1,No,No,4.0,5046.96,No,3 Years,0.0,8.333333333333332,75.9,171.54,6175.32,18011.350000000002,1,0.0
CUST-02599,69,Delta,59,Month-to-month,4G/5G,278.4,572.39,3,3,0,Yes,No,4.0,6256.4,Yes,5 Years,0.05,0.0,92.8,190.8,6868.68,33771.01,1,3.0
CUST-02600,38,Upper Egypt,71,Month-to-month,Fiber,259.4,562.19,4,1,2,Yes,Yes,5.0,5285.97,No,6 Years,0.01,16.666666666666664,64.85,140.55,6746.280000000001,39915.490000000005,1,0.0
CUST-02601,63,Cairo,26,One year,DSL,234.2,542.88,5,2,2,Yes,No,4.0,6957.83,No,3 Years,0.08,16.666666666666664,46.84,108.58,6514.5599999999995,14114.88,1,2.0
CUST-02602,29,Alexandria,27,Month-to-month,Fiber,325.2,550.77,3,6,1,Yes,Yes,5.0,5134.92,Yes,3 Years,0.22,8.333333333333332,108.4,183.59,6609.24,14870.789999999999,1,0.0
CUST-02603,59,Alexandria,26,Month-to-month,4G/5G,290.4,495.8,4,2,4,Yes,Yes,3.0,4578.96,Yes,3 Years,0.08,33.33333333333333,72.6,123.95,5949.6,12890.800000000001,1,4.0
CUST-02604,47,Cairo,31,One year,4G/5G,213.7,403.51,3,2,3,No,Yes,3.0,4334.63,No,3 Years,0.06,25.0,71.23,134.5,4842.12,12508.81,0,4.0
CUST-02605,58,Upper Egypt,41,Month-to-month,4G/5G,287.2,369.62,2,2,0,Yes,No,3.0,2671.6,No,4 Years,0.05,0.0,143.6,184.81,4435.4400000000005,15154.42,0,4.0
CUST-02606,58,Cairo,25,One year,4G/5G,90.9,478.97,5,2,0,No,Yes,3.0,5578.57,No,3 Years,0.08,0.0,18.18,95.79,5747.64,11974.25,0,4.0
CUST-02607,46,Delta,69,Two year,Fiber,325.7,697.67,4,3,0,Yes,Yes,2.0,9568.46,No,6 Years,0.04,0.0,81.42,174.42,8372.039999999999,48139.229999999996,1,9.0
CUST-02608,31,Delta,62,Month-to-month,DSL,232.0,573.34,4,3,2,No,Yes,4.0,5330.92,No,6 Years,0.05,16.666666666666664,58.0,143.34,6880.08,35547.08,1,3.0
CUST-02609,45,Upper Egypt,22,One year,Fiber,121.9,378.3,2,3,0,No,Yes,4.0,4414.54,No,2 Years,0.14,0.0,60.95,189.15,4539.6,8322.6,0,3.0
CUST-02610,61,Giza,22,Two year,Fiber,192.5,620.02,6,1,1,Yes,No,4.0,7835.46,No,2 Years,0.05,8.333333333333332,32.08,103.34,7440.24,13640.439999999999,1,1.0
CUST-02611,69,Giza,14,Month-to-month,Fiber,323.4,519.81,5,2,1,Yes,Yes,5.0,5476.62,No,2 Years,0.14,8.333333333333332,64.68,103.96,6237.719999999999,7277.339999999999,1,0.0
CUST-02612,67,Delta,32,Two year,4G/5G,160.9,481.46,5,3,0,No,No,4.0,6166.76,No,3 Years,0.09,0.0,32.18,96.29,5777.5199999999995,15406.72,0,3.0
CUST-02613,27,Delta,16,Month-to-month,DSL,267.0,496.93,5,0,0,Yes,No,3.0,4981.68,Yes,2 Years,0.0,0.0,53.4,99.39,5963.16,7950.88,1,0.0
CUST-02614,49,Giza,14,One year,Fiber,309.1,498.27,3,1,4,No,No,2.0,5466.81,No,2 Years,0.07,33.33333333333333,103.03,166.09,5979.24,6975.78,1,3.0
CUST-02615,23,Delta,31,Month-to-month,4G/5G,232.2,476.9,4,2,1,Yes,Yes,4.0,4603.27,No,3 Years,0.06,8.333333333333332,58.05,119.22,5722.799999999999,14783.9,0,2.0
CUST-02616,53,Cairo,8,Month-to-month,4G/5G,152.2,379.64,2,1,0,No,No,4.0,4673.79,No,<= Year,0.12,0.0,76.1,189.82,4555.68,3037.12,0,1.0
CUST-02617,70,Alexandria,41,Two year,Fiber,224.2,642.84,5,3,0,Yes,Yes,5.0,8166.22,No,4 Years,0.07,0.0,44.84,128.57,7714.08,26356.440000000002,1,0.0
CUST-02618,20,Upper Egypt,32,Month-to-month,DSL,103.2,219.17,1,2,2,Yes,Yes,2.0,2487.77,No,3 Years,0.06,16.666666666666664,103.2,219.17,2630.04,7013.44,0,6.0
CUST-02619,52,Cairo,60,Two year,DSL,186.0,534.72,4,0,1,Yes,Yes,4.0,7767.4,No,5 Years,0.0,8.333333333333332,46.5,133.68,6416.64,32083.2,1,0.0
CUST-02620,68,Giza,26,One year,DSL,130.3,343.54,2,3,2,Yes,Yes,5.0,4142.95,No,3 Years,0.12,16.666666666666664,65.15,171.77,4122.4800000000005,8932.04,0,0.0
CUST-02621,62,Upper Egypt,36,Two year,Fiber,225.8,594.65,4,3,0,Yes,Yes,2.0,7788.63,No,3 Years,0.08,0.0,56.45,148.66,7135.799999999999,21407.399999999998,1,9.0
CUST-02622,38,Delta,39,Two year,DSL,115.8,294.81,2,2,2,Yes,Yes,2.0,4072.95,No,4 Years,0.05,16.666666666666664,57.9,147.4,3537.7200000000003,11497.59,0,6.0
CUST-02623,23,Upper Egypt,49,One year,Fiber,237.5,690.31,6,1,1,No,No,2.0,7924.61,No,5 Years,0.02,8.333333333333332,39.58,115.05,8283.72,33825.189999999995,1,3.0
CUST-02624,66,Giza,24,Two year,DSL,332.0,371.09,1,2,0,Yes,No,4.0,4217.93,Yes,2 Years,0.08,0.0,332.0,371.09,4453.08,8906.16,0,2.0
CUST-02625,66,Upper Egypt,14,One year,Fiber,337.6,724.01,5,1,2,Yes,Yes,3.0,8164.6,No,2 Years,0.07,16.666666666666664,67.52,144.8,8688.119999999999,10136.14,1,2.0
CUST-02626,48,Cairo,27,Month-to-month,Fiber,117.9,595.7,5,3,0,No,Yes,4.0,6771.4,No,3 Years,0.11,0.0,23.58,119.14,7148.400000000001,16083.900000000001,1,3.0
CUST-02627,69,Giza,41,One year,Fiber,170.1,681.57,6,1,0,No,No,3.0,8389.13,No,4 Years,0.02,0.0,28.35,113.6,8178.84,27944.370000000003,1,2.0
CUST-02628,18,Giza,45,Month-to-month,DSL,306.7,362.47,2,2,1,No,Yes,5.0,3952.42,Yes,4 Years,0.04,8.333333333333332,153.35,181.24,4349.64,16311.150000000001,0,0.0
CUST-02629,50,Delta,4,Month-to-month,Fiber,293.4,692.25,5,4,1,Yes,Yes,4.0,7059.81,Yes,<= Year,1.0,8.333333333333332,58.68,138.45,8307.0,2769.0,1,4.0
CUST-02630,20,Upper Egypt,72,Month-to-month,Fiber,174.6,291.17,1,2,1,No,No,3.0,3160.39,No,6 Years,0.03,8.333333333333332,174.6,291.17,3494.04,20964.24,0,4.0
CUST-02631,67,Delta,14,Month-to-month,Fiber,186.2,554.25,5,1,1,Yes,Yes,3.0,5411.0,Yes,2 Years,0.07,8.333333333333332,37.24,110.85,6651.0,7759.5,1,2.0
CUST-02632,54,Alexandria,36,Month-to-month,4G/5G,237.4,470.69,3,1,0,Yes,Yes,4.0,4711.56,No,3 Years,0.03,0.0,79.13,156.9,5648.28,16944.84,0,1.0
CUST-02633,66,Giza,53,Month-to-month,Fiber,65.0,476.3,5,4,0,No,Yes,2.0,5098.07,Yes,5 Years,0.08,0.0,13.0,95.26,5715.6,25243.9,0,12.0
CUST-02634,47,Giza,20,One year,Fiber,277.3,569.59,5,3,2,Yes,Yes,5.0,6483.73,No,2 Years,0.15,16.666666666666664,55.46,113.92,6835.08,11391.800000000001,1,0.0
CUST-02635,22,Giza,46,One year,Fiber,327.5,478.69,3,1,1,Yes,Yes,3.0,5627.79,No,4 Years,0.02,8.333333333333332,109.17,159.56,5744.28,22019.74,0,2.0
CUST-02636,19,Cairo,4,Two year,DSL,195.0,424.92,3,5,0,Yes,No,4.0,6038.53,No,<= Year,1.25,0.0,65.0,141.64,5099.04,1699.68,0,5.0
CUST-02637,35,Giza,48,Two year,Fiber,102.3,545.12,5,3,0,Yes,Yes,3.0,7195.66,No,4 Years,0.06,0.0,20.46,109.02,6541.4400000000005,26165.760000000002,1,6.0
CUST-02638,57,Delta,44,Two year,Fiber,357.1,758.72,6,1,0,Yes,Yes,3.0,10183.15,No,4 Years,0.02,0.0,59.52,126.45,9104.64,33383.68,1,2.0
CUST-02639,26,Delta,29,One year,4G/5G,249.7,563.34,3,2,0,No,No,3.0,7031.01,No,3 Years,0.07,0.0,83.23,187.78,6760.08,16336.86,1,4.0
CUST-02640,63,Delta,42,Month-to-month,4G/5G,293.8,656.52,6,2,4,No,No,5.0,6320.51,No,4 Years,0.05,33.33333333333333,48.97,109.42,7878.24,27573.84,1,0.0
CUST-02641,30,Giza,64,Two year,DSL,111.1,344.09,3,2,2,No,No,3.0,4496.91,No,6 Years,0.03,16.666666666666664,37.03,114.7,4129.08,22021.76,0,4.0
CUST-02642,44,Alexandria,54,Month-to-month,Fiber,111.4,632.6,6,0,2,Yes,Yes,5.0,5797.25,No,5 Years,0.0,16.666666666666664,18.57,105.43,7591.200000000001,34160.4,1,0.0
CUST-02643,28,Cairo,21,Month-to-month,4G/5G,267.3,472.3,4,3,3,Yes,Yes,4.0,4052.34,Yes,2 Years,0.14,25.0,66.82,118.08,5667.6,9918.300000000001,0,3.0
CUST-02644,42,Giza,26,Month-to-month,4G/5G,322.5,594.04,5,4,1,No,No,3.0,6104.32,No,3 Years,0.15,8.333333333333332,64.5,118.81,7128.48,15445.039999999999,1,8.0
CUST-02645,41,Giza,19,One year,DSL,128.4,624.2,5,5,1,Yes,No,2.0,7461.8,No,2 Years,0.26,8.333333333333332,25.68,124.84,7490.400000000001,11859.800000000001,1,15.0
CUST-02646,18,Cairo,17,One year,4G/5G,220.8,547.75,5,4,0,Yes,No,5.0,6218.16,No,2 Years,0.24,0.0,44.16,109.55,6573.0,9311.75,1,0.0
CUST-02647,48,Cairo,39,Month-to-month,4G/5G,87.1,579.76,6,3,1,Yes,No,3.0,5939.96,No,4 Years,0.08,8.333333333333332,14.52,96.63,6957.12,22610.64,1,6.0
CUST-02648,59,Delta,19,One year,4G/5G,166.9,419.52,3,1,2,Yes,No,4.0,5044.57,No,2 Years,0.05,16.666666666666664,55.63,139.84,5034.24,7970.879999999999,0,1.0
CUST-02649,67,Giza,39,Month-to-month,Fiber,206.9,571.08,5,2,2,Yes,Yes,5.0,6161.31,No,4 Years,0.05,16.666666666666664,41.38,114.22,6852.960000000001,22272.120000000003,1,0.0
CUST-02650,35,Giza,20,Month-to-month,4G/5G,274.0,605.57,5,1,1,Yes,No,4.0,6962.58,Yes,2 Years,0.05,8.333333333333332,54.8,121.11,7266.84,12111.400000000001,1,1.0
CUST-02651,64,Cairo,23,Month-to-month,DSL,40.5,330.48,4,0,0,Yes,Yes,4.0,3786.99,No,2 Years,0.0,0.0,10.12,82.62,3965.76,7601.040000000001,0,0.0
CUST-02652,64,Alexandria,11,Month-to-month,DSL,348.8,398.42,2,4,1,Yes,Yes,5.0,3773.33,No,<= Year,0.36,8.333333333333332,174.4,199.21,4781.04,4382.62,0,0.0
CUST-02653,70,Giza,38,One year,Fiber,214.7,411.91,3,4,1,Yes,Yes,4.0,5390.84,No,4 Years,0.11,8.333333333333332,71.57,137.3,4942.92,15652.580000000002,0,4.0
CUST-02654,37,Giza,4,Month-to-month,Fiber,346.5,566.61,2,1,2,Yes,Yes,2.0,4814.64,Yes,<= Year,0.25,16.666666666666664,173.25,283.3,6799.32,2266.44,1,3.0
CUST-02655,63,Alexandria,49,Month-to-month,4G/5G,292.9,420.59,1,3,1,Yes,Yes,5.0,5481.37,No,5 Years,0.06,8.333333333333332,292.9,420.59,5047.08,20608.91,0,0.0
CUST-02656,47,Cairo,72,Month-to-month,DSL,306.7,569.3,6,2,0,No,Yes,3.0,5376.77,No,6 Years,0.03,0.0,51.12,94.88,6831.599999999999,40989.6,1,4.0
CUST-02657,21,Upper Egypt,23,One year,Fiber,411.8,569.42,5,2,3,Yes,Yes,5.0,6835.43,No,2 Years,0.09,25.0,82.36,113.88,6833.039999999999,13096.66,1,0.0
CUST-02658,32,Cairo,23,Two year,DSL,159.7,472.64,4,1,0,No,No,4.0,6334.38,No,2 Years,0.04,0.0,39.92,118.16,5671.68,10870.72,0,1.0
CUST-02659,53,Giza,5,One year,Fiber,242.2,494.63,3,3,1,Yes,Yes,4.0,5718.24,No,<= Year,0.6,8.333333333333332,80.73,164.88,5935.5599999999995,2473.15,1,3.0
CUST-02660,26,Cairo,15,One year,DSL,140.8,396.93,1,2,1,Yes,Yes,3.0,4477.84,No,2 Years,0.13,8.333333333333332,140.8,396.93,4763.16,5953.95,0,4.0
CUST-02661,41,Alexandria,42,Two year,DSL,220.8,491.0,3,1,1,No,No,2.0,7010.49,No,4 Years,0.02,8.333333333333332,73.6,163.67,5892.0,20622.0,1,3.0
CUST-02662,59,Cairo,46,Month-to-month,DSL,294.8,421.96,2,3,0,Yes,Yes,4.0,4754.45,No,4 Years,0.07,0.0,147.4,210.98,5063.5199999999995,19410.16,0,3.0
CUST-02663,25,Upper Egypt,26,Month-to-month,Fiber,331.5,556.9,4,2,1,Yes,Yes,5.0,5574.04,Yes,3 Years,0.08,8.333333333333332,82.88,139.22,6682.799999999999,14479.4,1,0.0
CUST-02664,44,Giza,40,Month-to-month,Fiber,195.6,464.94,3,1,1,Yes,No,3.0,5471.32,No,4 Years,0.02,8.333333333333332,65.2,154.98,5579.28,18597.6,0,2.0
CUST-02665,29,Alexandria,11,Month-to-month,Fiber,121.6,632.81,6,4,1,Yes,No,3.0,6064.72,No,<= Year,0.36,8.333333333333332,20.27,105.47,7593.719999999999,6960.91,1,8.0
CUST-02666,46,Cairo,30,Month-to-month,DSL,236.6,604.43,6,4,2,No,No,1.0,6018.2,Yes,3 Years,0.13,16.666666666666664,39.43,100.74,7253.16,18132.899999999998,1,16.0
CUST-02667,30,Cairo,57,Month-to-month,4G/5G,153.3,439.33,4,3,2,No,No,3.0,3833.99,No,5 Years,0.05,16.666666666666664,38.33,109.83,5271.96,25041.809999999998,0,6.0
CUST-02668,69,Giza,34,Month-to-month,4G/5G,178.0,522.61,6,0,1,Yes,Yes,2.0,4542.52,No,3 Years,0.0,8.333333333333332,29.67,87.1,6271.32,17768.74,1,0.0
CUST-02669,22,Alexandria,63,Month-to-month,DSL,290.5,491.43,2,2,0,Yes,Yes,4.0,5554.13,No,6 Years,0.03,0.0,145.25,245.72,5897.16,30960.09,1,2.0
CUST-02670,69,Giza,64,Month-to-month,Fiber,273.7,400.87,1,1,1,Yes,Yes,4.0,4430.78,No,6 Years,0.02,8.333333333333332,273.7,400.87,4810.4400000000005,25655.68,0,1.0
CUST-02671,59,Upper Egypt,31,Month-to-month,Fiber,305.1,599.26,4,2,1,Yes,Yes,4.0,6950.11,No,3 Years,0.06,8.333333333333332,76.28,149.82,7191.12,18577.06,1,2.0
CUST-02672,63,Delta,1,Two year,4G/5G,199.7,283.71,1,5,2,Yes,No,5.0,3428.28,No,,5.0,16.666666666666664,199.7,283.71,3404.5199999999995,283.71,0,0.0
CUST-02673,63,Upper Egypt,45,One year,DSL,320.8,692.05,6,4,1,Yes,No,4.0,8555.37,No,4 Years,0.09,8.333333333333332,53.47,115.34,8304.599999999999,31142.249999999996,1,4.0
CUST-02674,27,Cairo,7,Month-to-month,Fiber,231.3,440.1,1,2,0,No,No,4.0,4363.71,Yes,<= Year,0.29,0.0,231.3,440.1,5281.200000000001,3080.7000000000003,0,2.0
CUST-02675,67,Delta,1,Month-to-month,DSL,204.4,576.01,6,4,1,No,No,4.0,5998.14,Yes,,4.0,8.333333333333332,34.07,96.0,6912.12,576.01,1,4.0
CUST-02676,49,Alexandria,3,Month-to-month,DSL,131.1,501.38,5,1,0,Yes,No,3.0,5293.85,Yes,<= Year,0.33,0.0,26.22,100.28,6016.5599999999995,1504.1399999999999,1,2.0
CUST-02677,68,Alexandria,47,Month-to-month,Fiber,41.9,381.6,2,3,1,Yes,Yes,5.0,4094.37,No,4 Years,0.06,8.333333333333332,20.95,190.8,4579.200000000001,17935.2,0,0.0
CUST-02678,64,Upper Egypt,32,Month-to-month,Fiber,89.2,499.31,4,5,3,No,No,3.0,4440.34,No,3 Years,0.16,25.0,22.3,124.83,5991.72,15977.92,1,10.0
CUST-02679,48,Alexandria,26,Month-to-month,DSL,249.4,510.45,4,1,2,Yes,No,4.0,4875.2,No,3 Years,0.04,16.666666666666664,62.35,127.61,6125.4,13271.699999999999,1,1.0
CUST-02680,37,Upper Egypt,34,Two year,Fiber,148.3,592.08,5,0,2,Yes,No,5.0,7258.34,No,3 Years,0.0,16.666666666666664,29.66,118.42,7104.960000000001,20130.72,1,0.0
CUST-02681,24,Delta,3,Two year,Fiber,81.9,426.46,3,2,0,Yes,Yes,2.0,5661.34,No,<= Year,0.67,0.0,27.3,142.15,5117.5199999999995,1279.3799999999999,0,6.0
CUST-02682,23,Cairo,19,One year,4G/5G,192.3,428.79,4,1,3,Yes,Yes,2.0,3527.7,No,2 Years,0.05,25.0,48.08,107.2,5145.4800000000005,8147.01,0,3.0
CUST-02683,38,Delta,13,One year,4G/5G,228.7,460.57,3,6,0,Yes,Yes,2.0,5158.78,No,2 Years,0.46,0.0,76.23,153.52,5526.84,5987.41,0,18.0
CUST-02684,60,Giza,25,One year,Fiber,267.4,437.86,1,3,3,Yes,Yes,5.0,5570.9,No,3 Years,0.12,25.0,267.4,437.86,5254.32,10946.5,0,0.0
CUST-02685,44,Upper Egypt,25,One year,Fiber,227.4,638.38,5,2,0,Yes,No,3.0,7962.02,No,3 Years,0.08,0.0,45.48,127.68,7660.5599999999995,15959.5,1,4.0
CUST-02686,43,Delta,33,Two year,DSL,224.5,432.5,2,5,2,No,No,2.0,4797.17,No,3 Years,0.15,16.666666666666664,112.25,216.25,5190.0,14272.5,0,15.0
CUST-02687,30,Cairo,36,One year,Fiber,181.5,496.99,2,0,1,Yes,No,4.0,6268.34,No,3 Years,0.0,8.333333333333332,90.75,248.5,5963.88,17891.64,1,0.0
CUST-02688,47,Cairo,4,One year,4G/5G,287.1,457.67,2,4,0,No,Yes,1.0,4748.97,No,<= Year,1.0,0.0,143.55,228.84,5492.04,1830.68,0,16.0
CUST-02689,51,Cairo,19,One year,DSL,214.1,476.66,4,4,0,Yes,Yes,2.0,5461.51,No,2 Years,0.21,0.0,53.52,119.16,5719.92,9056.54,0,12.0
CUST-02690,70,Giza,22,One year,Fiber,223.1,618.68,5,2,0,Yes,Yes,5.0,7833.42,Yes,2 Years,0.09,0.0,44.62,123.74,7424.16,13610.96,1,0.0
CUST-02691,56,Cairo,7,Month-to-month,4G/5G,323.4,566.3,5,0,1,No,Yes,2.0,4956.79,No,<= Year,0.0,8.333333333333332,64.68,113.26,6795.599999999999,3964.0999999999995,1,0.0
CUST-02692,50,Delta,6,Month-to-month,Fiber,301.3,618.44,4,1,1,Yes,Yes,3.0,6600.75,Yes,<= Year,0.17,8.333333333333332,75.32,154.61,7421.280000000001,3710.6400000000003,1,2.0
CUST-02693,66,Alexandria,3,Month-to-month,DSL,213.4,483.88,3,3,2,Yes,Yes,4.0,4779.72,No,<= Year,1.0,16.666666666666664,71.13,161.29,5806.5599999999995,1451.6399999999999,0,3.0
CUST-02694,40,Delta,5,Month-to-month,4G/5G,200.6,663.5,6,1,3,Yes,Yes,4.0,6463.62,Yes,<= Year,0.2,25.0,33.43,110.58,7962.0,3317.5,1,1.0
CUST-02695,67,Cairo,40,Month-to-month,Fiber,199.9,511.55,3,6,1,Yes,Yes,3.0,5612.84,No,4 Years,0.15,8.333333333333332,66.63,170.52,6138.6,20462.0,1,12.0
CUST-02696,37,Giza,4,Month-to-month,Fiber,48.1,300.04,1,0,1,Yes,Yes,4.0,3449.06,No,<= Year,0.0,8.333333333333332,48.1,300.04,3600.4800000000005,1200.16,0,0.0
CUST-02697,24,Cairo,5,Month-to-month,4G/5G,328.7,580.34,5,2,2,No,No,5.0,6018.39,Yes,<= Year,0.4,16.666666666666664,65.74,116.07,6964.08,2901.7000000000003,1,0.0
CUST-02698,40,Upper Egypt,24,Two year,Fiber,168.4,625.19,6,2,2,No,No,2.0,7586.41,Yes,2 Years,0.08,16.666666666666664,28.07,104.2,7502.280000000001,15004.560000000001,1,6.0
CUST-02699,24,Cairo,30,Month-to-month,Fiber,306.9,426.47,2,3,2,Yes,No,3.0,3681.83,Yes,3 Years,0.1,16.666666666666664,153.45,213.24,5117.64,12794.1,0,6.0
CUST-02700,24,Cairo,22,Month-to-month,Fiber,233.7,453.93,2,3,0,Yes,Yes,3.0,4471.75,No,2 Years,0.14,0.0,116.85,226.96,5447.16,9986.460000000001,0,6.0
CUST-02701,64,Cairo,9,Month-to-month,Fiber,355.3,386.19,3,1,0,Yes,Yes,4.0,4193.19,Yes,<= Year,0.11,0.0,118.43,128.73,4634.28,3475.71,0,1.0
CUST-02702,60,Delta,6,Month-to-month,DSL,277.7,405.87,3,6,0,Yes,Yes,4.0,3570.47,No,<= Year,1.0,0.0,92.57,135.29,4870.4400000000005,2435.2200000000003,0,6.0
CUST-02703,29,Cairo,23,One year,Fiber,312.1,472.34,2,4,1,Yes,No,3.0,5845.31,No,2 Years,0.17,8.333333333333332,156.05,236.17,5668.08,10863.82,0,8.0
CUST-02704,62,Alexandria,20,One year,Fiber,176.7,499.74,1,0,4,Yes,No,2.0,5665.6,No,2 Years,0.0,33.33333333333333,176.7,499.74,5996.88,9994.8,1,0.0
CUST-02705,21,Delta,16,Month-to-month,Fiber,114.3,393.68,2,1,3,Yes,No,4.0,3543.05,Yes,2 Years,0.06,25.0,57.15,196.84,4724.16,6298.88,0,1.0
CUST-02706,33,Delta,39,Month-to-month,DSL,243.3,369.72,2,0,0,Yes,Yes,4.0,4003.22,No,4 Years,0.0,0.0,121.65,184.86,4436.64,14419.080000000002,0,0.0
CUST-02707,55,Cairo,19,Month-to-month,4G/5G,57.5,285.99,2,2,1,Yes,No,3.0,2941.15,No,2 Years,0.11,8.333333333333332,28.75,143.0,3431.88,5433.81,0,4.0
CUST-02708,34,Cairo,6,One year,DSL,187.9,440.97,2,2,0,Yes,No,3.0,5442.87,No,<= Year,0.33,0.0,93.95,220.48,5291.64,2645.82,0,4.0
CUST-02709,56,Giza,16,Two year,DSL,123.0,496.98,6,4,0,Yes,Yes,3.0,6858.26,No,2 Years,0.25,0.0,20.5,82.83,5963.76,7951.68,1,8.0
CUST-02710,64,Cairo,32,Two year,4G/5G,154.4,480.49,2,2,1,No,Yes,5.0,7748.63,No,3 Years,0.06,8.333333333333332,77.2,240.24,5765.88,15375.68,0,0.0
CUST-02711,21,Delta,18,Month-to-month,Fiber,283.6,582.08,5,2,0,No,Yes,3.0,5854.32,Yes,2 Years,0.11,0.0,56.72,116.42,6984.960000000001,10477.44,1,4.0
CUST-02712,19,Giza,32,One year,Fiber,277.7,617.31,4,4,1,Yes,Yes,5.0,7133.46,No,3 Years,0.12,8.333333333333332,69.42,154.33,7407.719999999999,19753.92,1,0.0
CUST-02713,67,Giza,37,One year,Fiber,215.4,483.74,3,3,1,Yes,Yes,5.0,5083.83,No,4 Years,0.08,8.333333333333332,71.8,161.25,5804.88,17898.38,0,0.0
CUST-02714,45,Cairo,19,Two year,Fiber,258.8,582.41,5,1,2,Yes,No,4.0,6849.94,No,2 Years,0.05,16.666666666666664,51.76,116.48,6988.92,11065.789999999999,1,1.0
CUST-02715,44,Alexandria,22,Month-to-month,4G/5G,181.3,379.44,1,0,4,Yes,Yes,3.0,3160.7,No,2 Years,0.0,33.33333333333333,181.3,379.44,4553.28,8347.68,0,0.0
CUST-02716,42,Cairo,17,Month-to-month,Fiber,228.7,758.46,5,3,0,Yes,No,4.0,7814.43,No,2 Years,0.18,0.0,45.74,151.69,9101.52,12893.82,1,3.0
CUST-02717,40,Alexandria,32,Month-to-month,4G/5G,257.1,452.48,3,2,0,Yes,Yes,3.0,4457.56,No,3 Years,0.06,0.0,85.7,150.83,5429.76,14479.36,0,4.0
CUST-02718,54,Cairo,17,Month-to-month,Fiber,176.9,580.88,5,0,0,Yes,No,5.0,6105.07,Yes,2 Years,0.0,0.0,35.38,116.18,6970.5599999999995,9874.96,1,0.0
CUST-02719,48,Upper Egypt,30,One year,Fiber,308.8,664.64,6,0,2,Yes,Yes,4.0,7437.76,No,3 Years,0.0,16.666666666666664,51.47,110.77,7975.68,19939.2,1,0.0
CUST-02720,26,Delta,26,Month-to-month,Fiber,341.6,657.14,5,5,2,No,No,3.0,6525.76,No,3 Years,0.19,16.666666666666664,68.32,131.43,7885.68,17085.64,1,10.0
CUST-02721,51,Cairo,3,Month-to-month,Fiber,160.3,295.72,1,2,0,Yes,Yes,5.0,3575.48,Yes,<= Year,0.67,0.0,160.3,295.72,3548.6400000000003,887.1600000000001,0,0.0
CUST-02722,53,Cairo,31,Two year,Fiber,102.3,460.75,6,3,0,Yes,Yes,3.0,5964.16,No,3 Years,0.1,0.0,17.05,76.79,5529.0,14283.25,0,6.0
CUST-02723,24,Giza,24,Month-to-month,DSL,120.2,382.8,5,3,0,No,No,4.0,4218.73,Yes,2 Years,0.12,0.0,24.04,76.56,4593.6,9187.2,0,3.0
CUST-02724,37,Cairo,50,Two year,DSL,169.7,272.33,1,4,1,Yes,Yes,4.0,3670.49,No,5 Years,0.08,8.333333333333332,169.7,272.33,3267.96,13616.5,0,4.0
CUST-02725,59,Cairo,7,One year,4G/5G,225.1,336.7,2,9,1,No,No,4.0,3498.64,No,<= Year,1.29,8.333333333333332,112.55,168.35,4040.3999999999996,2356.9,0,9.0
CUST-02726,50,Upper Egypt,26,Two year,4G/5G,83.4,555.22,6,3,1,No,Yes,3.0,7448.26,No,3 Years,0.12,8.333333333333332,13.9,92.54,6662.64,14435.720000000001,1,6.0
CUST-02727,25,Alexandria,15,One year,DSL,192.4,539.91,6,3,1,Yes,Yes,4.0,6570.92,No,2 Years,0.2,8.333333333333332,32.07,89.98,6478.92,8098.65,1,3.0
CUST-02728,20,Cairo,3,Month-to-month,4G/5G,211.3,406.44,3,1,2,Yes,No,3.0,4126.32,Yes,<= Year,0.33,16.666666666666664,70.43,135.48,4877.28,1219.32,0,2.0
CUST-02729,48,Alexandria,2,Month-to-month,Fiber,259.2,632.82,6,2,1,No,Yes,5.0,6663.22,No,<= Year,1.0,8.333333333333332,43.2,105.47,7593.84,1265.64,1,0.0
CUST-02730,42,Cairo,57,Two year,Fiber,285.1,566.52,3,2,2,Yes,No,3.0,7283.2,No,5 Years,0.04,16.666666666666664,95.03,188.84,6798.24,32291.64,1,4.0
CUST-02731,68,Upper Egypt,26,Month-to-month,Fiber,266.1,684.07,6,4,1,Yes,Yes,5.0,6754.11,No,3 Years,0.15,8.333333333333332,44.35,114.01,8208.84,17785.82,1,0.0
CUST-02732,45,Cairo,18,Month-to-month,DSL,391.3,619.76,4,1,1,Yes,No,5.0,6062.8,Yes,2 Years,0.06,8.333333333333332,97.82,154.94,7437.12,11155.68,1,0.0
CUST-02733,67,Delta,5,One year,DSL,328.5,515.5,4,1,2,No,No,4.0,6115.2,No,<= Year,0.2,16.666666666666664,82.12,128.88,6186.0,2577.5,1,1.0
CUST-02734,29,Delta,55,Month-to-month,DSL,250.0,209.94,1,2,1,Yes,Yes,3.0,2317.64,No,5 Years,0.04,8.333333333333332,250.0,209.94,2519.2799999999997,11546.7,0,4.0
CUST-02735,41,Cairo,12,Month-to-month,4G/5G,142.7,526.8,6,4,2,No,Yes,5.0,5247.51,No,<= Year,0.33,16.666666666666664,23.78,87.8,6321.599999999999,6321.599999999999,1,0.0
CUST-02736,25,Cairo,27,Month-to-month,Fiber,169.2,420.63,2,1,0,Yes,No,4.0,4067.81,No,3 Years,0.04,0.0,84.6,210.32,5047.5599999999995,11357.01,0,1.0
CUST-02737,48,Giza,23,Month-to-month,4G/5G,101.4,361.85,2,0,2,Yes,Yes,1.0,2919.48,No,2 Years,0.0,16.666666666666664,50.7,180.92,4342.200000000001,8322.550000000001,0,0.0
CUST-02738,27,Upper Egypt,72,One year,DSL,243.8,390.41,3,1,3,No,No,3.0,4294.95,No,6 Years,0.01,25.0,81.27,130.14,4684.92,28109.52,0,2.0
CUST-02739,44,Alexandria,21,Month-to-month,DSL,259.8,494.97,5,0,1,Yes,No,4.0,5145.36,Yes,2 Years,0.0,8.333333333333332,51.96,98.99,5939.64,10394.37,1,0.0
CUST-02740,36,Alexandria,14,Month-to-month,Fiber,310.4,599.5,5,2,0,Yes,Yes,4.0,5982.02,Yes,2 Years,0.14,0.0,62.08,119.9,7194.0,8393.0,1,2.0
CUST-02741,27,Delta,26,Month-to-month,Fiber,254.1,548.6,4,3,0,No,Yes,4.0,5362.78,Yes,3 Years,0.12,0.0,63.52,137.15,6583.200000000001,14263.6,1,3.0
CUST-02742,23,Delta,28,One year,Fiber,324.9,690.75,6,2,0,Yes,No,5.0,8630.17,No,3 Years,0.07,0.0,54.15,115.12,8289.0,19341.0,1,0.0
CUST-02743,45,Giza,72,Month-to-month,4G/5G,326.7,538.76,5,3,1,Yes,No,4.0,6278.86,No,6 Years,0.04,8.333333333333332,65.34,107.75,6465.12,38790.72,1,3.0
CUST-02744,68,Giza,21,Month-to-month,DSL,137.5,285.78,1,3,0,Yes,Yes,1.0,2637.28,No,2 Years,0.14,0.0,137.5,285.78,3429.3599999999997,6001.379999999999,0,12.0
CUST-02745,28,Delta,7,One year,Fiber,183.4,597.72,5,2,2,No,No,4.0,6409.47,No,<= Year,0.29,16.666666666666664,36.68,119.54,7172.64,4184.04,1,2.0
CUST-02746,39,Cairo,16,Month-to-month,4G/5G,229.0,390.98,2,1,1,Yes,Yes,5.0,4464.84,No,2 Years,0.06,8.333333333333332,114.5,195.49,4691.76,6255.68,0,0.0
CUST-02747,29,Delta,26,One year,DSL,166.5,410.25,4,0,2,Yes,No,4.0,4884.54,No,3 Years,0.0,16.666666666666664,41.62,102.56,4923.0,10666.5,0,0.0
CUST-02748,60,Cairo,30,Month-to-month,4G/5G,208.1,536.01,4,2,0,No,Yes,4.0,5404.58,No,3 Years,0.07,0.0,52.02,134.0,6432.12,16080.3,1,2.0
CUST-02749,39,Cairo,4,Month-to-month,DSL,257.1,500.5,3,1,1,No,Yes,3.0,5302.69,Yes,<= Year,0.25,8.333333333333332,85.7,166.83,6006.0,2002.0,1,2.0
CUST-02750,69,Delta,15,Month-to-month,DSL,218.9,388.54,3,0,0,Yes,Yes,4.0,3913.57,No,2 Years,0.0,0.0,72.97,129.51,4662.4800000000005,5828.1,0,0.0
CUST-02751,30,Giza,69,Two year,DSL,230.0,327.84,2,2,0,Yes,Yes,3.0,4855.16,Yes,6 Years,0.03,0.0,115.0,163.92,3934.08,22620.96,0,4.0
CUST-02752,22,Cairo,10,Month-to-month,DSL,145.2,355.79,2,3,4,No,Yes,4.0,3372.29,No,<= Year,0.3,33.33333333333333,72.6,177.9,4269.4800000000005,3557.9,0,3.0
CUST-02753,48,Cairo,39,Month-to-month,Fiber,275.6,610.34,6,2,0,No,Yes,4.0,7687.79,Yes,4 Years,0.05,0.0,45.93,101.72,7324.08,23803.260000000002,1,2.0
CUST-02754,52,Alexandria,17,Month-to-month,Fiber,269.0,437.01,3,0,1,No,No,4.0,4334.95,No,2 Years,0.0,8.333333333333332,89.67,145.67,5244.12,7429.17,0,0.0
CUST-02755,70,Delta,22,Month-to-month,4G/5G,161.4,390.64,3,0,4,Yes,Yes,4.0,4107.92,No,2 Years,0.0,33.33333333333333,53.8,130.21,4687.68,8594.08,0,0.0
CUST-02756,64,Cairo,5,One year,DSL,113.6,500.19,5,7,1,No,No,4.0,5774.38,No,<= Year,1.4,8.333333333333332,22.72,100.04,6002.28,2500.95,1,7.0
CUST-02757,64,Cairo,18,Two year,DSL,340.7,356.05,2,1,0,No,Yes,5.0,5136.02,No,2 Years,0.06,0.0,170.35,178.02,4272.6,6408.900000000001,0,0.0
CUST-02758,51,Giza,26,Month-to-month,DSL,387.3,421.16,2,5,0,No,No,4.0,4303.83,Yes,3 Years,0.19,0.0,193.65,210.58,5053.92,10950.16,0,5.0
CUST-02759,37,Upper Egypt,21,Month-to-month,DSL,251.1,259.91,2,1,0,No,Yes,5.0,3295.72,No,2 Years,0.05,0.0,125.55,129.96,3118.92,5458.110000000001,0,0.0
CUST-02760,40,Cairo,19,Month-to-month,Fiber,197.4,403.95,1,3,0,Yes,Yes,3.0,4072.95,No,2 Years,0.16,0.0,197.4,403.95,4847.4,7675.05,0,6.0
CUST-02761,25,Upper Egypt,33,Two year,Fiber,228.7,607.41,3,1,0,No,No,3.0,8212.02,No,3 Years,0.03,0.0,76.23,202.47,7288.92,20044.53,1,2.0
CUST-02762,40,Upper Egypt,6,Month-to-month,Fiber,272.3,348.44,1,3,2,Yes,Yes,4.0,3071.23,No,<= Year,0.5,16.666666666666664,272.3,348.44,4181.28,2090.64,0,3.0
CUST-02763,37,Cairo,27,Month-to-month,Fiber,211.0,509.62,3,0,1,Yes,Yes,4.0,4766.55,No,3 Years,0.0,8.333333333333332,70.33,169.87,6115.4400000000005,13759.74,1,0.0
CUST-02764,19,Delta,2,Two year,Fiber,317.1,569.07,4,3,1,Yes,Yes,4.0,6485.0,No,<= Year,1.5,8.333333333333332,79.28,142.27,6828.84,1138.14,1,3.0
CUST-02765,28,Delta,47,Two year,4G/5G,157.1,375.55,2,1,0,Yes,Yes,3.0,5326.47,No,4 Years,0.02,0.0,78.55,187.78,4506.6,17650.850000000002,0,2.0
CUST-02766,46,Giza,19,Month-to-month,Fiber,167.8,400.25,2,0,2,Yes,Yes,4.0,3669.3,No,2 Years,0.0,16.666666666666664,83.9,200.12,4803.0,7604.75,0,0.0
CUST-02767,37,Giza,38,Month-to-month,4G/5G,262.7,503.14,4,2,1,Yes,No,3.0,6027.4,No,4 Years,0.05,8.333333333333332,65.68,125.78,6037.68,19119.32,1,4.0
CUST-02768,70,Delta,1,One year,4G/5G,240.3,465.48,4,2,2,Yes,Yes,4.0,5163.12,No,,2.0,16.666666666666664,60.08,116.37,5585.76,465.48,0,2.0
CUST-02769,43,Delta,34,Two year,Fiber,287.4,564.09,5,3,2,No,Yes,4.0,7890.69,No,3 Years,0.09,16.666666666666664,57.48,112.82,6769.08,19179.06,1,3.0
CUST-02770,68,Delta,11,Month-to-month,DSL,337.4,683.68,6,1,2,Yes,Yes,3.0,7009.19,No,<= Year,0.09,16.666666666666664,56.23,113.95,8204.16,7520.48,1,2.0
CUST-02771,53,Upper Egypt,22,Month-to-month,Fiber,90.3,291.96,2,3,0,Yes,Yes,3.0,2972.02,No,2 Years,0.14,0.0,45.15,145.98,3503.5199999999995,6423.12,0,6.0
CUST-02772,20,Giza,34,Month-to-month,4G/5G,233.5,397.7,2,1,1,Yes,Yes,4.0,3780.98,No,3 Years,0.03,8.333333333333332,116.75,198.85,4772.4,13521.8,0,1.0
CUST-02773,28,Delta,20,Month-to-month,DSL,401.1,533.89,4,2,1,No,Yes,4.0,5256.6,No,2 Years,0.1,8.333333333333332,100.28,133.47,6406.68,10677.8,1,2.0
CUST-02774,55,Upper Egypt,32,Month-to-month,Fiber,176.3,414.42,2,3,1,Yes,Yes,2.0,4609.65,Yes,3 Years,0.09,8.333333333333332,88.15,207.21,4973.04,13261.44,0,9.0
CUST-02775,46,Cairo,17,One year,Fiber,165.7,614.52,5,1,1,Yes,No,4.0,8265.29,No,2 Years,0.06,8.333333333333332,33.14,122.9,7374.24,10446.84,1,1.0
CUST-02776,33,Cairo,50,Month-to-month,4G/5G,28.3,245.37,1,1,1,Yes,Yes,5.0,2290.97,No,5 Years,0.02,8.333333333333332,28.3,245.37,2944.44,12268.5,0,0.0
CUST-02777,45,Giza,19,Month-to-month,Fiber,239.2,531.79,3,1,1,Yes,Yes,4.0,5299.02,No,2 Years,0.05,8.333333333333332,79.73,177.26,6381.48,10104.009999999998,1,1.0
CUST-02778,65,Delta,20,Two year,4G/5G,282.3,746.48,6,2,1,Yes,No,4.0,9364.04,Yes,2 Years,0.1,8.333333333333332,47.05,124.41,8957.76,14929.6,1,2.0
CUST-02779,38,Cairo,20,Month-to-month,Fiber,282.1,613.81,5,1,0,Yes,Yes,3.0,5922.53,Yes,2 Years,0.05,0.0,56.42,122.76,7365.719999999999,12276.199999999999,1,2.0
CUST-02780,20,Delta,22,Month-to-month,DSL,136.7,325.17,4,2,0,Yes,Yes,4.0,4241.72,No,2 Years,0.09,0.0,34.17,81.29,3902.04,7153.740000000001,0,2.0
CUST-02781,34,Cairo,7,Two year,Fiber,229.2,374.26,1,2,0,Yes,No,3.0,4599.48,No,<= Year,0.29,0.0,229.2,374.26,4491.12,2619.8199999999997,0,4.0
CUST-02782,67,Giza,9,Month-to-month,Fiber,249.9,596.74,5,2,2,Yes,No,4.0,5027.11,Yes,<= Year,0.22,16.666666666666664,49.98,119.35,7160.88,5370.66,1,2.0
CUST-02783,58,Alexandria,41,Two year,Fiber,234.7,516.29,3,3,0,No,Yes,4.0,7059.25,No,4 Years,0.07,0.0,78.23,172.1,6195.48,21167.89,1,3.0
CUST-02784,62,Cairo,38,Month-to-month,Fiber,131.5,510.28,6,1,1,No,Yes,3.0,5277.07,No,4 Years,0.03,8.333333333333332,21.92,85.05,6123.36,19390.64,1,2.0
CUST-02785,66,Upper Egypt,36,Month-to-month,4G/5G,237.0,582.89,5,2,1,No,No,2.0,5506.38,Yes,3 Years,0.06,8.333333333333332,47.4,116.58,6994.68,20984.04,1,6.0
CUST-02786,24,Cairo,30,One year,DSL,156.7,531.36,6,2,1,No,Yes,4.0,6057.17,No,3 Years,0.07,8.333333333333332,26.12,88.56,6376.32,15940.800000000001,1,2.0
CUST-02787,32,Upper Egypt,14,Month-to-month,Fiber,61.5,362.53,1,3,3,Yes,No,4.0,3555.45,Yes,2 Years,0.21,25.0,61.5,362.53,4350.36,5075.42,0,3.0
CUST-02788,21,Cairo,13,Month-to-month,DSL,291.3,577.19,6,1,0,Yes,Yes,4.0,5180.0,No,2 Years,0.08,0.0,48.55,96.2,6926.280000000001,7503.470000000001,1,1.0
CUST-02789,18,Upper Egypt,21,Month-to-month,Fiber,242.6,654.93,5,5,3,No,Yes,2.0,6284.93,No,2 Years,0.24,25.0,48.52,130.99,7859.16,13753.529999999999,1,15.0
CUST-02790,62,Alexandria,46,One year,DSL,283.3,299.55,2,3,1,Yes,Yes,3.0,3592.48,No,4 Years,0.07,8.333333333333332,141.65,149.78,3594.6000000000004,13779.300000000001,0,6.0
CUST-02791,67,Cairo,25,Month-to-month,4G/5G,181.9,600.1,6,6,2,Yes,No,3.0,6406.09,Yes,3 Years,0.24,16.666666666666664,30.32,100.02,7201.200000000001,15002.5,1,12.0
CUST-02792,26,Cairo,9,One year,4G/5G,286.4,475.38,4,6,2,No,No,3.0,5590.54,Yes,<= Year,0.67,16.666666666666664,71.6,118.84,5704.5599999999995,4278.42,0,12.0
CUST-02793,56,Cairo,5,One year,4G/5G,228.7,515.51,4,0,0,Yes,No,3.0,6010.9,No,<= Year,0.0,0.0,57.18,128.88,6186.12,2577.55,1,0.0
CUST-02794,46,Alexandria,38,Month-to-month,Fiber,387.9,866.99,6,2,0,Yes,Yes,2.0,8361.67,No,4 Years,0.05,0.0,64.65,144.5,10403.880000000001,32945.62,1,6.0
CUST-02795,21,Delta,56,Month-to-month,Fiber,303.2,523.01,4,1,1,Yes,No,5.0,4605.18,No,5 Years,0.02,8.333333333333332,75.8,130.75,6276.12,29288.559999999998,1,0.0
CUST-02796,66,Giza,4,Month-to-month,4G/5G,264.6,500.07,4,2,0,Yes,No,5.0,5044.78,No,<= Year,0.5,0.0,66.15,125.02,6000.84,2000.28,1,0.0
CUST-02797,64,Giza,39,One year,Fiber,105.8,547.3,6,1,0,Yes,Yes,4.0,6597.11,No,4 Years,0.03,0.0,17.63,91.22,6567.599999999999,21344.699999999997,1,1.0
CUST-02798,48,Alexandria,29,Month-to-month,Fiber,220.4,581.87,5,5,0,Yes,Yes,3.0,5854.46,No,3 Years,0.17,0.0,44.08,116.37,6982.4400000000005,16874.23,1,10.0
CUST-02799,55,Alexandria,11,One year,Fiber,102.0,490.5,4,1,3,Yes,Yes,5.0,5602.17,No,<= Year,0.09,25.0,25.5,122.62,5886.0,5395.5,1,0.0
CUST-02800,39,Delta,25,Month-to-month,4G/5G,156.3,548.99,6,3,0,No,No,5.0,6306.31,No,3 Years,0.12,0.0,26.05,91.5,6587.88,13724.75,1,0.0
CUST-02801,60,Giza,8,Month-to-month,DSL,406.0,735.96,6,3,1,Yes,Yes,3.0,6947.6,Yes,<= Year,0.38,8.333333333333332,67.67,122.66,8831.52,5887.68,1,6.0
CUST-02802,41,Delta,18,One year,4G/5G,137.9,535.95,4,2,2,No,Yes,4.0,5875.72,Yes,2 Years,0.11,16.666666666666664,34.48,133.99,6431.400000000001,9647.1,1,2.0
CUST-02803,70,Upper Egypt,22,Month-to-month,Fiber,19.2,250.21,1,3,0,No,Yes,3.0,1942.83,No,2 Years,0.14,0.0,19.2,250.21,3002.52,5504.62,0,6.0
CUST-02804,21,Giza,49,Month-to-month,Fiber,303.2,675.13,5,2,2,Yes,No,3.0,6403.55,No,5 Years,0.04,16.666666666666664,60.64,135.03,8101.5599999999995,33081.37,1,4.0
CUST-02805,27,Cairo,17,One year,Fiber,169.4,387.98,2,2,1,Yes,Yes,3.0,4130.21,No,2 Years,0.12,8.333333333333332,84.7,193.99,4655.76,6595.66,0,4.0
CUST-02806,69,Cairo,12,One year,4G/5G,299.1,466.05,4,2,0,No,No,4.0,4973.02,No,<= Year,0.17,0.0,74.78,116.51,5592.6,5592.6,0,2.0
CUST-02807,33,Alexandria,28,Month-to-month,Fiber,124.7,412.9,3,6,2,Yes,No,4.0,3984.45,No,3 Years,0.21,16.666666666666664,41.57,137.63,4954.799999999999,11561.199999999999,0,6.0
CUST-02808,34,Giza,32,Month-to-month,4G/5G,191.7,368.76,3,0,0,Yes,Yes,4.0,4443.78,No,3 Years,0.0,0.0,63.9,122.92,4425.12,11800.32,0,0.0
CUST-02809,59,Upper Egypt,12,Month-to-month,DSL,337.6,675.06,6,1,0,Yes,Yes,5.0,7199.36,No,<= Year,0.08,0.0,56.27,112.51,8100.719999999999,8100.719999999999,1,0.0
CUST-02810,28,Alexandria,9,One year,4G/5G,111.0,303.99,2,4,0,No,Yes,3.0,3137.06,No,<= Year,0.44,0.0,55.5,152.0,3647.88,2735.91,0,8.0
CUST-02811,45,Alexandria,9,Month-to-month,4G/5G,214.8,407.46,1,2,1,No,No,5.0,4175.32,Yes,<= Year,0.22,8.333333333333332,214.8,407.46,4889.5199999999995,3667.14,0,0.0
CUST-02812,33,Delta,49,One year,DSL,256.2,490.11,4,0,1,Yes,No,2.0,6023.86,Yes,5 Years,0.0,8.333333333333332,64.05,122.53,5881.32,24015.39,1,0.0
CUST-02813,28,Cairo,31,One year,DSL,165.3,425.61,4,2,2,Yes,No,4.0,5338.94,No,3 Years,0.06,16.666666666666664,41.32,106.4,5107.32,13193.91,0,2.0
CUST-02814,69,Delta,17,Two year,Fiber,251.8,638.06,6,5,0,Yes,Yes,5.0,9169.64,No,2 Years,0.29,0.0,41.97,106.34,7656.719999999999,10847.019999999999,1,0.0
CUST-02815,28,Cairo,44,Month-to-month,4G/5G,231.4,439.33,1,3,0,Yes,Yes,4.0,4125.78,No,4 Years,0.07,0.0,231.4,439.33,5271.96,19330.52,0,3.0
CUST-02816,22,Alexandria,12,Month-to-month,4G/5G,278.1,636.25,6,4,1,Yes,Yes,3.0,5756.66,Yes,<= Year,0.33,8.333333333333332,46.35,106.04,7635.0,7635.0,1,8.0
CUST-02817,53,Upper Egypt,20,Month-to-month,DSL,395.8,617.66,6,1,0,No,Yes,4.0,5903.17,No,2 Years,0.05,0.0,65.97,102.94,7411.92,12353.199999999999,1,1.0
CUST-02818,63,Delta,8,Month-to-month,Fiber,470.8,575.83,2,2,2,Yes,No,5.0,5794.64,No,<= Year,0.25,16.666666666666664,235.4,287.92,6909.960000000001,4606.64,1,0.0
CUST-02819,24,Delta,43,Month-to-month,4G/5G,271.7,610.45,5,1,0,Yes,No,3.0,4943.99,No,4 Years,0.02,0.0,54.34,122.09,7325.400000000001,26249.350000000002,1,2.0
CUST-02820,55,Giza,11,Two year,4G/5G,220.1,559.28,6,0,2,Yes,Yes,4.0,7051.91,No,<= Year,0.0,16.666666666666664,36.68,93.21,6711.36,6152.08,1,0.0
CUST-02821,46,Delta,11,Month-to-month,DSL,269.7,322.77,1,3,1,Yes,No,5.0,2574.03,Yes,<= Year,0.27,8.333333333333332,269.7,322.77,3873.24,3550.47,0,0.0
CUST-02822,61,Alexandria,28,Month-to-month,4G/5G,209.1,234.98,1,3,2,No,Yes,3.0,2378.36,Yes,3 Years,0.11,16.666666666666664,209.1,234.98,2819.7599999999998,6579.44,0,6.0
CUST-02823,24,Alexandria,2,Month-to-month,DSL,87.1,416.27,4,2,0,Yes,Yes,5.0,5237.84,No,<= Year,1.0,0.0,21.78,104.07,4995.24,832.54,0,0.0
CUST-02824,69,Cairo,6,Two year,Fiber,225.8,563.09,4,4,2,Yes,No,5.0,7662.79,No,<= Year,0.67,16.666666666666664,56.45,140.77,6757.08,3378.54,1,0.0
CUST-02825,50,Cairo,35,Month-to-month,Fiber,327.4,719.04,6,1,2,No,No,5.0,6553.42,No,3 Years,0.03,16.666666666666664,54.57,119.84,8628.48,25166.399999999998,1,0.0
CUST-02826,62,Alexandria,9,One year,Fiber,98.2,552.33,6,2,1,Yes,No,5.0,6386.95,No,<= Year,0.22,8.333333333333332,16.37,92.06,6627.960000000001,4970.97,1,0.0
CUST-02827,37,Cairo,72,Two year,DSL,141.4,233.11,1,3,0,No,No,2.0,3028.77,No,6 Years,0.04,0.0,141.4,233.11,2797.32,16783.920000000002,0,9.0
CUST-02828,67,Delta,24,Month-to-month,DSL,177.6,576.1,6,0,1,No,Yes,2.0,6154.89,No,2 Years,0.0,8.333333333333332,29.6,96.02,6913.200000000001,13826.400000000001,1,0.0
CUST-02829,51,Delta,4,One year,Fiber,263.5,738.91,6,3,0,No,No,3.0,7604.1,No,<= Year,0.75,0.0,43.92,123.15,8866.92,2955.64,1,6.0
CUST-02830,24,Upper Egypt,57,Month-to-month,Fiber,443.9,633.76,4,1,0,Yes,No,3.0,6259.31,No,5 Years,0.02,0.0,110.98,158.44,7605.12,36124.32,1,2.0
CUST-02831,66,Cairo,24,Month-to-month,DSL,157.2,359.03,3,1,5,Yes,Yes,4.0,2987.03,Yes,2 Years,0.04,41.66666666666667,52.4,119.68,4308.36,8616.72,0,1.0
CUST-02832,60,Upper Egypt,18,Month-to-month,4G/5G,238.2,563.88,4,1,2,Yes,Yes,4.0,4719.99,Yes,2 Years,0.06,16.666666666666664,59.55,140.97,6766.5599999999995,10149.84,1,1.0
CUST-02833,33,Cairo,24,Month-to-month,4G/5G,230.5,514.7,4,4,2,Yes,No,4.0,5803.91,No,2 Years,0.17,16.666666666666664,57.62,128.68,6176.400000000001,12352.800000000001,1,4.0
CUST-02834,46,Giza,4,One year,Fiber,202.9,491.93,3,1,1,Yes,No,3.0,5004.17,No,<= Year,0.25,8.333333333333332,67.63,163.98,5903.16,1967.72,1,2.0
CUST-02835,38,Delta,21,Two year,4G/5G,225.7,384.64,1,2,0,Yes,Yes,3.0,4607.92,No,2 Years,0.1,0.0,225.7,384.64,4615.68,8077.44,0,4.0
CUST-02836,46,Cairo,10,Month-to-month,Fiber,188.2,581.21,5,2,0,No,Yes,5.0,6608.11,No,<= Year,0.2,0.0,37.64,116.24,6974.52,5812.1,1,0.0
CUST-02837,69,Cairo,20,One year,Fiber,476.9,479.87,2,1,0,Yes,Yes,3.0,5708.13,No,2 Years,0.05,0.0,238.45,239.94,5758.4400000000005,9597.4,0,2.0
CUST-02838,65,Cairo,15,Month-to-month,DSL,297.5,379.54,2,2,1,Yes,Yes,2.0,3608.48,Yes,2 Years,0.13,8.333333333333332,148.75,189.77,4554.4800000000005,5693.1,0,6.0
CUST-02839,29,Giza,23,Month-to-month,Fiber,188.9,537.97,3,1,1,Yes,No,4.0,5088.97,No,2 Years,0.04,8.333333333333332,62.97,179.32,6455.64,12373.310000000001,1,1.0
CUST-02840,69,Delta,17,One year,4G/5G,336.5,486.98,1,3,0,Yes,Yes,4.0,5897.1,No,2 Years,0.18,0.0,336.5,486.98,5843.76,8278.66,1,3.0
CUST-02841,41,Cairo,14,Month-to-month,Fiber,253.1,434.15,3,4,1,Yes,Yes,3.0,4080.51,No,2 Years,0.29,8.333333333333332,84.37,144.72,5209.799999999999,6078.099999999999,0,8.0
CUST-02842,55,Cairo,9,One year,Fiber,235.2,749.43,6,0,0,Yes,Yes,5.0,8568.0,No,<= Year,0.0,0.0,39.2,124.9,8993.16,6744.87,1,0.0
CUST-02843,58,Alexandria,4,Month-to-month,DSL,213.6,501.0,5,3,0,Yes,No,4.0,4398.68,No,<= Year,0.75,0.0,42.72,100.2,6012.0,2004.0,1,3.0
CUST-02844,43,Cairo,3,One year,Fiber,207.5,374.97,1,3,1,No,No,5.0,4562.82,Yes,<= Year,1.0,8.333333333333332,207.5,374.97,4499.64,1124.91,0,0.0
CUST-02845,42,Delta,6,Month-to-month,Fiber,120.2,489.17,2,0,1,Yes,No,4.0,4559.96,No,<= Year,0.0,8.333333333333332,60.1,244.58,5870.04,2935.02,1,0.0
CUST-02846,42,Upper Egypt,33,Month-to-month,Fiber,79.4,467.63,4,4,0,No,Yes,5.0,4730.88,No,3 Years,0.12,0.0,19.85,116.91,5611.5599999999995,15431.789999999999,0,0.0
CUST-02847,63,Delta,8,One year,Fiber,263.4,654.99,6,5,0,Yes,Yes,3.0,7965.11,No,<= Year,0.62,0.0,43.9,109.16,7859.88,5239.92,1,10.0
CUST-02848,38,Upper Egypt,12,Month-to-month,4G/5G,212.7,410.48,3,4,0,Yes,Yes,2.0,3834.5,No,<= Year,0.33,0.0,70.9,136.83,4925.76,4925.76,0,12.0
CUST-02849,32,Giza,12,Month-to-month,Fiber,309.0,689.49,6,5,2,Yes,No,4.0,6584.18,Yes,<= Year,0.42,16.666666666666664,51.5,114.92,8273.880000000001,8273.880000000001,1,5.0
CUST-02850,37,Delta,15,Two year,DSL,149.9,294.11,1,3,1,Yes,No,4.0,4718.68,No,2 Years,0.2,8.333333333333332,149.9,294.11,3529.32,4411.650000000001,0,3.0
CUST-02851,28,Cairo,29,Month-to-month,DSL,131.2,507.06,6,1,4,Yes,Yes,4.0,4983.73,No,3 Years,0.03,33.33333333333333,21.87,84.51,6084.72,14704.74,1,1.0
CUST-02852,38,Cairo,16,Month-to-month,DSL,299.9,413.72,1,0,1,Yes,Yes,3.0,3849.48,No,2 Years,0.0,8.333333333333332,299.9,413.72,4964.64,6619.52,0,0.0
CUST-02853,24,Alexandria,38,Month-to-month,DSL,203.4,476.2,5,3,1,No,No,4.0,4373.48,Yes,4 Years,0.08,8.333333333333332,40.68,95.24,5714.4,18095.6,0,3.0
CUST-02854,22,Cairo,6,One year,DSL,307.0,364.08,1,2,0,Yes,No,2.0,4237.12,No,<= Year,0.33,0.0,307.0,364.08,4368.96,2184.48,0,6.0
CUST-02855,56,Upper Egypt,35,One year,4G/5G,233.0,620.0,6,3,2,Yes,No,3.0,7563.12,No,3 Years,0.09,16.666666666666664,38.83,103.33,7440.0,21700.0,1,6.0
CUST-02856,22,Delta,53,Two year,Fiber,399.0,570.02,2,2,0,Yes,Yes,3.0,7353.25,No,5 Years,0.04,0.0,199.5,285.01,6840.24,30211.059999999998,1,4.0
CUST-02857,48,Upper Egypt,21,Month-to-month,4G/5G,298.0,434.03,3,0,1,Yes,No,4.0,4368.03,No,2 Years,0.0,8.333333333333332,99.33,144.68,5208.36,9114.63,0,0.0
CUST-02858,59,Cairo,8,Month-to-month,Fiber,266.9,592.9,4,5,0,No,Yes,3.0,5552.56,Yes,<= Year,0.62,0.0,66.72,148.22,7114.799999999999,4743.2,1,10.0
CUST-02859,56,Giza,30,Month-to-month,DSL,302.0,467.92,1,3,1,Yes,No,2.0,4406.22,Yes,3 Years,0.1,8.333333333333332,302.0,467.92,5615.04,14037.6,0,9.0
CUST-02860,41,Delta,21,Month-to-month,DSL,228.7,383.78,4,2,0,Yes,Yes,4.0,3362.34,No,2 Years,0.1,0.0,57.18,95.94,4605.36,8059.379999999999,0,2.0
CUST-02861,28,Cairo,26,One year,Fiber,82.1,331.68,2,4,1,No,Yes,4.0,4186.03,No,3 Years,0.15,8.333333333333332,41.05,165.84,3980.16,8623.68,0,4.0
CUST-02862,67,Alexandria,38,Month-to-month,Fiber,262.5,619.36,3,1,0,Yes,Yes,4.0,6344.89,No,4 Years,0.03,0.0,87.5,206.45,7432.32,23535.68,1,1.0
CUST-02863,62,Alexandria,15,One year,Fiber,404.7,496.42,2,3,2,Yes,Yes,3.0,6350.97,No,2 Years,0.2,16.666666666666664,202.35,248.21,5957.04,7446.3,1,6.0
CUST-02864,50,Upper Egypt,13,One year,Fiber,23.9,585.31,6,3,3,Yes,No,4.0,6706.85,No,2 Years,0.23,25.0,3.98,97.55,7023.719999999999,7609.029999999999,1,3.0
CUST-02865,22,Delta,72,One year,DSL,272.2,415.17,3,0,1,No,No,5.0,4993.0,No,6 Years,0.0,8.333333333333332,90.73,138.39,4982.04,29892.24,0,0.0
CUST-02866,19,Cairo,30,Month-to-month,Fiber,91.8,640.88,5,1,1,Yes,No,4.0,6992.69,No,3 Years,0.03,8.333333333333332,18.36,128.18,7690.5599999999995,19226.4,1,1.0
CUST-02867,34,Giza,43,Month-to-month,4G/5G,227.9,252.86,1,2,0,Yes,No,1.0,2796.2,Yes,4 Years,0.05,0.0,227.9,252.86,3034.32,10872.980000000001,0,8.0
CUST-02868,26,Alexandria,37,Two year,4G/5G,237.2,633.15,5,3,1,Yes,Yes,4.0,8362.34,No,4 Years,0.08,8.333333333333332,47.44,126.63,7597.799999999999,23426.55,1,3.0
CUST-02869,63,Cairo,43,One year,Fiber,297.2,436.68,3,4,0,Yes,No,3.0,5344.7,No,4 Years,0.09,0.0,99.07,145.56,5240.16,18777.24,0,8.0
CUST-02870,28,Giza,27,Month-to-month,Fiber,248.9,468.41,4,2,0,Yes,No,1.0,4637.54,Yes,3 Years,0.07,0.0,62.22,117.1,5620.92,12647.070000000002,0,8.0
CUST-02871,32,Cairo,40,One year,Fiber,353.6,644.59,6,2,2,No,No,2.0,7011.67,No,4 Years,0.05,16.666666666666664,58.93,107.43,7735.08,25783.600000000002,1,6.0
CUST-02872,69,Cairo,12,Two year,4G/5G,335.0,595.26,5,1,3,Yes,Yes,4.0,7440.0,No,<= Year,0.08,25.0,67.0,119.05,7143.12,7143.12,1,1.0
CUST-02873,61,Giza,4,Month-to-month,Fiber,212.3,446.39,3,4,0,Yes,Yes,4.0,4387.43,No,<= Year,1.0,0.0,70.77,148.8,5356.68,1785.56,0,4.0
CUST-02874,29,Cairo,10,Two year,Fiber,328.5,432.28,2,3,1,Yes,No,4.0,5793.3,No,<= Year,0.3,8.333333333333332,164.25,216.14,5187.36,4322.799999999999,0,3.0
CUST-02875,38,Alexandria,19,Month-to-month,4G/5G,201.8,555.69,6,1,1,Yes,No,3.0,5906.59,No,2 Years,0.05,8.333333333333332,33.63,92.62,6668.280000000001,10558.11,1,2.0
CUST-02876,45,Cairo,17,Two year,DSL,186.4,295.75,2,7,2,Yes,Yes,5.0,4378.65,No,2 Years,0.41,16.666666666666664,93.2,147.88,3549.0,5027.75,0,0.0
CUST-02877,53,Delta,21,Month-to-month,Fiber,121.6,289.9,1,1,2,Yes,Yes,2.0,2976.51,No,2 Years,0.05,16.666666666666664,121.6,289.9,3478.7999999999997,6087.9,0,3.0
CUST-02878,67,Cairo,11,Month-to-month,4G/5G,348.1,455.19,2,2,0,No,Yes,3.0,3747.93,No,<= Year,0.18,0.0,174.05,227.6,5462.28,5007.09,0,4.0
CUST-02879,64,Upper Egypt,2,Month-to-month,4G/5G,203.0,297.16,1,3,1,Yes,No,3.0,2703.74,No,<= Year,1.5,8.333333333333332,203.0,297.16,3565.92,594.32,0,6.0
CUST-02880,69,Cairo,15,One year,DSL,12.1,298.0,5,1,1,Yes,Yes,2.0,2644.47,No,2 Years,0.07,8.333333333333332,2.42,59.6,3576.0,4470.0,0,3.0
CUST-02881,20,Alexandria,6,Two year,Fiber,278.8,673.89,6,3,0,Yes,No,3.0,9135.05,No,<= Year,0.5,0.0,46.47,112.32,8086.68,4043.34,1,6.0
CUST-02882,30,Giza,20,Month-to-month,DSL,190.9,443.77,3,3,1,Yes,Yes,5.0,4467.51,No,2 Years,0.15,8.333333333333332,63.63,147.92,5325.24,8875.4,0,0.0
CUST-02883,47,Cairo,28,Month-to-month,Fiber,203.1,521.85,4,3,0,Yes,Yes,3.0,5166.28,No,3 Years,0.11,0.0,50.78,130.46,6262.200000000001,14611.800000000001,1,6.0
CUST-02884,20,Giza,15,Month-to-month,DSL,208.9,505.05,6,4,0,Yes,Yes,4.0,4781.72,No,2 Years,0.27,0.0,34.82,84.18,6060.6,7575.75,1,4.0
CUST-02885,36,Delta,7,Month-to-month,Fiber,199.7,686.87,6,0,0,No,Yes,4.0,7320.89,Yes,<= Year,0.0,0.0,33.28,114.48,8242.44,4808.09,1,0.0
CUST-02886,26,Upper Egypt,22,One year,DSL,475.5,325.2,1,1,2,Yes,Yes,3.0,3832.02,No,2 Years,0.05,16.666666666666664,475.5,325.2,3902.3999999999996,7154.4,0,2.0
CUST-02887,67,Cairo,72,Month-to-month,4G/5G,379.6,381.6,1,0,0,Yes,No,2.0,4008.35,No,6 Years,0.0,0.0,379.6,381.6,4579.200000000001,27475.2,0,0.0
CUST-02888,21,Cairo,30,Two year,4G/5G,292.9,475.11,3,1,0,Yes,Yes,4.0,6423.78,No,3 Years,0.03,0.0,97.63,158.37,5701.32,14253.300000000001,0,1.0
CUST-02889,25,Delta,32,Two year,4G/5G,251.7,465.01,2,1,1,Yes,Yes,1.0,6002.24,No,3 Years,0.03,8.333333333333332,125.85,232.5,5580.12,14880.32,0,4.0
CUST-02890,28,Alexandria,14,Month-to-month,Fiber,331.6,452.78,1,3,0,No,No,3.0,4455.45,Yes,2 Years,0.21,0.0,331.6,452.78,5433.36,6338.92,0,6.0
CUST-02891,25,Cairo,10,Month-to-month,Fiber,251.9,403.85,1,4,1,Yes,Yes,4.0,4586.23,No,<= Year,0.4,8.333333333333332,251.9,403.85,4846.200000000001,4038.5,0,4.0
CUST-02892,48,Delta,44,Two year,DSL,303.4,606.49,5,1,1,Yes,Yes,4.0,8540.54,No,4 Years,0.02,8.333333333333332,60.68,121.3,7277.88,26685.56,1,1.0
CUST-02893,37,Giza,1,Two year,Fiber,280.2,392.8,2,2,0,No,No,3.0,5157.48,No,,2.0,0.0,140.1,196.4,4713.6,392.8,0,4.0
CUST-02894,66,Alexandria,11,One year,Fiber,241.6,583.69,3,1,0,Yes,Yes,3.0,6497.1,No,<= Year,0.09,0.0,80.53,194.56,7004.280000000001,6420.59,1,2.0
CUST-02895,31,Giza,61,Month-to-month,4G/5G,314.6,205.98,1,1,1,Yes,Yes,3.0,2488.21,No,6 Years,0.02,8.333333333333332,314.6,205.98,2471.7599999999998,12564.779999999999,0,2.0
CUST-02896,46,Giza,19,Month-to-month,Fiber,192.2,611.56,4,3,1,No,Yes,3.0,5659.43,No,2 Years,0.16,8.333333333333332,48.05,152.89,7338.719999999999,11619.64,1,6.0
CUST-02897,52,Cairo,4,One year,Fiber,235.3,558.13,5,3,3,Yes,Yes,4.0,6945.99,No,<= Year,0.75,25.0,47.06,111.63,6697.5599999999995,2232.52,1,3.0
CUST-02898,51,Delta,28,Month-to-month,DSL,141.9,459.81,4,0,1,Yes,Yes,4.0,5338.86,No,3 Years,0.0,8.333333333333332,35.48,114.95,5517.72,12874.68,0,0.0
CUST-02899,60,Cairo,15,One year,4G/5G,152.2,447.52,2,3,0,Yes,No,3.0,5655.43,No,2 Years,0.2,0.0,76.1,223.76,5370.24,6712.799999999999,0,6.0
CUST-02900,28,Delta,3,One year,DSL,10.0,254.65,1,4,2,Yes,Yes,4.0,2453.53,No,<= Year,1.33,16.666666666666664,10.0,254.65,3055.8,763.95,0,4.0
CUST-02901,44,Delta,25,Month-to-month,Fiber,271.1,528.5,3,2,0,Yes,No,4.0,5150.44,No,3 Years,0.08,0.0,90.37,176.17,6342.0,13212.5,1,2.0
CUST-02902,60,Delta,22,Month-to-month,DSL,295.8,600.07,5,1,3,No,No,2.0,5464.86,Yes,2 Years,0.05,25.0,59.16,120.01,7200.84,13201.54,1,3.0
CUST-02903,63,Cairo,21,Month-to-month,4G/5G,327.7,298.12,1,0,2,Yes,Yes,2.0,2445.64,No,2 Years,0.0,16.666666666666664,327.7,298.12,3577.44,6260.52,0,0.0
CUST-02904,50,Cairo,30,Two year,Fiber,130.8,491.55,5,7,3,No,Yes,4.0,6136.77,No,3 Years,0.23,25.0,26.16,98.31,5898.6,14746.5,1,7.0
CUST-02905,52,Giza,7,Month-to-month,DSL,269.6,612.37,6,2,0,Yes,Yes,2.0,6000.09,No,<= Year,0.29,0.0,44.93,102.06,7348.4400000000005,4286.59,1,6.0
CUST-02906,63,Alexandria,26,Month-to-month,DSL,229.9,461.51,4,3,3,Yes,Yes,3.0,4595.62,No,3 Years,0.12,25.0,57.48,115.38,5538.12,11999.26,0,6.0
CUST-02907,51,Upper Egypt,23,Two year,DSL,296.4,590.42,6,4,1,Yes,No,3.0,8171.71,No,2 Years,0.17,8.333333333333332,49.4,98.4,7085.039999999999,13579.66,1,8.0
CUST-02908,68,Giza,43,One year,Fiber,171.4,483.22,2,0,1,Yes,Yes,2.0,5684.83,No,4 Years,0.0,8.333333333333332,85.7,241.61,5798.64,20778.460000000003,0,0.0
CUST-02909,24,Upper Egypt,11,Month-to-month,4G/5G,199.7,559.23,4,1,0,Yes,Yes,2.0,5283.23,Yes,<= Year,0.09,0.0,49.92,139.81,6710.76,6151.530000000001,1,3.0
CUST-02910,36,Cairo,48,Two year,Fiber,90.2,498.63,5,1,0,Yes,Yes,2.0,6012.18,No,4 Years,0.02,0.0,18.04,99.73,5983.5599999999995,23934.239999999998,1,3.0
CUST-02911,23,Giza,37,Month-to-month,Fiber,165.5,602.21,5,2,0,Yes,No,2.0,6107.01,Yes,4 Years,0.05,0.0,33.1,120.44,7226.52,22281.77,1,6.0
CUST-02912,22,Cairo,19,Two year,Fiber,230.3,516.47,5,2,0,Yes,Yes,4.0,6625.84,No,2 Years,0.11,0.0,46.06,103.29,6197.64,9812.93,1,2.0
CUST-02913,43,Delta,21,Two year,Fiber,245.7,355.99,2,2,2,Yes,Yes,4.0,4543.14,No,2 Years,0.1,16.666666666666664,122.85,178.0,4271.88,7475.79,0,2.0
CUST-02914,29,Cairo,1,Month-to-month,Fiber,78.3,550.64,6,5,1,Yes,Yes,3.0,5013.64,No,,5.0,8.333333333333332,13.05,91.77,6607.68,550.64,1,10.0
CUST-02915,39,Cairo,21,Month-to-month,4G/5G,184.0,541.99,5,2,2,Yes,No,2.0,4865.49,Yes,2 Years,0.1,16.666666666666664,36.8,108.4,6503.88,11381.79,1,6.0
CUST-02916,41,Delta,35,Month-to-month,4G/5G,244.4,311.96,1,1,1,Yes,Yes,5.0,3687.42,Yes,3 Years,0.03,8.333333333333332,244.4,311.96,3743.5199999999995,10918.599999999999,0,0.0
CUST-02917,50,Alexandria,17,One year,Fiber,356.7,620.37,4,2,3,Yes,Yes,4.0,7046.7,No,2 Years,0.12,25.0,89.18,155.09,7444.4400000000005,10546.29,1,2.0
CUST-02918,68,Cairo,43,One year,4G/5G,153.9,587.66,6,1,0,No,No,3.0,7756.23,No,4 Years,0.02,0.0,25.65,97.94,7051.92,25269.379999999997,1,2.0
CUST-02919,63,Cairo,29,Month-to-month,4G/5G,274.1,420.44,1,2,0,Yes,No,5.0,3946.73,No,3 Years,0.07,0.0,274.1,420.44,5045.28,12192.76,0,0.0
CUST-02920,38,Giza,72,Two year,Fiber,179.5,668.2,6,1,0,Yes,Yes,4.0,9551.51,No,6 Years,0.01,0.0,29.92,111.37,8018.400000000001,48110.4,1,1.0
CUST-02921,35,Cairo,12,Month-to-month,DSL,189.9,290.04,2,3,0,Yes,No,4.0,2842.46,No,<= Year,0.25,0.0,94.95,145.02,3480.4800000000005,3480.4800000000005,0,3.0
CUST-02922,58,Cairo,33,One year,4G/5G,151.0,416.92,2,1,0,Yes,Yes,2.0,4972.65,No,3 Years,0.03,0.0,75.5,208.46,5003.04,13758.36,0,3.0
CUST-02923,24,Alexandria,6,One year,4G/5G,136.0,369.28,3,1,1,Yes,No,2.0,4447.59,No,<= Year,0.17,8.333333333333332,45.33,123.09,4431.36,2215.68,0,3.0
CUST-02924,46,Cairo,18,Month-to-month,DSL,187.3,533.79,5,2,1,No,No,2.0,5577.93,No,2 Years,0.11,8.333333333333332,37.46,106.76,6405.48,9608.22,1,6.0
CUST-02925,40,Alexandria,30,Month-to-month,4G/5G,324.3,351.17,1,3,0,Yes,Yes,5.0,4286.28,No,3 Years,0.1,0.0,324.3,351.17,4214.04,10535.1,0,0.0
CUST-02926,27,Giza,34,One year,DSL,162.1,409.4,2,1,2,No,Yes,3.0,5268.71,No,3 Years,0.03,16.666666666666664,81.05,204.7,4912.799999999999,13919.599999999999,0,2.0
CUST-02927,50,Cairo,16,One year,Fiber,148.0,611.47,5,3,2,No,Yes,4.0,6973.55,No,2 Years,0.19,16.666666666666664,29.6,122.29,7337.64,9783.52,1,3.0
CUST-02928,34,Cairo,46,Month-to-month,Fiber,248.8,406.46,2,2,3,No,Yes,4.0,4840.03,No,4 Years,0.04,25.0,124.4,203.23,4877.5199999999995,18697.16,0,2.0
CUST-02929,27,Cairo,53,One year,DSL,230.5,396.35,3,1,1,Yes,Yes,3.0,5122.42,No,5 Years,0.02,8.333333333333332,76.83,132.12,4756.200000000001,21006.550000000003,0,2.0
CUST-02930,52,Cairo,12,Month-to-month,Fiber,223.9,724.88,4,3,2,Yes,No,3.0,5530.58,Yes,<= Year,0.25,16.666666666666664,55.98,181.22,8698.56,8698.56,1,6.0
CUST-02931,27,Cairo,18,Month-to-month,Fiber,252.9,376.73,2,2,0,No,Yes,3.0,3852.84,No,2 Years,0.11,0.0,126.45,188.36,4520.76,6781.14,0,4.0
CUST-02932,53,Upper Egypt,17,Two year,Fiber,139.1,308.28,1,2,2,No,Yes,4.0,3862.58,No,2 Years,0.12,16.666666666666664,139.1,308.28,3699.3599999999997,5240.759999999999,0,2.0
CUST-02933,26,Delta,14,Month-to-month,4G/5G,149.1,439.75,4,2,4,Yes,Yes,4.0,3786.94,Yes,2 Years,0.14,33.33333333333333,37.28,109.94,5277.0,6156.5,0,2.0
CUST-02934,41,Giza,51,One year,DSL,318.8,277.39,1,3,0,Yes,Yes,3.0,3892.27,No,5 Years,0.06,0.0,318.8,277.39,3328.68,14146.89,0,6.0
CUST-02935,60,Alexandria,50,One year,Fiber,216.9,429.45,3,3,0,Yes,Yes,1.0,5294.21,No,5 Years,0.06,0.0,72.3,143.15,5153.4,21472.5,0,12.0
CUST-02936,30,Alexandria,17,Month-to-month,Fiber,283.7,561.82,4,2,1,Yes,No,4.0,5081.3,No,2 Years,0.12,8.333333333333332,70.92,140.46,6741.84,9550.94,1,2.0
CUST-02937,58,Delta,32,Month-to-month,Fiber,340.2,670.47,5,2,2,Yes,Yes,2.0,7053.97,No,3 Years,0.06,16.666666666666664,68.04,134.09,8045.64,21455.04,1,6.0
CUST-02938,56,Cairo,43,Month-to-month,Fiber,306.1,598.7,6,2,1,Yes,Yes,4.0,5442.55,No,4 Years,0.05,8.333333333333332,51.02,99.78,7184.400000000001,25744.100000000002,1,2.0
CUST-02939,65,Cairo,25,Month-to-month,DSL,106.7,507.97,6,1,2,No,Yes,3.0,4292.95,No,3 Years,0.04,16.666666666666664,17.78,84.66,6095.64,12699.25,1,2.0
CUST-02940,26,Cairo,16,One year,Fiber,219.5,334.2,1,2,0,Yes,Yes,4.0,3663.0,No,2 Years,0.12,0.0,219.5,334.2,4010.3999999999996,5347.2,0,2.0
CUST-02941,55,Cairo,11,Month-to-month,4G/5G,323.7,423.62,3,5,1,Yes,Yes,4.0,4422.01,No,<= Year,0.45,8.333333333333332,107.9,141.21,5083.4400000000005,4659.82,0,5.0
CUST-02942,67,Cairo,35,Two year,Fiber,277.0,455.05,1,2,1,No,Yes,4.0,6221.3,No,3 Years,0.06,8.333333333333332,277.0,455.05,5460.6,15926.75,0,2.0
CUST-02943,58,Upper Egypt,6,Month-to-month,Fiber,228.7,566.61,5,0,1,Yes,Yes,3.0,5089.96,No,<= Year,0.0,8.333333333333332,45.74,113.32,6799.32,3399.66,1,0.0
CUST-02944,27,Upper Egypt,17,Month-to-month,4G/5G,82.4,210.98,1,3,1,Yes,Yes,4.0,1993.97,Yes,2 Years,0.18,8.333333333333332,82.4,210.98,2531.7599999999998,3586.66,0,3.0
CUST-02945,61,Cairo,14,Two year,Fiber,174.5,629.72,5,2,6,No,Yes,4.0,7629.11,Yes,2 Years,0.14,50.0,34.9,125.94,7556.64,8816.08,1,2.0
CUST-02946,23,Giza,6,Month-to-month,Fiber,236.2,453.59,1,2,3,Yes,No,5.0,3876.77,Yes,<= Year,0.33,25.0,236.2,453.59,5443.08,2721.54,0,0.0
CUST-02947,49,Giza,19,One year,Fiber,101.7,346.71,1,3,0,No,No,3.0,4587.23,No,2 Years,0.16,0.0,101.7,346.71,4160.5199999999995,6587.49,0,6.0
CUST-02948,44,Giza,18,One year,DSL,301.4,557.8,6,2,2,Yes,Yes,4.0,7188.76,No,2 Years,0.11,16.666666666666664,50.23,92.97,6693.599999999999,10040.4,1,2.0
CUST-02949,46,Alexandria,9,Two year,Fiber,219.4,418.11,2,4,1,Yes,Yes,3.0,5305.09,No,<= Year,0.44,8.333333333333332,109.7,209.06,5017.32,3762.9900000000002,0,8.0
CUST-02950,45,Cairo,49,Month-to-month,4G/5G,228.7,348.67,3,2,3,Yes,Yes,3.0,3586.58,No,5 Years,0.04,25.0,76.23,116.22,4184.04,17084.83,0,4.0
CUST-02951,19,Delta,35,Month-to-month,DSL,179.0,450.31,4,2,4,Yes,Yes,4.0,4340.73,No,3 Years,0.06,33.33333333333333,44.75,112.58,5403.72,15760.85,0,2.0
CUST-02952,44,Upper Egypt,21,Two year,4G/5G,204.2,591.98,5,1,0,Yes,No,5.0,8490.37,No,2 Years,0.05,0.0,40.84,118.4,7103.76,12431.58,1,0.0
CUST-02953,67,Alexandria,38,Month-to-month,DSL,218.3,576.57,6,4,0,Yes,No,4.0,6762.19,No,4 Years,0.11,0.0,36.38,96.1,6918.84,21909.660000000003,1,4.0
CUST-02954,41,Alexandria,45,One year,4G/5G,357.8,500.76,3,1,0,No,Yes,3.0,5934.7,No,4 Years,0.02,0.0,119.27,166.92,6009.12,22534.2,1,2.0
CUST-02955,32,Alexandria,51,One year,DSL,282.1,463.96,4,2,0,Yes,Yes,4.0,5805.16,No,5 Years,0.04,0.0,70.53,115.99,5567.5199999999995,23661.96,0,2.0
CUST-02956,70,Giza,12,One year,Fiber,107.1,647.27,6,0,0,Yes,Yes,4.0,8049.5,No,<= Year,0.0,0.0,17.85,107.88,7767.24,7767.24,1,0.0
CUST-02957,23,Cairo,38,One year,DSL,95.9,276.71,1,1,0,No,Yes,5.0,3848.7,No,4 Years,0.03,0.0,95.9,276.71,3320.5199999999995,10514.98,0,0.0
CUST-02958,43,Alexandria,18,Two year,Fiber,206.0,307.17,3,0,1,Yes,Yes,4.0,3715.39,No,2 Years,0.0,8.333333333333332,68.67,102.39,3686.04,5529.06,0,0.0
CUST-02959,45,Cairo,24,Month-to-month,Fiber,241.4,343.73,2,1,0,No,No,3.0,2745.42,No,2 Years,0.04,0.0,120.7,171.86,4124.76,8249.52,0,2.0
CUST-02960,43,Delta,12,One year,DSL,319.3,598.1,6,0,0,Yes,Yes,5.0,6919.94,No,<= Year,0.0,0.0,53.22,99.68,7177.200000000001,7177.200000000001,1,0.0
CUST-02961,66,Giza,21,One year,Fiber,385.7,659.95,4,3,0,Yes,No,4.0,7998.94,No,2 Years,0.14,0.0,96.42,164.99,7919.400000000001,13858.95,1,3.0
CUST-02962,40,Giza,39,Month-to-month,DSL,390.6,597.59,4,3,3,Yes,No,4.0,5613.25,No,4 Years,0.08,25.0,97.65,149.4,7171.08,23306.010000000002,1,3.0
CUST-02963,69,Giza,59,Two year,Fiber,190.2,464.23,2,2,2,No,Yes,4.0,5716.18,No,5 Years,0.03,16.666666666666664,95.1,232.12,5570.76,27389.57,0,2.0
CUST-02964,21,Upper Egypt,19,Month-to-month,Fiber,314.1,681.07,6,1,0,No,Yes,5.0,6590.92,Yes,2 Years,0.05,0.0,52.35,113.51,8172.84,12940.330000000002,1,0.0
CUST-02965,56,Cairo,9,Month-to-month,Fiber,268.3,477.53,1,1,3,No,Yes,4.0,5340.68,Yes,<= Year,0.11,25.0,268.3,477.53,5730.36,4297.7699999999995,0,1.0
CUST-02966,49,Cairo,65,Two year,Fiber,131.8,415.36,3,7,3,Yes,No,3.0,4923.02,No,6 Years,0.11,25.0,43.93,138.45,4984.32,26998.4,0,14.0
CUST-02967,30,Cairo,11,Two year,Fiber,60.1,519.08,5,4,0,Yes,No,4.0,6693.64,No,<= Year,0.36,0.0,12.02,103.82,6228.960000000001,5709.88,1,4.0
CUST-02968,30,Alexandria,4,Month-to-month,Fiber,243.0,584.18,6,4,1,Yes,No,3.0,5377.84,Yes,<= Year,1.0,8.333333333333332,40.5,97.36,7010.16,2336.72,1,8.0
CUST-02969,56,Upper Egypt,13,One year,DSL,95.4,292.27,2,2,0,Yes,Yes,4.0,4544.32,No,2 Years,0.15,0.0,47.7,146.14,3507.24,3799.5099999999998,0,2.0
CUST-02970,51,Cairo,1,Month-to-month,Fiber,153.4,415.89,3,1,2,Yes,No,4.0,3337.28,No,,1.0,16.666666666666664,51.13,138.63,4990.68,415.89,0,1.0
CUST-02971,50,Upper Egypt,43,Month-to-month,4G/5G,168.4,403.56,1,1,1,Yes,Yes,3.0,3761.18,No,4 Years,0.02,8.333333333333332,168.4,403.56,4842.72,17353.08,0,2.0
CUST-02972,20,Cairo,11,Month-to-month,4G/5G,249.7,588.64,4,4,0,No,No,3.0,5816.01,Yes,<= Year,0.36,0.0,62.42,147.16,7063.68,6475.04,1,8.0
CUST-02973,49,Alexandria,7,Two year,Fiber,345.3,484.68,2,2,0,Yes,No,3.0,6382.11,No,<= Year,0.29,0.0,172.65,242.34,5816.16,3392.76,0,4.0
CUST-02974,70,Cairo,23,Month-to-month,Fiber,231.1,573.52,4,3,1,Yes,No,2.0,6030.61,No,2 Years,0.13,8.333333333333332,57.78,143.38,6882.24,13190.96,1,9.0
CUST-02975,18,Giza,59,Month-to-month,Fiber,181.5,330.74,1,2,1,Yes,Yes,5.0,4131.72,No,5 Years,0.03,8.333333333333332,181.5,330.74,3968.88,19513.66,0,0.0
CUST-02976,42,Alexandria,29,One year,Fiber,43.8,282.14,3,1,2,Yes,Yes,4.0,3113.57,No,3 Years,0.03,16.666666666666664,14.6,94.05,3385.68,8182.0599999999995,0,1.0
CUST-02977,44,Alexandria,6,Month-to-month,DSL,271.3,391.14,3,1,1,Yes,No,3.0,3954.95,No,<= Year,0.17,8.333333333333332,90.43,130.38,4693.68,2346.84,0,2.0
CUST-02978,65,Cairo,72,Month-to-month,DSL,232.6,514.51,4,4,2,Yes,Yes,4.0,5200.79,No,6 Years,0.06,16.666666666666664,58.15,128.63,6174.12,37044.72,1,4.0
CUST-02979,32,Delta,27,Month-to-month,DSL,180.5,367.7,2,3,0,No,Yes,3.0,3593.52,No,3 Years,0.11,0.0,90.25,183.85,4412.4,9927.9,0,6.0
CUST-02980,43,Upper Egypt,40,One year,Fiber,334.9,455.72,2,5,1,Yes,No,3.0,5920.59,No,4 Years,0.12,8.333333333333332,167.45,227.86,5468.64,18228.800000000003,0,10.0
CUST-02981,56,Giza,5,One year,DSL,122.8,527.35,5,1,0,Yes,No,4.0,6390.81,No,<= Year,0.2,0.0,24.56,105.47,6328.200000000001,2636.75,1,1.0
CUST-02982,21,Alexandria,72,One year,Fiber,168.4,608.08,6,2,0,Yes,No,5.0,8319.55,No,6 Years,0.03,0.0,28.07,101.35,7296.960000000001,43781.76,1,0.0
CUST-02983,60,Delta,15,Month-to-month,4G/5G,207.9,326.23,2,1,2,Yes,Yes,4.0,3445.58,Yes,2 Years,0.07,16.666666666666664,103.95,163.12,3914.76,4893.450000000001,0,1.0
CUST-02984,61,Cairo,4,Month-to-month,4G/5G,179.4,473.85,3,2,2,Yes,No,3.0,4895.37,Yes,<= Year,0.5,16.666666666666664,59.8,157.95,5686.200000000001,1895.4,0,4.0
CUST-02985,56,Upper Egypt,25,One year,Fiber,279.6,367.59,1,3,0,Yes,No,3.0,3272.88,No,3 Years,0.12,0.0,279.6,367.59,4411.08,9189.75,0,6.0
CUST-02986,52,Cairo,40,Month-to-month,4G/5G,271.8,414.73,1,2,1,Yes,Yes,4.0,4325.48,No,4 Years,0.05,8.333333333333332,271.8,414.73,4976.76,16589.2,0,2.0
CUST-02987,57,Delta,32,Month-to-month,4G/5G,324.6,378.47,3,5,0,No,Yes,4.0,4200.67,No,3 Years,0.16,0.0,108.2,126.16,4541.64,12111.04,0,5.0
CUST-02988,59,Cairo,32,Month-to-month,DSL,275.2,513.25,5,1,0,Yes,No,5.0,5583.79,No,3 Years,0.03,0.0,55.04,102.65,6159.0,16424.0,1,0.0
CUST-02989,65,Cairo,30,Month-to-month,Fiber,219.6,631.3,5,1,1,Yes,Yes,4.0,6958.74,No,3 Years,0.03,8.333333333333332,43.92,126.26,7575.599999999999,18939.0,1,1.0
CUST-02990,40,Alexandria,23,Month-to-month,4G/5G,199.4,577.94,5,1,4,Yes,Yes,4.0,5707.32,Yes,2 Years,0.04,33.33333333333333,39.88,115.59,6935.280000000001,13292.62,1,1.0
CUST-02991,42,Alexandria,5,Two year,Fiber,271.0,385.81,1,1,1,No,Yes,5.0,4579.05,No,<= Year,0.2,8.333333333333332,271.0,385.81,4629.72,1929.05,0,0.0
CUST-02992,51,Delta,18,Month-to-month,Fiber,212.9,391.69,1,2,2,No,No,2.0,3943.66,No,2 Years,0.11,16.666666666666664,212.9,391.69,4700.28,7050.42,0,6.0
CUST-02993,28,Upper Egypt,16,One year,DSL,234.3,371.72,2,1,3,No,Yes,5.0,4734.96,No,2 Years,0.06,25.0,117.15,185.86,4460.64,5947.52,0,0.0
CUST-02994,63,Cairo,51,Month-to-month,Fiber,275.9,372.93,2,4,1,Yes,Yes,4.0,3676.47,No,5 Years,0.08,8.333333333333332,137.95,186.46,4475.16,19019.43,0,4.0
CUST-02995,58,Cairo,43,One year,Fiber,242.5,532.14,4,4,1,Yes,Yes,5.0,6317.77,No,4 Years,0.09,8.333333333333332,60.62,133.04,6385.68,22882.02,1,0.0
CUST-02996,51,Giza,14,One year,4G/5G,257.8,530.46,4,2,2,Yes,Yes,2.0,6353.49,No,2 Years,0.14,16.666666666666664,64.45,132.62,6365.52,7426.4400000000005,1,6.0
CUST-02997,33,Giza,36,Two year,Fiber,158.8,438.19,2,4,0,Yes,Yes,4.0,5956.22,No,3 Years,0.11,0.0,79.4,219.1,5258.28,15774.84,0,4.0
CUST-02998,36,Giza,20,Month-to-month,DSL,351.5,569.98,5,3,0,Yes,Yes,4.0,6233.85,No,2 Years,0.15,0.0,70.3,114.0,6839.76,11399.6,1,3.0
CUST-02999,41,Delta,4,One year,DSL,130.4,459.19,5,1,0,Yes,Yes,4.0,5590.18,Yes,<= Year,0.25,0.0,26.08,91.84,5510.28,1836.76,0,1.0
CUST-03000,53,Delta,1,Month-to-month,Fiber,269.5,379.02,2,2,1,No,Yes,4.0,2777.75,No,,2.0,8.333333333333332,134.75,189.51,4548.24,379.02,0,2.0
